WARNING 2025-09-15 06:37:25,133 log 121764 140462330476224 Not Found: /
WARNING 2025-09-15 06:37:25,134 basehttp 121764 140462330476224 "GET / HTTP/1.1" 404 2935
WARNING 2025-09-15 06:37:25,979 log 121764 140462330476224 Not Found: /favicon.ico
WARNING 2025-09-15 06:37:25,982 basehttp 121764 140462330476224 "GET /favicon.ico HTTP/1.1" 404 2986
INFO 2025-09-15 06:37:41,313 basehttp 121764 140462330476224 "GET /admin/ HTTP/1.1" 302 0
INFO 2025-09-15 06:37:41,484 basehttp 121764 140462330476224 "GET /admin/login/?next=/admin/ HTTP/1.1" 200 4181
INFO 2025-09-15 06:37:46,684 basehttp 121764 140462330476224 "POST /admin/login/?next=/admin/ HTTP/1.1" 200 4342
INFO 2025-09-15 06:37:52,439 basehttp 121764 140462330476224 "POST /admin/login/?next=/admin/ HTTP/1.1" 200 4345
INFO 2025-09-15 06:38:07,428 basehttp 121764 140462330476224 "GET /admin/login/?next=/admin/ HTTP/1.1" 200 4181
INFO 2025-09-15 06:40:46,866 basehttp 125424 140250933360320 "GET / HTTP/1.1" 302 0
INFO 2025-09-15 06:40:46,952 basehttp 125424 140250933360320 "GET /api/login-page/ HTTP/1.1" 200 7880
WARNING 2025-09-15 06:40:47,415 basehttp 125424 140250933360320 "GET /static/css/login-styles.css HTTP/1.1" 404 1920
WARNING 2025-09-15 06:40:47,501 basehttp 125424 140250924967616 "GET /static/js/login.js HTTP/1.1" 404 1893
INFO 2025-09-15 06:42:15,489 basehttp 127298 140211769046720 "GET / HTTP/1.1" 302 0
INFO 2025-09-15 06:42:15,757 basehttp 127298 140211690403520 "GET /api/login-page/ HTTP/1.1" 200 7880
WARNING 2025-09-15 06:42:16,159 basehttp 127298 140211690403520 "GET /static/css/login-styles.css HTTP/1.1" 404 1920
WARNING 2025-09-15 06:42:16,160 basehttp 127298 140211769046720 "GET /static/js/login.js HTTP/1.1" 404 1893
INFO 2025-09-15 06:45:16,575 basehttp 130614 139657159374528 "GET / HTTP/1.1" 302 0
INFO 2025-09-15 06:45:16,925 basehttp 130614 139657159374528 "GET /api/login-page/ HTTP/1.1" 200 7890
INFO 2025-09-15 06:45:17,321 basehttp 130614 139657159374528 "GET /static/core/css/login-styles.css HTTP/1.1" 200 19008
INFO 2025-09-15 06:45:17,341 basehttp 130614 139657159374528 "GET /static/core/js/login.js HTTP/1.1" 200 20504
WARNING 2025-09-15 06:45:31,087 log 130614 139657159374528 Unauthorized: /api/token/
WARNING 2025-09-15 06:45:31,091 basehttp 130614 139657159374528 "POST /api/token/ HTTP/1.1" 401 63
WARNING 2025-09-15 06:45:55,680 log 130614 139657159374528 Unauthorized: /api/token/
WARNING 2025-09-15 06:45:55,681 basehttp 130614 139657159374528 "POST /api/token/ HTTP/1.1" 401 63
INFO 2025-09-15 06:46:50,347 basehttp 131931 139824481695424 "GET / HTTP/1.1" 302 0
INFO 2025-09-15 06:46:50,436 basehttp 131931 139824481695424 "GET /api/login-page/ HTTP/1.1" 200 7890
INFO 2025-09-15 06:46:50,678 basehttp 131931 139824481695424 "GET /static/core/css/login-styles.css HTTP/1.1" 304 0
INFO 2025-09-15 06:46:50,684 basehttp 131931 139824473302720 "GET /static/core/js/login.js HTTP/1.1" 304 0
WARNING 2025-09-15 06:47:37,711 log 131931 139824481695424 Unauthorized: /api/token/
WARNING 2025-09-15 06:47:37,712 basehttp 131931 139824481695424 "POST /api/token/ HTTP/1.1" 401 63
WARNING 2025-09-15 06:48:25,262 log 131931 139824481695424 Unauthorized: /api/token/
WARNING 2025-09-15 06:48:25,262 basehttp 131931 139824481695424 "POST /api/token/ HTTP/1.1" 401 63
INFO 2025-09-15 06:51:11,034 basehttp 135638 139977370367680 "GET / HTTP/1.1" 302 0
INFO 2025-09-15 06:51:11,102 basehttp 135638 139977370367680 "GET /api/login-page/ HTTP/1.1" 200 7890
INFO 2025-09-15 06:51:11,290 basehttp 135638 139977370367680 "GET /static/core/css/login-styles.css HTTP/1.1" 304 0
INFO 2025-09-15 06:51:11,304 basehttp 135638 139977370367680 "GET /static/core/js/login.js HTTP/1.1" 304 0
WARNING 2025-09-15 06:51:18,267 log 135638 139977370367680 Unauthorized: /api/token/
WARNING 2025-09-15 06:51:18,267 basehttp 135638 139977370367680 "POST /api/token/ HTTP/1.1" 401 63
INFO 2025-09-15 06:51:35,277 basehttp 135638 139977370367680 "GET /api/admin-dashboard/ HTTP/1.1" 302 0
WARNING 2025-09-15 06:51:35,307 log 135638 139977370367680 Not Found: /accounts/login/
WARNING 2025-09-15 06:51:35,309 basehttp 135638 139977370367680 "GET /accounts/login/?next=/api/admin-dashboard/ HTTP/1.1" 404 3138
INFO 2025-09-15 06:51:49,096 basehttp 135638 139977370367680 "GET /admin/ HTTP/1.1" 302 0
INFO 2025-09-15 06:51:49,150 basehttp 135638 139977370367680 "GET /admin/login/?next=/admin/ HTTP/1.1" 200 4181
INFO 2025-09-15 06:51:53,037 basehttp 135638 139977370367680 "POST /admin/login/?next=/admin/ HTTP/1.1" 200 4345
INFO 2025-09-15 06:52:07,672 basehttp 135638 139977370367680 "POST /admin/login/?next=/admin/ HTTP/1.1" 200 4342
INFO 2025-09-15 06:52:46,939 basehttp 135638 139977370367680 "POST /admin/login/?next=/admin/ HTTP/1.1" 200 4339
INFO 2025-09-15 06:53:21,551 basehttp 135638 139977370367680 "POST /admin/login/?next=/admin/ HTTP/1.1" 302 0
INFO 2025-09-15 06:53:21,624 basehttp 135638 139977370367680 "GET /admin/ HTTP/1.1" 200 7991
INFO 2025-09-15 06:53:21,816 basehttp 135638 139977370367680 "GET /static/admin/img/icon-addlink.svg HTTP/1.1" 200 331
INFO 2025-09-15 06:53:21,822 basehttp 135638 139977361974976 "GET /static/admin/img/icon-changelink.svg HTTP/1.1" 200 380
INFO 2025-09-15 06:53:21,823 basehttp 135638 139977279141568 "GET /static/admin/img/icon-viewlink.svg HTTP/1.1" 200 581
INFO 2025-09-15 06:53:34,851 basehttp 135638 139977279141568 "GET /admin/core/passwordresetrequest/ HTTP/1.1" 200 10888
INFO 2025-09-15 06:53:34,972 basehttp 135638 139977279141568 "GET /static/admin/img/search.svg HTTP/1.1" 200 458
INFO 2025-09-15 06:53:34,999 basehttp 135638 139977361974976 "GET /admin/jsi18n/ HTTP/1.1" 200 3343
INFO 2025-09-15 06:53:35,003 basehttp 135638 139977279141568 "GET /static/admin/js/filters.js HTTP/1.1" 200 978
INFO 2025-09-15 06:53:35,127 basehttp 135638 139977361974976 "GET /static/admin/img/tooltag-add.svg HTTP/1.1" 200 331
INFO 2025-09-15 06:53:37,347 basehttp 135638 139977361974976 "GET /admin/core/usersession/ HTTP/1.1" 200 10230
INFO 2025-09-15 06:53:37,458 basehttp 135638 139977361974976 "GET /admin/jsi18n/ HTTP/1.1" 200 3343
INFO 2025-09-15 06:53:41,442 basehttp 135638 139977361974976 "GET /admin/core/usersession/add/ HTTP/1.1" 200 14921
INFO 2025-09-15 06:53:41,543 basehttp 135638 139977361974976 "GET /admin/jsi18n/ HTTP/1.1" 200 3343
INFO 2025-09-15 06:53:41,560 basehttp 135638 139977279141568 "GET /static/admin/js/calendar.js HTTP/1.1" 200 8466
INFO 2025-09-15 06:53:41,728 basehttp 135638 139977370367680 "GET /static/admin/img/icon-calendar.svg HTTP/1.1" 200 1086
INFO 2025-09-15 06:53:41,737 basehttp 135638 139977370367680 "GET /static/admin/img/icon-clock.svg HTTP/1.1" 200 677
INFO 2025-09-15 06:53:50,045 basehttp 135638 139977370367680 "GET /admin/core/user/add/?_to_field=id&_popup=1 HTTP/1.1" 200 9717
INFO 2025-09-15 06:53:50,147 basehttp 135638 139977370367680 "GET /admin/jsi18n/ HTTP/1.1" 200 3343
INFO 2025-09-15 06:55:08,149 basehttp 135638 139977370367680 "POST /admin/core/user/add/?_to_field=id&_popup=1 HTTP/1.1" 200 328
INFO 2025-09-15 06:55:08,234 basehttp 135638 139977370367680 "GET /static/admin/js/popup_response.js HTTP/1.1" 200 551
INFO 2025-09-15 06:55:18,095 basehttp 135638 139977370367680 "GET /admin/core/usersession/ HTTP/1.1" 200 10230
INFO 2025-09-15 06:55:18,225 basehttp 135638 139977370367680 "GET /admin/jsi18n/ HTTP/1.1" 200 3343
INFO 2025-09-15 06:55:23,085 basehttp 135638 139977370367680 "GET /admin/core/user/ HTTP/1.1" 200 15562
INFO 2025-09-15 06:55:23,205 basehttp 135638 139977370367680 "GET /admin/jsi18n/ HTTP/1.1" 200 3343
INFO 2025-09-15 06:55:23,211 basehttp 135638 139977370367680 "GET /static/admin/img/icon-no.svg HTTP/1.1" 200 560
INFO 2025-09-15 06:55:23,354 basehttp 135638 139977370367680 "GET /static/admin/img/sorting-icons.svg HTTP/1.1" 200 1097
INFO 2025-09-15 06:55:47,608 basehttp 135638 139977370367680 "GET /admin/core/auditlog/ HTTP/1.1" 200 17415
INFO 2025-09-15 06:55:47,719 basehttp 135638 139977370367680 "GET /admin/jsi18n/ HTTP/1.1" 200 3343
INFO 2025-09-15 06:55:50,410 basehttp 135638 139977370367680 "GET /admin/core/notification/ HTTP/1.1" 200 11539
INFO 2025-09-15 06:55:50,507 basehttp 135638 139977370367680 "GET /admin/jsi18n/ HTTP/1.1" 200 3343
INFO 2025-09-15 06:55:51,543 basehttp 135638 139977370367680 "GET /admin/core/passwordresetrequest/ HTTP/1.1" 200 10888
INFO 2025-09-15 06:55:51,642 basehttp 135638 139977370367680 "GET /admin/jsi18n/ HTTP/1.1" 200 3343
INFO 2025-09-15 06:55:52,626 basehttp 135638 139977370367680 "GET /admin/core/systemconfiguration/ HTTP/1.1" 200 10731
INFO 2025-09-15 06:55:52,741 basehttp 135638 139977370367680 "GET /admin/jsi18n/ HTTP/1.1" 200 3343
INFO 2025-09-15 06:55:55,396 basehttp 135638 139977370367680 "GET /admin/core/usersession/ HTTP/1.1" 200 10230
INFO 2025-09-15 06:55:55,495 basehttp 135638 139977370367680 "GET /admin/jsi18n/ HTTP/1.1" 200 3343
INFO 2025-09-15 06:55:57,859 basehttp 135638 139977370367680 "GET /admin/core/user/ HTTP/1.1" 200 15562
INFO 2025-09-15 06:55:57,975 basehttp 135638 139977370367680 "GET /admin/jsi18n/ HTTP/1.1" 200 3343
WARNING 2025-09-15 06:56:22,822 log 135638 139977370367680 Unauthorized: /api/token/
WARNING 2025-09-15 06:56:22,823 basehttp 135638 139977370367680 "POST /api/token/ HTTP/1.1" 401 63
WARNING 2025-09-15 06:56:39,561 log 135638 139977370367680 Unauthorized: /api/token/
WARNING 2025-09-15 06:56:39,562 basehttp 135638 139977370367680 "POST /api/token/ HTTP/1.1" 401 63
INFO 2025-09-15 06:56:49,755 basehttp 135638 139977370367680 "GET /admin/core/notification/ HTTP/1.1" 200 11539
INFO 2025-09-15 06:56:49,870 basehttp 135638 139977370367680 "GET /admin/jsi18n/ HTTP/1.1" 200 3343
INFO 2025-09-15 06:56:51,875 basehttp 135638 139977370367680 "GET /admin/core/auditlog/ HTTP/1.1" 200 21868
INFO 2025-09-15 06:56:51,980 basehttp 135638 139977370367680 "GET /admin/jsi18n/ HTTP/1.1" 200 3343
INFO 2025-09-15 06:56:55,342 basehttp 135638 139977370367680 "GET /admin/core/systemconfiguration/ HTTP/1.1" 200 10731
INFO 2025-09-15 06:56:55,452 basehttp 135638 139977370367680 "GET /admin/jsi18n/ HTTP/1.1" 200 3343
INFO 2025-09-15 06:56:56,888 basehttp 135638 139977370367680 "GET /admin/core/usersession/ HTTP/1.1" 200 10230
INFO 2025-09-15 06:56:56,990 basehttp 135638 139977370367680 "GET /admin/jsi18n/ HTTP/1.1" 200 3343
INFO 2025-09-15 06:56:59,174 basehttp 135638 139977370367680 "GET /admin/core/user/ HTTP/1.1" 200 15562
INFO 2025-09-15 06:56:59,265 basehttp 135638 139977370367680 "GET /admin/jsi18n/ HTTP/1.1" 200 3343
INFO 2025-09-15 06:57:16,053 basehttp 135638 139977370367680 "GET / HTTP/1.1" 302 0
INFO 2025-09-15 06:57:16,095 basehttp 135638 139977370367680 "GET /api/login-page/ HTTP/1.1" 200 7890
INFO 2025-09-15 06:57:16,405 basehttp 135638 139977370367680 "GET /static/core/css/login-styles.css HTTP/1.1" 304 0
INFO 2025-09-15 06:57:16,425 basehttp 135638 139977370367680 "GET /static/core/js/login.js HTTP/1.1" 304 0
INFO 2025-09-15 07:05:29,018 basehttp 156653 139893435004608 "GET / HTTP/1.1" 302 0
INFO 2025-09-15 07:05:29,135 basehttp 156653 139893435004608 "GET /api/login-page/ HTTP/1.1" 200 7890
INFO 2025-09-15 07:05:29,504 basehttp 156653 139893435004608 "GET /static/core/css/login-styles.css HTTP/1.1" 304 0
INFO 2025-09-15 07:05:29,531 basehttp 156653 139893425563328 "GET /static/core/js/login.js HTTP/1.1" 304 0
INFO 2025-09-15 07:06:10,035 basehttp 156653 139893435004608 "POST /api/token/ HTTP/1.1" 200 489
INFO 2025-09-15 07:06:10,116 basehttp 156653 139893425563328 "GET /api/profile/ HTTP/1.1" 200 465
INFO 2025-09-15 07:06:41,908 basehttp 156653 139893435004608 "POST /api/token/ HTTP/1.1" 200 489
INFO 2025-09-15 07:06:41,973 basehttp 156653 139893425563328 "GET /api/profile/ HTTP/1.1" 200 456
INFO 2025-09-15 07:11:34,520 basehttp 161852 139796026488512 "GET / HTTP/1.1" 302 0
INFO 2025-09-15 07:11:34,554 basehttp 161852 139796026488512 "GET /api/login-page/ HTTP/1.1" 200 7890
INFO 2025-09-15 07:11:34,787 basehttp 161852 139796026488512 "GET /static/core/css/login-styles.css HTTP/1.1" 304 0
INFO 2025-09-15 07:11:34,801 basehttp 161852 139796026488512 "GET /static/core/js/login.js HTTP/1.1" 304 0
INFO 2025-09-15 07:11:49,436 basehttp 161852 139796026488512 "POST /api/token/ HTTP/1.1" 200 489
INFO 2025-09-15 07:11:49,473 basehttp 161852 139796026488512 "GET /api/profile/ HTTP/1.1" 200 456
INFO 2025-09-15 07:14:21,399 basehttp 167416 139994004977344 "GET / HTTP/1.1" 302 0
INFO 2025-09-15 07:14:21,441 basehttp 167416 139994004977344 "GET /api/login-page/ HTTP/1.1" 200 7890
INFO 2025-09-15 07:14:30,423 basehttp 167416 139994004977344 "GET /api/login-page/ HTTP/1.1" 200 7890
INFO 2025-09-15 07:14:30,591 basehttp 167416 139994004977344 "GET /static/core/css/login-styles.css HTTP/1.1" 304 0
INFO 2025-09-15 07:14:30,594 basehttp 167416 139993922139840 "GET /static/core/js/login.js HTTP/1.1" 304 0
INFO 2025-09-15 07:30:59,034 basehttp 178523 140547127584448 "GET / HTTP/1.1" 302 0
INFO 2025-09-15 07:30:59,131 basehttp 178523 140547127584448 "GET /api/login-page/ HTTP/1.1" 200 7890
INFO 2025-09-15 07:30:59,272 basehttp 178523 140547127584448 "GET /static/core/css/login-styles.css HTTP/1.1" 304 0
INFO 2025-09-15 07:30:59,290 basehttp 178523 140547127584448 "GET /static/core/js/login.js HTTP/1.1" 304 0
INFO 2025-09-15 07:33:37,541 basehttp 178523 140547119191744 "POST /api/token/ HTTP/1.1" 200 489
INFO 2025-09-15 07:33:37,565 basehttp 178523 140547119191744 "GET /api/profile/ HTTP/1.1" 200 478
INFO 2025-09-15 07:37:20,167 basehttp 183906 140492385810112 "GET / HTTP/1.1" 302 0
INFO 2025-09-15 07:37:20,291 basehttp 183906 140492385810112 "GET /api/login-page/ HTTP/1.1" 200 7890
INFO 2025-09-15 07:37:20,843 basehttp 183906 140492385810112 "GET /static/core/css/login-styles.css HTTP/1.1" 304 0
INFO 2025-09-15 07:37:20,873 basehttp 183906 140492385810112 "GET /static/core/js/login.js HTTP/1.1" 304 0
INFO 2025-09-15 07:37:40,688 basehttp 183906 140492385810112 "POST /api/token/ HTTP/1.1" 200 489
INFO 2025-09-15 07:37:40,755 basehttp 183906 140492385810112 "GET /api/profile/ HTTP/1.1" 200 478
INFO 2025-09-15 07:40:20,055 basehttp 187956 140688661411520 "GET / HTTP/1.1" 302 0
INFO 2025-09-15 07:40:20,132 basehttp 187956 140688661411520 "GET /api/login-page/ HTTP/1.1" 200 7890
WARNING 2025-09-15 07:40:49,152 basehttp 187956 140688653018816 "HEAD /static/core/js/login.j HTTP/1.1" 404 0
INFO 2025-09-15 07:41:22,597 basehttp 187956 140688661411520 "POST /api/token/ HTTP/1.1" 200 489
INFO 2025-09-15 07:41:22,713 basehttp 187956 140688661411520 "GET /api/profile/ HTTP/1.1" 200 478
INFO 2025-09-15 07:44:14,942 basehttp 191615 139877103433408 "GET / HTTP/1.1" 302 0
INFO 2025-09-15 07:44:14,983 basehttp 191615 139877103433408 "GET /api/login-page/ HTTP/1.1" 200 7890
INFO 2025-09-15 07:44:15,221 basehttp 191615 139877018498752 "GET /static/core/css/login-styles.css HTTP/1.1" 304 0
INFO 2025-09-15 07:44:15,222 basehttp 191615 139877103433408 "GET /static/core/js/login.js HTTP/1.1" 304 0
INFO 2025-09-15 07:44:18,046 basehttp 191615 139877010106048 "GET /api/login-page/ HTTP/1.1" 200 7890
INFO 2025-09-15 07:44:18,171 basehttp 191615 139877010106048 "GET /static/core/css/login-styles.css HTTP/1.1" 200 19008
INFO 2025-09-15 07:44:18,190 basehttp 191615 139877103433408 "GET /static/core/js/login.js HTTP/1.1" 200 20504
INFO 2025-09-15 07:44:19,196 basehttp 191615 139877018498752 "GET /api/login-page/ HTTP/1.1" 200 7890
INFO 2025-09-15 07:44:19,349 basehttp 191615 139877018498752 "GET /static/core/css/login-styles.css HTTP/1.1" 200 19008
INFO 2025-09-15 07:44:19,363 basehttp 191615 139877018498752 "GET /static/core/js/login.js HTTP/1.1" 200 20504
WARNING 2025-09-15 07:44:20,400 log 191615 139877018498752 Not Found: /favicon.ico
WARNING 2025-09-15 07:44:20,402 basehttp 191615 139877018498752 "GET /favicon.ico HTTP/1.1" 404 3099
INFO 2025-09-15 07:44:45,624 basehttp 191615 139877018498752 "POST /api/token/ HTTP/1.1" 200 489
INFO 2025-09-15 07:44:45,693 basehttp 191615 139877018498752 "GET /api/profile/ HTTP/1.1" 200 478
INFO 2025-09-15 07:46:18,555 basehttp 191615 139877018498752 "POST /api/token/ HTTP/1.1" 200 489
INFO 2025-09-15 07:52:28,400 basehttp 198086 139960150652608 "POST /api/token/ HTTP/1.1" 200 489
INFO 2025-09-15 07:52:28,524 basehttp 198086 139960142259904 "GET /api/profile/ HTTP/1.1" 200 478
INFO 2025-09-15 07:52:29,619 basehttp 198086 139960142259904 "GET /api/profile/ HTTP/1.1" 200 485
INFO 2025-09-15 07:54:05,846 basehttp 199834 140475098986176 "GET /api/login-page/ HTTP/1.1" 200 7890
INFO 2025-09-15 07:54:06,186 basehttp 199834 140475098986176 "GET /static/core/css/login-styles.css HTTP/1.1" 304 0
INFO 2025-09-15 07:54:06,189 basehttp 199834 140475090593472 "GET /static/core/js/login.js HTTP/1.1" 304 0
INFO 2025-09-15 07:54:07,359 basehttp 199834 140475082200768 "GET /api/login-page/ HTTP/1.1" 200 7890
INFO 2025-09-15 07:54:07,628 basehttp 199834 140475090593472 "GET /static/core/js/login.js HTTP/1.1" 200 20504
INFO 2025-09-15 07:54:07,629 basehttp 199834 140475082200768 "GET /static/core/css/login-styles.css HTTP/1.1" 200 19008
WARNING 2025-09-15 07:54:08,679 log 199834 140475090593472 Not Found: /favicon.ico
WARNING 2025-09-15 07:54:08,681 basehttp 199834 140475090593472 "GET /favicon.ico HTTP/1.1" 404 3099
INFO 2025-09-15 07:54:28,264 basehttp 199834 140475090593472 "POST /api/token/ HTTP/1.1" 200 489
INFO 2025-09-15 07:54:28,370 basehttp 199834 140475090593472 "GET /api/profile/ HTTP/1.1" 200 478
INFO 2025-09-15 07:54:35,994 basehttp 199834 140475090593472 "GET /api/profile/ HTTP/1.1" 200 485
INFO 2025-09-15 07:54:57,364 basehttp 199834 140475090593472 "POST /api/token/ HTTP/1.1" 200 489
INFO 2025-09-15 07:54:57,414 basehttp 199834 140475090593472 "GET /api/profile/ HTTP/1.1" 200 478
INFO 2025-09-15 07:54:58,166 basehttp 199834 140475090593472 "GET /api/profile/ HTTP/1.1" 200 485
INFO 2025-09-15 07:57:19,353 basehttp 202346 139646258378432 "GET / HTTP/1.1" 302 0
INFO 2025-09-15 07:57:19,405 basehttp 202346 139646258378432 "GET /api/login-page/ HTTP/1.1" 200 7890
INFO 2025-09-15 07:57:48,288 basehttp 202346 139646258378432 "POST /api/token/ HTTP/1.1" 200 489
INFO 2025-09-15 07:57:48,339 basehttp 202346 139646258378432 "GET /api/profile/ HTTP/1.1" 200 485
WARNING 2025-09-15 07:58:25,745 log 202346 139646258378432 Unauthorized: /api/token/
WARNING 2025-09-15 07:58:25,746 basehttp 202346 139646258378432 "POST /api/token/ HTTP/1.1" 401 63
INFO 2025-09-15 07:59:29,698 basehttp 202346 139646258378432 "GET /api/login-page/ HTTP/1.1" 200 7890
INFO 2025-09-15 07:59:30,015 basehttp 202346 139646258378432 "GET /static/core/css/login-styles.css HTTP/1.1" 200 19008
INFO 2025-09-15 07:59:30,018 basehttp 202346 139646258378432 "GET /static/core/js/login.js HTTP/1.1" 200 20504
WARNING 2025-09-15 07:59:31,137 log 202346 139646258378432 Not Found: /favicon.ico
WARNING 2025-09-15 07:59:31,138 basehttp 202346 139646258378432 "GET /favicon.ico HTTP/1.1" 404 3099
INFO 2025-09-15 08:00:33,203 basehttp 202346 139646258378432 "POST /api/token/ HTTP/1.1" 200 489
INFO 2025-09-15 08:00:33,236 basehttp 202346 139646258378432 "GET /api/profile/ HTTP/1.1" 200 485
INFO 2025-09-15 08:03:57,950 basehttp 207713 140148688811712 "GET /api/login-page/ HTTP/1.1" 200 7890
INFO 2025-09-15 08:04:11,394 basehttp 207713 140148688811712 "POST /api/token/ HTTP/1.1" 200 491
INFO 2025-09-15 08:04:11,449 basehttp 207713 140148688811712 "GET /api/profile/ HTTP/1.1" 200 453
INFO 2025-09-15 08:04:25,112 basehttp 207713 140148688811712 "GET /api/login-page/ HTTP/1.1" 200 7890
INFO 2025-09-15 08:04:25,457 basehttp 207713 140148603877056 "GET /static/core/js/login.js HTTP/1.1" 200 20504
INFO 2025-09-15 08:04:25,460 basehttp 207713 140148688811712 "GET /static/core/css/login-styles.css HTTP/1.1" 200 19008
WARNING 2025-09-15 08:04:26,372 log 207713 140148603877056 Not Found: /favicon.ico
WARNING 2025-09-15 08:04:26,374 basehttp 207713 140148603877056 "GET /favicon.ico HTTP/1.1" 404 3099
INFO 2025-09-15 08:04:38,391 basehttp 207713 140148603877056 "POST /api/token/ HTTP/1.1" 200 491
INFO 2025-09-15 08:04:38,419 basehttp 207713 140148603877056 "GET /api/profile/ HTTP/1.1" 200 453
INFO 2025-09-15 08:32:41,666 basehttp 222006 140705660925632 "GET / HTTP/1.1" 302 0
INFO 2025-09-15 08:32:42,022 basehttp 222006 140705660925632 "GET /api/login-page/ HTTP/1.1" 200 7890
INFO 2025-09-15 08:32:42,417 basehttp 222006 140705660925632 "GET /static/core/css/login-styles.css HTTP/1.1" 304 0
INFO 2025-09-15 08:32:42,441 basehttp 222006 140705660925632 "GET /static/core/js/login.js HTTP/1.1" 304 0
WARNING 2025-09-15 08:33:26,922 log 222006 140705660925632 Unauthorized: /api/token/
WARNING 2025-09-15 08:33:26,925 basehttp 222006 140705660925632 "POST /api/token/ HTTP/1.1" 401 63
INFO 2025-09-15 08:35:58,187 basehttp 225609 140045268809408 "GET / HTTP/1.1" 302 0
INFO 2025-09-15 08:35:58,305 basehttp 225609 140045268809408 "GET /api/login-page/ HTTP/1.1" 200 7890
WARNING 2025-09-15 08:36:26,704 log 225609 140045268809408 Unauthorized: /api/token/
WARNING 2025-09-15 08:36:26,705 basehttp 225609 140045268809408 "POST /api/token/ HTTP/1.1" 401 63
INFO 2025-09-15 08:38:58,318 basehttp 228714 140022899537600 "GET / HTTP/1.1" 302 0
INFO 2025-09-15 08:38:58,384 basehttp 228714 140022899537600 "GET /api/login-page/ HTTP/1.1" 200 7890
INFO 2025-09-15 08:39:18,321 basehttp 228714 140022891144896 "GET /api/login-page/ HTTP/1.1" 200 7890
INFO 2025-09-15 08:39:18,827 basehttp 228714 140022891144896 "GET /static/core/css/login-styles.css HTTP/1.1" 200 19008
INFO 2025-09-15 08:39:18,833 basehttp 228714 140022899537600 "GET /static/core/js/login.js HTTP/1.1" 200 20504
WARNING 2025-09-15 08:39:20,375 log 228714 140022899537600 Not Found: /favicon.ico
WARNING 2025-09-15 08:39:20,376 basehttp 228714 140022899537600 "GET /favicon.ico HTTP/1.1" 404 3099
INFO 2025-09-15 08:39:27,262 basehttp 228714 140022881703616 "GET /api/login-page/ HTTP/1.1" 200 7890
INFO 2025-09-15 08:39:27,683 basehttp 228714 140022881703616 "GET /static/core/css/login-styles.css HTTP/1.1" 200 19008
INFO 2025-09-15 08:39:27,708 basehttp 228714 140022881703616 "GET /static/core/js/login.js HTTP/1.1" 200 20504
WARNING 2025-09-15 08:39:28,685 log 228714 140022881703616 Not Found: /favicon.ico
WARNING 2025-09-15 08:39:28,686 basehttp 228714 140022881703616 "GET /favicon.ico HTTP/1.1" 404 3099
INFO 2025-09-15 08:39:37,214 basehttp 228714 140022873310912 "GET /api/login-page/ HTTP/1.1" 200 7890
INFO 2025-09-15 08:39:37,526 basehttp 228714 140022873310912 "GET /static/core/css/login-styles.css HTTP/1.1" 200 19008
INFO 2025-09-15 08:39:37,543 basehttp 228714 140022873310912 "GET /static/core/js/login.js HTTP/1.1" 200 20504
INFO 2025-09-15 08:39:38,629 basehttp 228714 140022864918208 "GET /api/login-page/ HTTP/1.1" 200 7890
INFO 2025-09-15 08:39:39,017 basehttp 228714 140022864918208 "GET /static/core/css/login-styles.css HTTP/1.1" 200 19008
INFO 2025-09-15 08:39:39,024 basehttp 228714 140022856525504 "GET /static/core/js/login.js HTTP/1.1" 200 20504
INFO 2025-09-15 08:39:39,814 basehttp 228714 140022778951360 "GET /api/login-page/ HTTP/1.1" 200 7890
INFO 2025-09-15 08:39:39,950 basehttp 228714 140022856525504 "GET /api/login-page/ HTTP/1.1" 200 7890
INFO 2025-09-15 08:39:40,063 basehttp 228714 140022856525504 "GET /static/core/css/login-styles.css HTTP/1.1" 200 19008
INFO 2025-09-15 08:39:40,073 basehttp 228714 140022856525504 "GET /static/core/js/login.js HTTP/1.1" 200 20504
WARNING 2025-09-15 08:39:41,176 log 228714 140022856525504 Not Found: /favicon.ico
WARNING 2025-09-15 08:39:41,177 basehttp 228714 140022856525504 "GET /favicon.ico HTTP/1.1" 404 3099
WARNING 2025-09-15 08:40:17,165 log 228714 140022856525504 Unauthorized: /api/token/
WARNING 2025-09-15 08:40:17,166 basehttp 228714 140022856525504 "POST /api/token/ HTTP/1.1" 401 63
INFO 2025-09-15 08:40:35,795 basehttp 228714 140022856525504 "GET /admin/ HTTP/1.1" 302 0
INFO 2025-09-15 08:40:36,145 basehttp 228714 140022856525504 "GET /admin/login/?next=/admin/ HTTP/1.1" 200 4181
INFO 2025-09-15 08:40:40,644 basehttp 228714 140022856525504 "POST /admin/login/?next=/admin/ HTTP/1.1" 200 4345
INFO 2025-09-15 08:40:50,223 basehttp 228714 140022856525504 "POST /admin/login/?next=/admin/ HTTP/1.1" 200 4345
INFO 2025-09-15 08:40:52,014 basehttp 228714 140022856525504 "POST /admin/login/?next=/admin/ HTTP/1.1" 200 4345
INFO 2025-09-15 08:41:06,255 basehttp 228714 140022856525504 "GET /admin/login/?next=/admin/ HTTP/1.1" 200 4181
INFO 2025-09-15 08:42:17,313 basehttp 231205 139887106848448 "GET / HTTP/1.1" 302 0
INFO 2025-09-15 08:42:17,479 basehttp 231205 139887106848448 "GET /api/login-page/ HTTP/1.1" 200 7890
WARNING 2025-09-15 08:42:25,780 log 231205 139887106848448 Unauthorized: /api/token/
WARNING 2025-09-15 08:42:25,782 basehttp 231205 139887106848448 "POST /api/token/ HTTP/1.1" 401 63
INFO 2025-09-15 08:43:33,875 basehttp 233891 140185154090688 "GET / HTTP/1.1" 302 0
INFO 2025-09-15 08:43:33,973 basehttp 233891 140185154090688 "GET /api/login-page/ HTTP/1.1" 200 7890
INFO 2025-09-15 08:43:47,868 basehttp 233891 140185144649408 "POST /api/token/ HTTP/1.1" 200 491
INFO 2025-09-15 08:46:16,143 basehttp 233891 140185154090688 "GET /api/login-page/ HTTP/1.1" 200 7890
INFO 2025-09-15 08:46:16,419 basehttp 233891 140185154090688 "GET /static/core/css/login-styles.css HTTP/1.1" 200 19008
INFO 2025-09-15 08:46:16,421 basehttp 233891 140185144649408 "GET /static/core/js/login.js HTTP/1.1" 200 20504
WARNING 2025-09-15 08:46:16,816 log 233891 140185144649408 Not Found: /favicon.ico
WARNING 2025-09-15 08:46:16,819 basehttp 233891 140185144649408 "GET /favicon.ico HTTP/1.1" 404 3099
INFO 2025-09-15 08:46:40,509 basehttp 236425 139655572879040 "GET / HTTP/1.1" 302 0
INFO 2025-09-15 08:46:40,589 basehttp 236425 139655572879040 "GET /api/login-page/ HTTP/1.1" 200 7890
WARNING 2025-09-15 08:46:50,270 log 236425 139655572879040 Unauthorized: /api/token/
WARNING 2025-09-15 08:46:50,272 basehttp 236425 139655572879040 "POST /api/token/ HTTP/1.1" 401 63
WARNING 2025-09-15 08:46:56,655 log 236425 139655572879040 Unauthorized: /api/token/
WARNING 2025-09-15 08:46:56,657 basehttp 236425 139655572879040 "POST /api/token/ HTTP/1.1" 401 63
INFO 2025-09-15 08:48:08,203 basehttp 236425 139655492138688 "OPTIONS /api/token/ HTTP/1.1" 200 0
INFO 2025-09-15 08:48:30,748 basehttp 236425 139655492138688 "OPTIONS /api/token/ HTTP/1.1" 200 0
WARNING 2025-09-15 08:49:57,885 log 236425 139655572879040 Bad Request: /api/token/
WARNING 2025-09-15 08:49:57,886 basehttp 236425 139655572879040 "POST /api/token/ HTTP/1.1" 400 70
INFO 2025-09-15 08:50:27,065 basehttp 236425 139655483745984 "GET /api/test-login/ HTTP/1.1" 200 5486
WARNING 2025-09-15 08:50:35,084 log 236425 139655483745984 Unauthorized: /api/token/
WARNING 2025-09-15 08:50:35,085 basehttp 236425 139655483745984 "POST /api/token/ HTTP/1.1" 401 63
INFO 2025-09-15 08:52:26,459 basehttp 236425 139655475353280 "POST /api/token/ HTTP/1.1" 200 491
INFO 2025-09-15 08:53:03,476 basehttp 243829 140398921852608 "GET /api/test-login/ HTTP/1.1" 200 5486
WARNING 2025-09-15 08:53:06,050 log 243829 140398921852608 Unauthorized: /api/token/
WARNING 2025-09-15 08:53:06,051 basehttp 243829 140398921852608 "POST /api/token/ HTTP/1.1" 401 63
WARNING 2025-09-15 08:53:07,367 log 243829 140398921852608 Unauthorized: /api/token/
WARNING 2025-09-15 08:53:07,368 basehttp 243829 140398921852608 "POST /api/token/ HTTP/1.1" 401 63
WARNING 2025-09-15 08:53:08,470 log 243829 140398921852608 Unauthorized: /api/token/
WARNING 2025-09-15 08:53:08,471 basehttp 243829 140398921852608 "POST /api/token/ HTTP/1.1" 401 63
WARNING 2025-09-15 08:53:15,599 log 243829 140398921852608 Unauthorized: /api/token/
WARNING 2025-09-15 08:53:15,600 basehttp 243829 140398921852608 "POST /api/token/ HTTP/1.1" 401 63
WARNING 2025-09-15 08:53:16,898 log 243829 140398921852608 Unauthorized: /api/token/
WARNING 2025-09-15 08:53:16,899 basehttp 243829 140398921852608 "POST /api/token/ HTTP/1.1" 401 63
WARNING 2025-09-15 08:53:25,998 log 243829 140398921852608 Unauthorized: /api/token/
WARNING 2025-09-15 08:53:25,999 basehttp 243829 140398921852608 "POST /api/token/ HTTP/1.1" 401 63
INFO 2025-09-15 08:55:40,382 basehttp 246086 140100791957184 "GET / HTTP/1.1" 302 0
INFO 2025-09-15 08:56:00,428 basehttp 246086 140100783564480 "POST /api/token/ HTTP/1.1" 200 491
INFO 2025-09-15 08:56:24,756 basehttp 246086 140100783564480 "GET /api/test-login/ HTTP/1.1" 200 5486
WARNING 2025-09-15 08:56:24,839 log 246086 140100783564480 Not Found: /favicon.ico
WARNING 2025-09-15 08:56:24,839 basehttp 246086 140100783564480 "GET /favicon.ico HTTP/1.1" 404 3099
WARNING 2025-09-15 08:56:31,212 log 246086 140100783564480 Unauthorized: /api/token/
WARNING 2025-09-15 08:56:31,212 basehttp 246086 140100783564480 "POST /api/token/ HTTP/1.1" 401 63
WARNING 2025-09-15 08:56:32,424 log 246086 140100783564480 Unauthorized: /api/token/
WARNING 2025-09-15 08:56:32,424 basehttp 246086 140100783564480 "POST /api/token/ HTTP/1.1" 401 63
INFO 2025-09-15 09:00:43,483 autoreload 253995 140269099447872 Watching for file changes with StatReloader
INFO 2025-09-15 09:00:52,520 basehttp 253995 140269022369472 "POST /api/token/ HTTP/1.1" 200 491
WARNING 2025-09-15 09:01:17,836 log 253995 140269022369472 Unauthorized: /api/token/
WARNING 2025-09-15 09:01:17,836 basehttp 253995 140269022369472 "POST /api/token/ HTTP/1.1" 401 63
INFO 2025-09-15 09:01:47,617 basehttp 253995 140269022369472 "GET /api/login-page/ HTTP/1.1" 200 7890
INFO 2025-09-15 09:01:47,838 basehttp 253995 140269022369472 "GET /static/core/css/login-styles.css HTTP/1.1" 304 0
INFO 2025-09-15 09:01:47,850 basehttp 253995 140268934264512 "GET /static/core/js/login.js HTTP/1.1" 304 0
INFO 2025-09-15 09:01:48,818 basehttp 253995 140269022369472 "GET /api/login-page/ HTTP/1.1" 200 7890
WARNING 2025-09-15 09:01:54,266 log 253995 140269022369472 Unauthorized: /api/token/
WARNING 2025-09-15 09:01:54,267 basehttp 253995 140269022369472 "POST /api/token/ HTTP/1.1" 401 63
WARNING 2025-09-15 09:01:57,222 log 253995 140269022369472 Unauthorized: /api/token/
WARNING 2025-09-15 09:01:57,223 basehttp 253995 140269022369472 "POST /api/token/ HTTP/1.1" 401 63
INFO 2025-09-15 09:02:02,798 basehttp 253995 140269022369472 "POST /api/token/ HTTP/1.1" 200 491
INFO 2025-09-15 09:02:02,829 basehttp 253995 140268934264512 "GET /api/profile/ HTTP/1.1" 200 479
INFO 2025-09-15 09:02:16,802 basehttp 253995 140269022369472 "GET /api/test-login/ HTTP/1.1" 200 5486
WARNING 2025-09-15 09:02:18,650 log 253995 140269022369472 Unauthorized: /api/token/
WARNING 2025-09-15 09:02:18,650 basehttp 253995 140269022369472 "POST /api/token/ HTTP/1.1" 401 63
WARNING 2025-09-15 09:02:31,347 log 253995 140269022369472 Unauthorized: /api/token/
WARNING 2025-09-15 09:02:31,348 basehttp 253995 140269022369472 "POST /api/token/ HTTP/1.1" 401 63
WARNING 2025-09-15 09:02:32,391 log 253995 140269022369472 Unauthorized: /api/token/
WARNING 2025-09-15 09:02:32,392 basehttp 253995 140269022369472 "POST /api/token/ HTTP/1.1" 401 63
WARNING 2025-09-15 09:02:33,301 log 253995 140269022369472 Unauthorized: /api/token/
WARNING 2025-09-15 09:02:33,302 basehttp 253995 140269022369472 "POST /api/token/ HTTP/1.1" 401 63
INFO 2025-09-15 09:03:17,813 basehttp 253995 140268925871808 "POST /api/token/ HTTP/1.1" 200 491
INFO 2025-09-15 09:04:11,069 basehttp 253995 140268934264512 "POST /api/token/ HTTP/1.1" 200 491
INFO 2025-09-15 09:04:18,352 basehttp 253995 140268917479104 "OPTIONS /api/token/ HTTP/1.1" 200 0
INFO 2025-09-15 09:04:38,155 basehttp 253995 140269022369472 "POST /api/token/ HTTP/1.1" 200 491
INFO 2025-09-15 09:05:32,871 basehttp 253995 140268909086400 "GET /api/test-login/ HTTP/1.1" 200 5867
WARNING 2025-09-15 09:05:51,915 log 253995 140268909086400 Unauthorized: /api/token/
WARNING 2025-09-15 09:05:51,916 basehttp 253995 140268909086400 "POST /api/token/ HTTP/1.1" 401 63
WARNING 2025-09-15 09:06:56,369 log 253995 140268909086400 Unauthorized: /api/token/
WARNING 2025-09-15 09:06:56,369 basehttp 253995 140268909086400 "POST /api/token/ HTTP/1.1" 401 63
INFO 2025-09-15 09:07:42,531 basehttp 253995 140269022369472 "POST /api/token/ HTTP/1.1" 200 491
INFO 2025-09-15 09:08:26,630 basehttp 253995 140268909086400 "POST /api/token/ HTTP/1.1" 200 491
INFO 2025-09-15 09:08:26,647 basehttp 253995 140268909086400 "GET /api/profile/ HTTP/1.1" 200 479
INFO 2025-09-15 09:08:49,107 basehttp 253995 140268909086400 "POST /api/token/ HTTP/1.1" 200 491
INFO 2025-09-15 09:08:49,140 basehttp 253995 140268909086400 "GET /api/profile/ HTTP/1.1" 200 479
INFO 2025-09-15 09:09:08,163 basehttp 253995 140268909086400 "GET /api/login-page/ HTTP/1.1" 200 7890
INFO 2025-09-15 09:09:10,696 basehttp 253995 140268909086400 "GET /api/login-page/ HTTP/1.1" 200 7890
INFO 2025-09-15 09:09:10,851 basehttp 253995 140268909086400 "GET /static/core/css/login-styles.css HTTP/1.1" 200 19008
INFO 2025-09-15 09:09:10,863 basehttp 253995 140269022369472 "GET /static/core/js/login.js HTTP/1.1" 200 20504
WARNING 2025-09-15 09:09:12,102 log 253995 140269022369472 Not Found: /favicon.ico
WARNING 2025-09-15 09:09:12,108 basehttp 253995 140269022369472 "GET /favicon.ico HTTP/1.1" 404 3099
INFO 2025-09-15 09:09:32,661 basehttp 253995 140269022369472 "POST /api/token/ HTTP/1.1" 200 491
INFO 2025-09-15 09:09:32,694 basehttp 253995 140269022369472 "GET /api/profile/ HTTP/1.1" 200 479
INFO 2025-09-15 09:10:30,933 basehttp 253995 140269022369472 "POST /api/token/ HTTP/1.1" 200 491
INFO 2025-09-15 09:10:30,968 basehttp 253995 140269022369472 "GET /api/profile/ HTTP/1.1" 200 479
INFO 2025-09-15 09:20:36,347 basehttp 270347 139808746763968 "GET / HTTP/1.1" 302 0
INFO 2025-09-15 09:20:36,430 basehttp 270347 139808746763968 "GET /api/login-page/ HTTP/1.1" 200 7890
INFO 2025-09-15 09:21:02,093 basehttp 270347 139808746763968 "POST /api/token/ HTTP/1.1" 200 491
INFO 2025-09-15 09:21:02,149 basehttp 270347 139808746763968 "GET /api/profile/ HTTP/1.1" 200 479
INFO 2025-09-15 09:23:39,551 basehttp 270347 139808746763968 "POST /api/token/ HTTP/1.1" 200 491
INFO 2025-09-15 09:23:48,276 basehttp 270347 139808733132480 "POST /api/token/ HTTP/1.1" 200 491
INFO 2025-09-15 09:23:48,325 basehttp 270347 139808724739776 "GET /api/profile/ HTTP/1.1" 200 479
INFO 2025-09-15 09:25:17,836 basehttp 270347 139808724739776 "GET /api/login-page/ HTTP/1.1" 200 7890
INFO 2025-09-15 09:25:18,191 basehttp 270347 139808724739776 "GET /static/core/css/login-styles.css HTTP/1.1" 304 0
INFO 2025-09-15 09:25:18,213 basehttp 270347 139808724739776 "GET /static/core/js/login.js HTTP/1.1" 304 0
INFO 2025-09-15 09:25:21,141 basehttp 270347 139808733132480 "GET /api/login-page/ HTTP/1.1" 200 7890
INFO 2025-09-15 09:25:21,354 basehttp 270347 139808733132480 "GET /static/core/css/login-styles.css HTTP/1.1" 200 19008
INFO 2025-09-15 09:25:21,395 basehttp 270347 139808733132480 "GET /static/core/js/login.js HTTP/1.1" 200 20504
WARNING 2025-09-15 09:25:22,970 log 270347 139808733132480 Not Found: /favicon.ico
WARNING 2025-09-15 09:25:22,972 basehttp 270347 139808733132480 "GET /favicon.ico HTTP/1.1" 404 3099
INFO 2025-09-15 09:25:30,075 basehttp 270347 139808733132480 "POST /api/token/ HTTP/1.1" 200 491
INFO 2025-09-15 09:25:30,108 basehttp 270347 139808733132480 "GET /api/profile/ HTTP/1.1" 200 479
INFO 2025-09-15 09:26:02,979 basehttp 270347 139808733132480 "POST /api/token/ HTTP/1.1" 200 491
INFO 2025-09-15 09:26:03,009 basehttp 270347 139808733132480 "GET /api/profile/ HTTP/1.1" 200 479
INFO 2025-09-15 09:26:21,876 basehttp 275840 140115929200320 "GET /api/login-page/ HTTP/1.1" 200 7896
INFO 2025-09-15 09:26:22,289 basehttp 275840 140115929200320 "GET /static/core/js/login.js?v=2.0 HTTP/1.1" 200 20504
WARNING 2025-09-15 09:26:36,134 log 275840 140115929200320 Not Found: /favicon.ico
WARNING 2025-09-15 09:26:36,135 basehttp 275840 140115929200320 "GET /favicon.ico HTTP/1.1" 404 3099
WARNING 2025-09-15 09:26:48,477 log 275840 140115929200320 Unauthorized: /api/token/
WARNING 2025-09-15 09:26:48,480 basehttp 275840 140115929200320 "POST /api/token/ HTTP/1.1" 401 63
INFO 2025-09-15 09:26:57,786 basehttp 275840 140115929200320 "POST /api/token/ HTTP/1.1" 200 491
INFO 2025-09-15 09:26:57,820 basehttp 275840 140115929200320 "GET /api/profile/ HTTP/1.1" 200 479
INFO 2025-09-15 09:32:03,551 autoreload 283662 140213930796608 Watching for file changes with StatReloader
INFO 2025-09-15 09:32:40,164 basehttp 284546 139733810280128 "HEAD / HTTP/1.1" 302 0
INFO 2025-09-15 09:32:46,889 basehttp 284546 139733801887424 "GET /api/login-page/ HTTP/1.1" 200 7896
INFO 2025-09-15 09:32:57,825 basehttp 284546 139733793494720 "POST /api/token/ HTTP/1.1" 200 491
INFO 2025-09-15 09:33:30,912 basehttp 284546 139733793494720 "POST /api/token/ HTTP/1.1" 200 491
INFO 2025-09-15 09:33:30,948 basehttp 284546 139733793494720 "GET /api/profile/ HTTP/1.1" 200 479
INFO 2025-09-15 09:34:41,533 basehttp 286513 139838508496576 "POST /api/token/ HTTP/1.1" 200 491
INFO 2025-09-15 09:44:34,046 autoreload 295448 140001691588160 Watching for file changes with StatReloader
INFO 2025-09-15 09:45:00,689 basehttp 295809 139967222249152 "GET / HTTP/1.1" 302 0
INFO 2025-09-15 09:45:19,595 basehttp 295809 139967213856448 "GET / HTTP/1.1" 302 0
INFO 2025-09-15 09:45:27,139 basehttp 295809 139967205463744 "GET /api/debug-login/ HTTP/1.1" 200 2752
INFO 2025-09-15 09:45:41,084 basehttp 295809 139967197071040 "POST /api/token/ HTTP/1.1" 200 491
INFO 2025-09-15 09:45:47,476 basehttp 295809 139967197071040 "GET /api/login-page/ HTTP/1.1" 200 7896
INFO 2025-09-15 09:46:33,859 basehttp 295809 139967205463744 "GET / HTTP/1.1" 302 0
INFO 2025-09-15 09:46:33,863 basehttp 295809 139967205463744 "GET /api/login-page/ HTTP/1.1" 200 7896
INFO 2025-09-15 09:46:33,907 basehttp 295809 139967213856448 "GET /api/login-page/ HTTP/1.1" 200 7896
INFO 2025-09-15 09:46:33,911 basehttp 295809 139967222249152 "GET /api/debug-login/ HTTP/1.1" 200 2752
INFO 2025-09-15 09:46:34,503 basehttp 295809 139967183451840 "POST /api/token/ HTTP/1.1" 200 491
INFO 2025-09-15 09:46:34,517 basehttp 295809 139967222249152 "GET /api/profile/ HTTP/1.1" 200 479
INFO 2025-09-15 09:46:34,527 basehttp 295809 139967183451840 "GET /static/core/js/login.js?v=2.0 HTTP/1.1" 200 20504
INFO 2025-09-15 09:49:02,835 basehttp 295809 139967213856448 "GET /api/login-page/ HTTP/1.1" 200 7896
INFO 2025-09-15 09:49:02,959 basehttp 295809 139967213856448 "GET /static/core/css/login-styles.css HTTP/1.1" 304 0
INFO 2025-09-15 09:49:02,966 basehttp 295809 139967183451840 "GET /static/core/js/login.js?v=2.0 HTTP/1.1" 304 0
INFO 2025-09-15 09:49:07,387 basehttp 295809 139967213856448 "POST /api/token/ HTTP/1.1" 200 491
INFO 2025-09-15 09:49:07,418 basehttp 295809 139967183451840 "GET /api/profile/ HTTP/1.1" 200 479
INFO 2025-09-15 12:50:35,360 basehttp 316444 140685044872896 "POST /api/token/ HTTP/1.1" 200 491
INFO 2025-09-15 12:54:31,884 basehttp 316444 140685044872896 "POST /api/token/ HTTP/1.1" 200 491
INFO 2025-09-15 12:54:37,425 basehttp 316444 140685031241408 "GET /api/debug-login/ HTTP/1.1" 200 2752
INFO 2025-09-15 12:55:10,553 basehttp 316444 140685022848704 "GET /api/login-page/ HTTP/1.1" 200 7896
INFO 2025-09-15 12:55:11,149 basehttp 316444 140684942112448 "POST /api/token/ HTTP/1.1" 200 491
INFO 2025-09-15 12:55:11,165 basehttp 316444 140685022848704 "GET /api/profile/ HTTP/1.1" 200 479
INFO 2025-09-15 12:55:11,177 basehttp 316444 140685031241408 "GET /api/debug-login/ HTTP/1.1" 200 2752
INFO 2025-09-15 12:56:17,204 basehttp 316444 140685044872896 "GET / HTTP/1.1" 302 0
INFO 2025-09-15 12:56:17,273 basehttp 316444 140685044872896 "GET /api/login-page/ HTTP/1.1" 200 7896
INFO 2025-09-15 12:56:17,916 basehttp 316444 140685044872896 "GET /static/core/css/login-styles.css HTTP/1.1" 200 19008
INFO 2025-09-15 12:56:18,130 basehttp 316444 140685044872896 "GET /static/core/js/login.js?v=2.0 HTTP/1.1" 200 20504
WARNING 2025-09-15 12:56:18,855 log 316444 140685044872896 Not Found: /favicon.ico
INFO 2025-09-15 12:56:30,080 basehttp 316444 140685031241408 "POST /api/token/ HTTP/1.1" 200 491
INFO 2025-09-15 12:56:30,118 basehttp 316444 140685031241408 "GET /api/profile/ HTTP/1.1" 200 479
INFO 2025-09-15 12:59:14,707 basehttp 316444 140685022848704 "POST /api/token/ HTTP/1.1" 200 491
INFO 2025-09-15 12:59:15,378 basehttp 316444 140684942112448 "POST /api/token/ HTTP/1.1" 200 491
INFO 2025-09-15 12:59:15,431 basehttp 316444 140684933719744 "GET /api/profile/ HTTP/1.1" 200 479
INFO 2025-09-15 13:00:49,020 basehttp 316444 140684925327040 "GET /api/login-page/ HTTP/1.1" 200 7896
INFO 2025-09-15 13:00:55,544 basehttp 316444 140684933719744 "GET /api/login-page/ HTTP/1.1" 200 7896
INFO 2025-09-15 13:01:03,679 basehttp 316444 140684942112448 "GET /api/login-page/ HTTP/1.1" 200 7896
INFO 2025-09-15 13:01:27,463 basehttp 316444 140685022848704 "GET /api/login-page/ HTTP/1.1" 200 7896
INFO 2025-09-15 13:03:41,998 basehttp 316444 140685031241408 "GET /api/login-page/ HTTP/1.1" 200 7896
INFO 2025-09-15 13:04:39,834 basehttp 316444 140685044872896 "GET /api/login-page/ HTTP/1.1" 200 7896
INFO 2025-09-15 13:05:45,056 basehttp 316444 140684916934336 "GET /api/login-page/ HTTP/1.1" 200 7896
INFO 2025-09-15 13:06:10,464 basehttp 316444 140684908541632 "GET /api/login-page/ HTTP/1.1" 200 7896
INFO 2025-09-15 13:06:17,855 basehttp 316444 140684900148928 "GET /api/login-page/ HTTP/1.1" 200 7896
INFO 2025-09-15 13:06:36,356 basehttp 316444 140684891756224 "GET /api/login-page/ HTTP/1.1" 200 7896
WARNING 2025-09-15 13:10:43,429 log 316444 140684807894720 Not Found: /api/login-fixed/
WARNING 2025-09-15 13:10:43,430 basehttp 316444 140684807894720 "GET /api/login-fixed/ HTTP/1.1" 404 6501
WARNING 2025-09-15 13:11:31,216 log 316444 140684799502016 Not Found: /api/login-fixed/
WARNING 2025-09-15 13:11:31,217 basehttp 316444 140684799502016 "GET /api/login-fixed/ HTTP/1.1" 404 6501
WARNING 2025-09-15 13:11:57,260 log 316444 140684807894720 Not Found: /api/login-fixed/
WARNING 2025-09-15 13:11:57,261 basehttp 316444 140684807894720 "GET /api/login-fixed/ HTTP/1.1" 404 6501
WARNING 2025-09-15 13:12:06,150 log 316444 140684891756224 Not Found: /api/login-fixed/
WARNING 2025-09-15 13:12:06,151 basehttp 316444 140684891756224 "GET /api/login-fixed/ HTTP/1.1" 404 6501
INFO 2025-09-15 13:12:32,948 basehttp 316444 140684900148928 "GET /api/login-page/ HTTP/1.1" 200 7896
INFO 2025-09-15 13:14:41,982 basehttp 316444 140684908541632 "GET /api/debug-login/ HTTP/1.1" 200 2752
INFO 2025-09-15 13:15:24,937 basehttp 316444 140685044872896 "GET /api/login-page/ HTTP/1.1" 200 7896
WARNING 2025-09-15 13:15:25,386 log 316444 140685044872896 Not Found: /favicon.ico
INFO 2025-09-15 13:15:27,296 basehttp 316444 140685031241408 "GET /api/login-page/ HTTP/1.1" 200 7896
INFO 2025-09-15 13:15:27,406 basehttp 316444 140685031241408 "GET /static/core/css/login-styles.css HTTP/1.1" 200 19008
INFO 2025-09-15 13:15:27,412 basehttp 316444 140685031241408 "GET /static/core/js/login.js?v=2.0 HTTP/1.1" 200 22402
WARNING 2025-09-15 13:15:28,715 log 316444 140685031241408 Not Found: /favicon.ico
WARNING 2025-09-15 13:15:28,718 basehttp 316444 140685031241408 "GET /favicon.ico HTTP/1.1" 404 3099
INFO 2025-09-15 13:15:31,972 basehttp 316444 140685022848704 "GET /api/login-page/ HTTP/1.1" 200 7896
INFO 2025-09-15 13:15:32,118 basehttp 316444 140685022848704 "GET /static/core/css/login-styles.css HTTP/1.1" 200 19008
INFO 2025-09-15 13:15:32,131 basehttp 316444 140685022848704 "GET /static/core/js/login.js?v=2.0 HTTP/1.1" 200 22402
INFO 2025-09-15 13:15:32,542 basehttp 316444 140684942112448 "GET /api/login-page/ HTTP/1.1" 200 7896
INFO 2025-09-15 13:15:32,702 basehttp 316444 140684925327040 "GET /api/login-page/ HTTP/1.1" 200 7896
INFO 2025-09-15 13:15:32,928 basehttp 316444 140684925327040 "GET /api/login-page/ HTTP/1.1" 200 7896
INFO 2025-09-15 13:15:33,192 basehttp 316444 140685022848704 "GET /api/login-page/ HTTP/1.1" 200 7896
INFO 2025-09-15 13:15:33,252 basehttp 316444 140685044872896 "GET /api/login-page/ HTTP/1.1" 200 7896
INFO 2025-09-15 13:15:33,418 basehttp 316444 140684908541632 "GET /api/login-page/ HTTP/1.1" 200 7896
INFO 2025-09-15 13:15:33,607 basehttp 316444 140684799502016 "GET /api/login-page/ HTTP/1.1" 200 7896
INFO 2025-09-15 13:15:33,649 basehttp 316444 140684791109312 "GET /api/login-page/ HTTP/1.1" 200 7896
INFO 2025-09-15 13:15:33,777 basehttp 316444 140684782716608 "GET /api/login-page/ HTTP/1.1" 200 7896
INFO 2025-09-15 13:15:34,214 basehttp 316444 140685044872896 "GET /api/login-page/ HTTP/1.1" 200 7896
INFO 2025-09-15 13:15:34,439 basehttp 316444 140684933719744 "GET /api/login-page/ HTTP/1.1" 200 7896
INFO 2025-09-15 13:15:34,572 basehttp 316444 140684908541632 "GET /api/login-page/ HTTP/1.1" 200 7896
INFO 2025-09-15 13:15:34,630 basehttp 316444 140684900148928 "GET /api/login-page/ HTTP/1.1" 200 7896
INFO 2025-09-15 13:15:34,779 basehttp 316444 140684900148928 "GET /static/core/css/login-styles.css HTTP/1.1" 200 19008
INFO 2025-09-15 13:15:34,791 basehttp 316444 140684900148928 "GET /static/core/js/login.js?v=2.0 HTTP/1.1" 200 22402
WARNING 2025-09-15 13:15:35,824 log 316444 140684900148928 Not Found: /favicon.ico
WARNING 2025-09-15 13:15:35,827 basehttp 316444 140684900148928 "GET /favicon.ico HTTP/1.1" 404 3099
WARNING 2025-09-15 13:15:42,047 log 316444 140684900148928 Unauthorized: /api/token/
WARNING 2025-09-15 13:15:42,049 basehttp 316444 140684900148928 "POST /api/token/ HTTP/1.1" 401 63
WARNING 2025-09-15 13:15:50,744 log 316444 140684900148928 Unauthorized: /api/token/
WARNING 2025-09-15 13:15:50,747 basehttp 316444 140684900148928 "POST /api/token/ HTTP/1.1" 401 63
INFO 2025-09-15 13:18:49,118 basehttp 316444 140684908541632 "POST /api/token/ HTTP/1.1" 200 491
INFO 2025-09-15 13:18:49,180 basehttp 316444 140684908541632 "GET /api/profile/ HTTP/1.1" 200 479
INFO 2025-09-15 13:18:50,855 basehttp 316444 140684908541632 "GET /api/admin-dashboard/ HTTP/1.1" 302 0
WARNING 2025-09-15 13:18:50,939 log 316444 140684908541632 Not Found: /accounts/login/
WARNING 2025-09-15 13:18:50,950 basehttp 316444 140684908541632 "GET /accounts/login/?next=/api/admin-dashboard/ HTTP/1.1" 404 3138
WARNING 2025-09-15 13:19:05,061 log 316444 140684916934336 Unauthorized: /api/token/
WARNING 2025-09-15 13:19:05,061 basehttp 316444 140684916934336 "POST /api/token/ HTTP/1.1" 401 63
INFO 2025-09-15 13:20:54,524 basehttp 316444 140684925327040 "POST /api/token/ HTTP/1.1" 200 491
INFO 2025-09-15 13:21:06,714 basehttp 316444 140684916934336 "GET /api/admin-dashboard/ HTTP/1.1" 302 0
INFO 2025-09-15 13:21:14,377 basehttp 316444 140684908541632 "GET /api/login-page/ HTTP/1.1" 200 7896
INFO 2025-09-15 13:21:26,565 basehttp 316444 140684900148928 "GET /api/admin-dashboard/ HTTP/1.1" 302 0
INFO 2025-09-15 13:22:05,423 basehttp 316444 140684933719744 "GET /api/admin-dashboard/ HTTP/1.1" 302 0
INFO 2025-09-15 13:22:45,774 basehttp 352383 140594895906496 "GET /api/admin-dashboard/ HTTP/1.1" 200 62038
INFO 2025-09-15 13:23:04,991 basehttp 352383 140594814908096 "GET /api/login-page/ HTTP/1.1" 200 7896
INFO 2025-09-15 13:23:05,313 basehttp 352383 140594814908096 "GET /static/core/js/login.js?v=4.0 HTTP/1.1" 200 22402
INFO 2025-09-15 13:23:07,690 basehttp 352383 140594895906496 "GET /api/login-page/ HTTP/1.1" 200 7896
INFO 2025-09-15 13:23:07,843 basehttp 352383 140594895906496 "GET /static/core/css/login-styles.css HTTP/1.1" 200 19008
INFO 2025-09-15 13:23:07,851 basehttp 352383 140594895906496 "GET /static/core/js/login.js?v=4.0 HTTP/1.1" 200 22402
WARNING 2025-09-15 13:23:09,207 log 352383 140594895906496 Not Found: /favicon.ico
WARNING 2025-09-15 13:23:09,210 basehttp 352383 140594895906496 "GET /favicon.ico HTTP/1.1" 404 3000
INFO 2025-09-15 13:23:24,012 basehttp 352383 140594895906496 "POST /api/token/ HTTP/1.1" 200 491
INFO 2025-09-15 13:23:24,050 basehttp 352383 140594895906496 "GET /api/profile/ HTTP/1.1" 200 479
INFO 2025-09-15 13:23:25,670 basehttp 352383 140594895906496 "GET /api/admin-dashboard/ HTTP/1.1" 200 62038
INFO 2025-09-15 13:23:25,968 basehttp 352383 140594895906496 "GET /static/core/css/dashboard-styles.css HTTP/1.1" 200 61825
INFO 2025-09-15 13:23:26,016 basehttp 352383 140594895906496 "GET /static/core/js/dashboard.js HTTP/1.1" 200 84049
INFO 2025-09-15 13:23:31,270 basehttp 352383 140594895906496 "GET /admin/ HTTP/1.1" 302 0
INFO 2025-09-15 13:23:31,356 basehttp 352383 140594895906496 "GET /admin/login/?next=/admin/ HTTP/1.1" 200 4181
INFO 2025-09-15 13:23:35,014 basehttp 352383 140594895906496 "POST /admin/login/?next=/admin/ HTTP/1.1" 302 0
INFO 2025-09-15 13:23:35,088 basehttp 352383 140594895906496 "GET /admin/ HTTP/1.1" 200 7988
WARNING 2025-09-15 13:24:02,814 log 352383 140594895906496 Unauthorized: /api/audit-logs/
WARNING 2025-09-15 13:24:02,814 basehttp 352383 140594895906496 "GET /api/audit-logs/ HTTP/1.1" 401 58
INFO 2025-09-15 13:24:47,361 basehttp 352383 140594895906496 "GET /admin/ HTTP/1.1" 200 7988
WARNING 2025-09-15 13:43:13,443 log 352383 140594895906496 Not Found: /api/analytics/
WARNING 2025-09-15 13:43:13,444 basehttp 352383 140594895906496 "GET /api/analytics/ HTTP/1.1" 404 6588
INFO 2025-09-15 13:43:40,271 basehttp 352383 140594814908096 "GET /api/login-page/ HTTP/1.1" 200 7896
WARNING 2025-09-15 13:44:19,487 log 352383 140594802325184 Not Found: /api/analytics/
WARNING 2025-09-15 13:44:19,488 basehttp 352383 140594802325184 "GET /api/analytics/ HTTP/1.1" 404 6588
WARNING 2025-09-15 13:44:45,405 log 352383 140594793932480 Not Found: /api/image-upload/
WARNING 2025-09-15 13:44:45,406 basehttp 352383 140594793932480 "GET /api/image-upload/ HTTP/1.1" 404 6597
WARNING 2025-09-15 13:47:18,855 log 352383 140594785539776 Not Found: /api/analytics/
WARNING 2025-09-15 13:47:18,855 basehttp 352383 140594785539776 "GET /api/analytics/ HTTP/1.1" 404 6588
INFO 2025-09-15 13:52:59,561 basehttp 373381 139996488980160 "GET /api/login-page/ HTTP/1.1" 200 7896
INFO 2025-09-15 13:53:14,483 basehttp 373381 139996405167808 "GET /api/analytics-page/ HTTP/1.1" 200 8765
INFO 2025-09-15 13:53:45,990 basehttp 373381 139996396775104 "GET /api/image-upload/ HTTP/1.1" 200 9682
WARNING 2025-09-15 13:54:28,473 log 373381 139996388382400 Unauthorized: /api/analytics/
WARNING 2025-09-15 13:54:28,473 basehttp 373381 139996388382400 "GET /api/analytics/ HTTP/1.1" 401 58
WARNING 2025-09-15 13:54:55,646 log 373381 139996379989696 Unauthorized: /api/images/
WARNING 2025-09-15 13:54:55,647 basehttp 373381 139996379989696 "GET /api/images/ HTTP/1.1" 401 58
INFO 2025-09-15 13:55:48,095 basehttp 373381 139996371596992 "GET /api/login-page/ HTTP/1.1" 200 7896
INFO 2025-09-15 13:55:48,134 basehttp 373381 139996371596992 "GET /static/core/js/login.js?v=4.0 HTTP/1.1" 304 0
INFO 2025-09-15 13:56:43,421 basehttp 373381 139996363204288 "GET /api/login-page/ HTTP/1.1" 200 7896
INFO 2025-09-15 13:56:43,551 basehttp 373381 139996371596992 "GET /static/core/js/login.js?v=4.0 HTTP/1.1" 200 22402
INFO 2025-09-15 13:56:43,552 basehttp 373381 139996363204288 "GET /static/core/css/login-styles.css HTTP/1.1" 200 19008
INFO 2025-09-15 13:56:44,582 basehttp 373381 139996363204288 "GET /api/login-page/ HTTP/1.1" 200 7896
INFO 2025-09-15 13:56:44,711 basehttp 373381 139996363204288 "GET /static/core/css/login-styles.css HTTP/1.1" 200 19008
INFO 2025-09-15 13:56:44,721 basehttp 373381 139996363204288 "GET /static/core/js/login.js?v=4.0 HTTP/1.1" 200 22402
INFO 2025-09-15 13:56:45,799 basehttp 373381 139996405167808 "GET /api/login-page/ HTTP/1.1" 200 7896
INFO 2025-09-15 13:56:46,008 basehttp 373381 139996396775104 "GET /api/login-page/ HTTP/1.1" 200 7896
INFO 2025-09-15 13:56:46,472 basehttp 373381 139996388382400 "GET /api/login-page/ HTTP/1.1" 200 7896
INFO 2025-09-15 13:56:46,580 basehttp 373381 139996388382400 "GET /static/core/css/login-styles.css HTTP/1.1" 200 19008
INFO 2025-09-15 13:56:46,601 basehttp 373381 139996388382400 "GET /static/core/js/login.js?v=4.0 HTTP/1.1" 200 22402
WARNING 2025-09-15 13:56:47,754 log 373381 139996388382400 Not Found: /favicon.ico
WARNING 2025-09-15 13:56:47,755 basehttp 373381 139996388382400 "GET /favicon.ico HTTP/1.1" 404 3000
INFO 2025-09-15 13:56:52,023 basehttp 373381 139996388382400 "POST /api/token/ HTTP/1.1" 200 491
INFO 2025-09-15 13:56:52,101 basehttp 373381 139996388382400 "GET /api/profile/ HTTP/1.1" 200 479
INFO 2025-09-15 13:56:53,737 basehttp 373381 139996388382400 "GET /api/admin-dashboard/ HTTP/1.1" 200 62423
WARNING 2025-09-15 13:57:28,192 log 373381 139996388382400 Unauthorized: /api/audit-logs/
WARNING 2025-09-15 13:57:28,195 basehttp 373381 139996388382400 "GET /api/audit-logs/ HTTP/1.1" 401 58
INFO 2025-09-15 14:21:35,593 basehttp 390567 140130337683136 "GET /api/admin-dashboard/ HTTP/1.1" 200 62423
INFO 2025-09-15 14:21:35,848 basehttp 390567 140130337683136 "GET /static/core/css/dashboard-styles.css HTTP/1.1" 304 0
INFO 2025-09-15 14:21:35,860 basehttp 390567 140130329290432 "GET /static/core/js/dashboard.js HTTP/1.1" 304 0
INFO 2025-09-15 14:53:13,236 basehttp 390567 140130337683136 "GET /api/login-page/ HTTP/1.1" 200 7896
INFO 2025-09-15 14:53:15,447 basehttp 390567 140130337683136 "GET /static/core/css/login-styles.css HTTP/1.1" 200 19008
INFO 2025-09-15 14:53:15,452 basehttp 390567 140130319849152 "GET /static/core/js/login.js?v=4.0 HTTP/1.1" 200 22402
WARNING 2025-09-15 14:53:16,392 log 390567 140130319849152 Not Found: /favicon.ico
INFO 2025-09-16 08:43:09,239 autoreload 21889 140103853336128 Watching for file changes with StatReloader
INFO 2025-09-16 08:43:18,758 basehttp 21702 139783404779200 "HEAD /api/image-management/ HTTP/1.1" 200 0
INFO 2025-09-16 08:43:33,421 basehttp 21702 139783396386496 "HEAD /api/user-management/ HTTP/1.1" 200 0
INFO 2025-09-16 08:43:33,446 basehttp 21702 139783387993792 "HEAD /api/audit-logs-page/ HTTP/1.1" 200 0
INFO 2025-09-16 08:43:33,465 basehttp 21702 139783379601088 "HEAD /api/analytics-page/ HTTP/1.1" 200 0
WARNING 2025-09-16 08:43:41,919 log 21702 139783371208384 Unauthorized: /api/images/
WARNING 2025-09-16 08:43:41,920 basehttp 21702 139783371208384 "HEAD /api/images/ HTTP/1.1" 401 0
WARNING 2025-09-16 08:43:41,942 log 21702 139783362815680 Unauthorized: /api/users/
WARNING 2025-09-16 08:43:41,946 basehttp 21702 139783362815680 "HEAD /api/users/ HTTP/1.1" 401 0
WARNING 2025-09-16 08:43:41,976 log 21702 139783354422976 Unauthorized: /api/audit-logs/
WARNING 2025-09-16 08:43:41,977 basehttp 21702 139783354422976 "HEAD /api/audit-logs/ HTTP/1.1" 401 0
INFO 2025-09-16 08:44:43,801 basehttp 21702 139783362815680 "GET /admin/ HTTP/1.1" 200 8887
INFO 2025-09-16 08:44:44,097 basehttp 21702 139783362815680 "GET /static/admin/img/icon-addlink.svg HTTP/1.1" 200 331
INFO 2025-09-16 08:44:44,098 basehttp 21702 139783371208384 "GET /static/admin/img/icon-viewlink.svg HTTP/1.1" 200 581
INFO 2025-09-16 08:44:44,100 basehttp 21702 139783354422976 "GET /static/admin/img/icon-changelink.svg HTTP/1.1" 200 380
INFO 2025-09-16 08:44:46,230 basehttp 21702 139783362815680 "GET /admin/ HTTP/1.1" 200 8887
INFO 2025-09-16 08:44:51,719 basehttp 21702 139783362815680 "GET /api/login-page/ HTTP/1.1" 200 7896
INFO 2025-09-16 08:44:51,993 basehttp 21702 139783362815680 "GET /static/core/css/login-styles.css HTTP/1.1" 200 19008
INFO 2025-09-16 08:44:52,042 basehttp 21702 139783362815680 "GET /static/core/js/login.js?v=4.0 HTTP/1.1" 200 22402
WARNING 2025-09-16 08:45:04,693 log 21702 139783362815680 Not Found: /favicon.ico
INFO 2025-09-16 08:45:04,771 basehttp 21702 139783379601088 "GET /api/login-page/ HTTP/1.1" 200 7896
INFO 2025-09-16 08:45:04,975 basehttp 21702 139783379601088 "GET /static/core/css/login-styles.css HTTP/1.1" 200 19008
INFO 2025-09-16 08:45:04,988 basehttp 21702 139783379601088 "GET /static/core/js/login.js?v=4.0 HTTP/1.1" 200 22402
INFO 2025-09-16 08:45:05,813 basehttp 21702 139783346030272 "GET /api/login-page/ HTTP/1.1" 200 7896
INFO 2025-09-16 08:45:06,644 basehttp 21702 139783402682048 "GET /api/login-page/ HTTP/1.1" 200 7896
INFO 2025-09-16 08:45:06,869 basehttp 21702 139783385896640 "GET /api/login-page/ HTTP/1.1" 200 7896
INFO 2025-09-16 08:45:06,980 basehttp 21702 139783385896640 "GET /static/core/css/login-styles.css HTTP/1.1" 200 19008
INFO 2025-09-16 08:45:06,985 basehttp 21702 139783385896640 "GET /static/core/js/login.js?v=4.0 HTTP/1.1" 200 22402
WARNING 2025-09-16 08:45:27,667 log 21702 139783385896640 Not Found: /favicon.ico
WARNING 2025-09-16 08:45:27,669 basehttp 21702 139783385896640 "GET /favicon.ico HTTP/1.1" 404 3000
INFO 2025-09-16 08:45:45,545 basehttp 21702 139783385896640 "POST /api/token/ HTTP/1.1" 200 491
INFO 2025-09-16 08:45:45,605 basehttp 21702 139783385896640 "GET /api/profile/ HTTP/1.1" 200 479
INFO 2025-09-16 08:45:47,275 basehttp 21702 139783385896640 "GET /api/admin-dashboard/ HTTP/1.1" 200 63402
INFO 2025-09-16 08:45:47,574 basehttp 21702 139783385896640 "GET /static/core/css/dashboard-styles.css HTTP/1.1" 304 0
INFO 2025-09-16 08:45:47,577 basehttp 21702 139783394289344 "GET /static/core/js/dashboard.js HTTP/1.1" 304 0
INFO 2025-09-16 08:46:01,491 basehttp 21702 139783385896640 "GET /api/image-upload/ HTTP/1.1" 200 18958
INFO 2025-09-16 08:46:01,710 basehttp 21702 139783394289344 "GET /static/core/js/image-upload.js HTTP/1.1" 200 18246
INFO 2025-09-16 08:46:01,833 basehttp 21702 139783394289344 "GET /api/images/?page=1&page_size=12 HTTP/1.1" 200 64
INFO 2025-09-16 08:48:17,368 basehttp 21702 139783394289344 "GET /api/images/?page=1&page_size=12 HTTP/1.1" 200 64
INFO 2025-09-16 08:48:18,769 basehttp 21702 139783394289344 "GET /api/images/?page=1&page_size=12 HTTP/1.1" 200 64
INFO 2025-09-16 08:51:51,286 basehttp 21702 139783385896640 "GET /api/image-upload/ HTTP/1.1" 200 18958
INFO 2025-09-16 08:54:05,135 basehttp 21702 139783402682048 "GET /api/image-upload/ HTTP/1.1" 200 18958
INFO 2025-09-16 08:54:26,960 basehttp 21702 139783362815680 "HEAD /api/image-upload/ HTTP/1.1" 200 0
INFO 2025-09-16 08:54:58,372 basehttp 21702 139783372273344 "GET /api/image-upload/ HTTP/1.1" 200 18958
INFO 2025-09-16 08:54:58,537 basehttp 21702 139783372273344 "GET /api/images/?page=1&page_size=12 HTTP/1.1" 200 64
INFO 2025-09-16 08:55:01,932 basehttp 21702 139783354422976 "GET /api/image-upload/ HTTP/1.1" 200 18958
INFO 2025-09-16 08:55:02,003 basehttp 21702 139783354422976 "GET /static/core/css/dashboard-styles.css HTTP/1.1" 200 61825
INFO 2025-09-16 08:55:02,009 basehttp 21702 139783354422976 "GET /static/core/js/image-upload.js HTTP/1.1" 200 18640
INFO 2025-09-16 08:55:02,590 basehttp 21702 139783372273344 "GET /api/image-upload/ HTTP/1.1" 200 18958
INFO 2025-09-16 08:55:02,625 basehttp 21702 139783362815680 "GET /api/image-upload/ HTTP/1.1" 200 18958
INFO 2025-09-16 08:55:02,760 basehttp 21702 139783402682048 "GET /api/image-upload/ HTTP/1.1" 200 18958
INFO 2025-09-16 08:55:02,793 basehttp 21702 139783402682048 "GET /static/core/css/dashboard-styles.css HTTP/1.1" 200 61825
INFO 2025-09-16 08:55:02,796 basehttp 21702 139783402682048 "GET /static/core/js/image-upload.js HTTP/1.1" 200 18640
WARNING 2025-09-16 08:55:04,220 log 21702 139783402682048 Not Found: /favicon.ico
WARNING 2025-09-16 08:55:04,222 basehttp 21702 139783402682048 "GET /favicon.ico HTTP/1.1" 404 3000
INFO 2025-09-16 08:55:04,265 basehttp 21702 139783394289344 "GET /api/images/?page=1&page_size=12 HTTP/1.1" 200 64
INFO 2025-09-16 08:55:06,487 basehttp 21702 139783402682048 "GET /api/admin-dashboard/ HTTP/1.1" 200 63402
INFO 2025-09-16 08:55:20,647 basehttp 21702 139783402682048 "GET /api/image-upload/ HTTP/1.1" 200 18958
INFO 2025-09-16 08:55:20,894 basehttp 21702 139783394289344 "GET /api/images/?page=1&page_size=12 HTTP/1.1" 200 64
INFO 2025-09-16 08:55:49,577 basehttp 21702 139783402682048 "POST /api/upload-image/ HTTP/1.1" 200 475
INFO 2025-09-16 08:55:49,608 basehttp 21702 139783394289344 "GET /api/images/?page=1&page_size=12 HTTP/1.1" 200 495
INFO 2025-09-16 08:55:49,632 basehttp 21702 139783394289344 "GET /media/uploads/images/2025/09/16/RUID856147bd6dbc437d81035a5f030d17c1.jpg HTTP/1.1" 200 2660432
INFO 2025-09-16 08:55:54,397 basehttp 21702 139783394289344 "GET /api/admin-dashboard/ HTTP/1.1" 200 63402
INFO 2025-09-16 08:56:13,484 basehttp 21702 139783394289344 "GET /api/login-page/ HTTP/1.1" 200 7896
WARNING 2025-09-16 08:56:20,285 log 21702 139783394289344 Unauthorized: /api/token/
WARNING 2025-09-16 08:56:20,286 basehttp 21702 139783394289344 "POST /api/token/ HTTP/1.1" 401 63
INFO 2025-09-16 08:56:58,810 basehttp 21702 139783394289344 "GET /admin/ HTTP/1.1" 200 8887
INFO 2025-09-16 08:57:02,904 basehttp 21702 139783394289344 "GET /api/image-management/ HTTP/1.1" 200 16705
INFO 2025-09-16 08:57:03,155 basehttp 21702 139783394289344 "GET /static/core/js/image-management.js HTTP/1.1" 200 16789
INFO 2025-09-16 08:57:03,328 basehttp 21702 139783394289344 "GET /api/images/?page=1&page_size=12 HTTP/1.1" 200 495
INFO 2025-09-16 08:57:03,404 basehttp 21702 139783394289344 "GET /media/uploads/images/2025/09/16/RUID856147bd6dbc437d81035a5f030d17c1.jpg HTTP/1.1" 304 0
INFO 2025-09-16 08:57:03,411 basehttp 21702 139783402682048 "GET /api/images/ HTTP/1.1" 200 495
INFO 2025-09-16 08:57:06,969 basehttp 21702 139783394289344 "GET /api/user-management/ HTTP/1.1" 200 18038
INFO 2025-09-16 08:57:07,209 basehttp 21702 139783394289344 "GET /static/core/js/user-management.js HTTP/1.1" 200 17764
INFO 2025-09-16 08:57:07,380 basehttp 21702 139783394289344 "GET /api/users/ HTTP/1.1" 200 966
INFO 2025-09-16 08:57:07,429 basehttp 21702 139783402682048 "GET /api/users/ HTTP/1.1" 200 966
INFO 2025-09-16 08:57:18,466 basehttp 21702 139783394289344 "GET /api/users/ HTTP/1.1" 200 966
INFO 2025-09-16 08:57:27,662 basehttp 21702 139783394289344 "GET /api/users/ HTTP/1.1" 200 966
WARNING 2025-09-16 08:58:57,309 log 21702 139783394289344 Unauthorized: /api/token/
WARNING 2025-09-16 08:58:57,310 basehttp 21702 139783394289344 "POST /api/token/ HTTP/1.1" 401 63
WARNING 2025-09-16 09:01:34,441 log 21702 139783394289344 Unauthorized: /api/token/
WARNING 2025-09-16 09:01:34,442 basehttp 21702 139783394289344 "POST /api/token/ HTTP/1.1" 401 63
INFO 2025-09-16 09:01:40,325 basehttp 21702 139783394289344 "GET /api/user-management/ HTTP/1.1" 200 18038
INFO 2025-09-16 09:01:40,380 basehttp 21702 139783394289344 "GET /static/core/js/user-management.js HTTP/1.1" 304 0
INFO 2025-09-16 09:01:40,461 basehttp 21702 139783394289344 "GET /api/users/ HTTP/1.1" 200 966
INFO 2025-09-16 09:01:40,488 basehttp 21702 139783402682048 "GET /api/users/ HTTP/1.1" 200 966
INFO 2025-09-16 09:06:50,033 basehttp 21702 139783362815680 "HEAD /api/user-management/ HTTP/1.1" 200 0
WARNING 2025-09-16 09:07:24,921 log 21702 139783372273344 Unauthorized: /api/users/
WARNING 2025-09-16 09:07:24,922 basehttp 21702 139783372273344 "HEAD /api/users/ HTTP/1.1" 401 0
WARNING 2025-09-16 09:07:24,953 log 21702 139783354422976 Not Found: /api/users/1/
WARNING 2025-09-16 09:07:24,954 basehttp 21702 139783354422976 "HEAD /api/users/1/ HTTP/1.1" 404 0
INFO 2025-09-16 09:08:15,417 basehttp 21702 139783372273344 "GET /api/user-management/ HTTP/1.1" 200 18038
INFO 2025-09-16 09:08:15,490 basehttp 21702 139783372273344 "GET /static/core/js/user-management.js HTTP/1.1" 200 24887
INFO 2025-09-16 09:08:16,727 basehttp 21702 139783372273344 "GET /api/user-management/ HTTP/1.1" 200 18038
INFO 2025-09-16 09:08:17,467 basehttp 21702 139783372273344 "GET /api/user-management/ HTTP/1.1" 200 18038
INFO 2025-09-16 09:08:27,459 basehttp 21702 139783362815680 "GET /api/user-management/ HTTP/1.1" 200 18038
INFO 2025-09-16 09:08:27,496 basehttp 21702 139783362815680 "GET /static/core/css/dashboard-styles.css HTTP/1.1" 200 61825
INFO 2025-09-16 09:08:27,504 basehttp 21702 139783402682048 "GET /static/core/js/user-management.js HTTP/1.1" 200 24887
INFO 2025-09-16 09:08:27,966 basehttp 21702 139783394289344 "GET /api/user-management/ HTTP/1.1" 200 18038
INFO 2025-09-16 09:08:28,015 basehttp 21702 139783346030272 "GET /api/user-management/ HTTP/1.1" 200 18038
INFO 2025-09-16 09:08:28,229 basehttp 21702 139783124805312 "GET /api/user-management/ HTTP/1.1" 200 18038
INFO 2025-09-16 09:08:28,354 basehttp 21702 139783394289344 "GET /api/user-management/ HTTP/1.1" 200 18038
INFO 2025-09-16 09:08:28,470 basehttp 21702 139783372273344 "GET /api/user-management/ HTTP/1.1" 200 18038
INFO 2025-09-16 09:08:28,516 basehttp 21702 139783363880640 "GET /api/user-management/ HTTP/1.1" 200 18038
INFO 2025-09-16 09:08:28,553 basehttp 21702 139783363880640 "GET /api/user-management/ HTTP/1.1" 200 18038
INFO 2025-09-16 09:08:28,666 basehttp 21702 139783402682048 "GET /api/user-management/ HTTP/1.1" 200 18038
INFO 2025-09-16 09:08:28,711 basehttp 21702 139783394289344 "GET /api/user-management/ HTTP/1.1" 200 18038
INFO 2025-09-16 09:08:28,771 basehttp 21702 139783355487936 "GET /api/user-management/ HTTP/1.1" 200 18038
INFO 2025-09-16 09:08:29,008 basehttp 21702 139783124805312 "GET /api/user-management/ HTTP/1.1" 200 18038
INFO 2025-09-16 09:08:29,575 basehttp 21702 139783363880640 "GET /api/user-management/ HTTP/1.1" 200 18038
INFO 2025-09-16 09:08:29,615 basehttp 21702 139783363880640 "GET /api/user-management/ HTTP/1.1" 200 18038
INFO 2025-09-16 09:08:29,715 basehttp 21702 139783394289344 "GET /api/user-management/ HTTP/1.1" 200 18038
INFO 2025-09-16 09:08:29,812 basehttp 21702 139783355487936 "GET /api/user-management/ HTTP/1.1" 200 18038
INFO 2025-09-16 09:08:29,912 basehttp 21702 139783133198016 "GET /api/user-management/ HTTP/1.1" 200 18038
INFO 2025-09-16 09:08:29,958 basehttp 21702 139783133198016 "GET /static/core/css/dashboard-styles.css HTTP/1.1" 200 61825
INFO 2025-09-16 09:08:30,059 basehttp 21702 139783347095232 "GET /api/user-management/ HTTP/1.1" 200 18038
INFO 2025-09-16 09:08:30,172 basehttp 21702 139783402682048 "GET /api/user-management/ HTTP/1.1" 200 18038
INFO 2025-09-16 09:08:30,267 basehttp 21702 139783372273344 "GET /api/user-management/ HTTP/1.1" 200 18038
INFO 2025-09-16 09:08:30,372 basehttp 21702 139783363880640 "GET /api/user-management/ HTTP/1.1" 200 18038
INFO 2025-09-16 09:08:30,478 basehttp 21702 139783394289344 "GET /api/user-management/ HTTP/1.1" 200 18038
INFO 2025-09-16 09:08:30,525 basehttp 21702 139783402682048 "GET /api/user-management/ HTTP/1.1" 200 18038
INFO 2025-09-16 09:08:30,775 basehttp 21702 139783124805312 "GET /api/user-management/ HTTP/1.1" 200 18038
INFO 2025-09-16 09:08:30,863 basehttp 21702 139783347095232 "GET /api/user-management/ HTTP/1.1" 200 18038
INFO 2025-09-16 09:08:30,893 basehttp 21702 139783347095232 "GET /static/core/css/dashboard-styles.css HTTP/1.1" 200 61825
INFO 2025-09-16 09:08:30,930 basehttp 21702 139783355487936 "GET /api/user-management/ HTTP/1.1" 200 18038
INFO 2025-09-16 09:08:30,972 basehttp 21702 139783402682048 "GET /api/user-management/ HTTP/1.1" 200 18038
INFO 2025-09-16 09:08:31,121 basehttp 21702 139783363880640 "GET /api/user-management/ HTTP/1.1" 200 18038
INFO 2025-09-16 09:08:31,181 basehttp 21702 139783116412608 "GET /api/user-management/ HTTP/1.1" 200 18038
INFO 2025-09-16 09:08:31,215 basehttp 21702 139783363880640 "GET /api/user-management/ HTTP/1.1" 200 18038
INFO 2025-09-16 09:08:31,239 basehttp 21702 139783363880640 "GET /static/core/css/dashboard-styles.css HTTP/1.1" 200 61825
INFO 2025-09-16 09:08:31,243 basehttp 21702 139783363880640 "GET /static/core/js/user-management.js HTTP/1.1" 200 24887
WARNING 2025-09-16 09:08:32,959 log 21702 139783363880640 Not Found: /favicon.ico
WARNING 2025-09-16 09:08:32,959 basehttp 21702 139783363880640 "GET /favicon.ico HTTP/1.1" 404 3000
INFO 2025-09-16 09:09:08,151 basehttp 21702 139783363880640 "GET /api/audit-logs-page/ HTTP/1.1" 200 14656
INFO 2025-09-16 09:09:08,320 basehttp 21702 139783363880640 "GET /static/core/js/audit-logs.js HTTP/1.1" 200 15425
INFO 2025-09-16 09:09:08,439 basehttp 21702 139783394289344 "GET /api/users/ HTTP/1.1" 200 966
INFO 2025-09-16 09:09:08,602 basehttp 21702 139783363880640 "GET /api/audit-logs/ HTTP/1.1" 200 16343
INFO 2025-09-16 09:09:08,606 basehttp 21702 139783372273344 "GET /api/audit-logs/ HTTP/1.1" 200 16338
INFO 2025-09-16 09:09:17,330 basehttp 21702 139783363880640 "GET /api/login-page/ HTTP/1.1" 200 7896
INFO 2025-09-16 09:09:38,257 basehttp 21702 139783363880640 "POST /api/token/ HTTP/1.1" 200 491
INFO 2025-09-16 09:09:38,317 basehttp 21702 139783372273344 "GET /api/profile/ HTTP/1.1" 200 479
INFO 2025-09-16 09:09:39,922 basehttp 21702 139783363880640 "GET /api/admin-dashboard/ HTTP/1.1" 200 63402
INFO 2025-09-16 09:09:48,900 basehttp 21702 139783363880640 "GET /api/image-upload/ HTTP/1.1" 200 18958
INFO 2025-09-16 09:09:49,056 basehttp 21702 139783372273344 "GET /static/core/js/image-upload.js HTTP/1.1" 304 0
INFO 2025-09-16 09:09:49,143 basehttp 21702 139783372273344 "GET /api/images/?page=1&page_size=12 HTTP/1.1" 200 495
INFO 2025-09-16 09:09:49,153 basehttp 21702 139783372273344 "GET /media/uploads/images/2025/09/16/RUID856147bd6dbc437d81035a5f030d17c1.jpg HTTP/1.1" 304 0
INFO 2025-09-16 09:09:52,247 basehttp 21702 139783363880640 "GET /api/admin-dashboard/ HTTP/1.1" 200 63402
INFO 2025-09-16 09:10:20,043 basehttp 21702 139783363880640 "GET /api/user-management/ HTTP/1.1" 200 18038
INFO 2025-09-16 09:10:20,162 basehttp 21702 139783372273344 "GET /static/core/js/user-management.js HTTP/1.1" 304 0
INFO 2025-09-16 09:10:23,445 basehttp 21702 139783363880640 "GET /api/users/ HTTP/1.1" 200 966
INFO 2025-09-16 09:10:23,470 basehttp 21702 139783372273344 "GET /api/users/ HTTP/1.1" 200 966
INFO 2025-09-16 09:10:26,294 basehttp 21702 139783363880640 "GET /api/users/ HTTP/1.1" 200 966
INFO 2025-09-16 09:10:27,812 basehttp 21702 139783363880640 "GET /api/users/ HTTP/1.1" 200 966
INFO 2025-09-16 09:10:27,840 basehttp 21702 139783372273344 "GET /api/users/ HTTP/1.1" 200 966
INFO 2025-09-16 09:11:57,426 basehttp 42269 140262091257536 "GET / HTTP/1.1" 302 0
INFO 2025-09-16 09:11:57,500 basehttp 42269 140262091257536 "GET /api/login-page/ HTTP/1.1" 200 7896
INFO 2025-09-16 09:12:03,862 basehttp 42269 140262091257536 "GET /api/login-page/ HTTP/1.1" 200 7896
INFO 2025-09-16 09:12:12,824 basehttp 42269 140262091257536 "POST /api/token/ HTTP/1.1" 200 491
INFO 2025-09-16 09:12:12,980 basehttp 42269 140262091257536 "GET /api/profile/ HTTP/1.1" 200 479
INFO 2025-09-16 09:12:14,632 basehttp 42269 140262091257536 "GET /api/admin-dashboard/ HTTP/1.1" 200 63402
INFO 2025-09-16 09:12:21,408 basehttp 42269 140262091257536 "GET /api/user-management/ HTTP/1.1" 200 26816
INFO 2025-09-16 09:12:21,709 basehttp 42269 140262091257536 "GET /static/core/js/user-management.js HTTP/1.1" 304 0
INFO 2025-09-16 09:12:21,910 basehttp 42269 140262091257536 "GET /api/users/ HTTP/1.1" 200 966
INFO 2025-09-16 09:12:21,951 basehttp 42269 140262076577472 "GET /api/users/ HTTP/1.1" 200 966
WARNING 2025-09-16 09:19:07,109 log 42269 140262091257536 Unauthorized: /api/users/
WARNING 2025-09-16 09:19:07,109 basehttp 42269 140262091257536 "GET /api/users/ HTTP/1.1" 401 172
WARNING 2025-09-16 09:19:16,757 log 42269 140262076577472 Unauthorized: /api/token/
WARNING 2025-09-16 09:19:16,758 basehttp 42269 140262076577472 "POST /api/token/ HTTP/1.1" 401 63
WARNING 2025-09-16 09:19:37,848 log 42269 140262068184768 Unauthorized: /api/token/
WARNING 2025-09-16 09:19:37,848 basehttp 42269 140262068184768 "POST /api/token/ HTTP/1.1" 401 63
INFO 2025-09-16 09:20:03,261 basehttp 42269 140262059792064 "POST /api/token/ HTTP/1.1" 200 491
INFO 2025-09-16 09:20:12,486 basehttp 42269 140262051399360 "GET /api/users/ HTTP/1.1" 200 966
INFO 2025-09-16 09:20:59,004 basehttp 49641 139660359628480 "GET /api/user-management/ HTTP/1.1" 200 26816
INFO 2025-09-16 09:20:59,168 basehttp 49641 139660359628480 "GET /static/core/js/user-management.js HTTP/1.1" 200 25063
INFO 2025-09-16 09:20:59,369 basehttp 49641 139660359628480 "GET /api/users/ HTTP/1.1" 200 966
INFO 2025-09-16 09:20:59,370 basehttp 49641 139660350187200 "GET /api/users/ HTTP/1.1" 200 966
INFO 2025-09-16 09:21:04,206 basehttp 49641 139660350187200 "GET /api/user-management/ HTTP/1.1" 200 26816
INFO 2025-09-16 09:21:04,285 basehttp 49641 139660350187200 "GET /static/core/css/dashboard-styles.css HTTP/1.1" 200 61825
INFO 2025-09-16 09:21:04,289 basehttp 49641 139660359628480 "GET /static/core/js/user-management.js HTTP/1.1" 200 25063
INFO 2025-09-16 09:21:04,778 basehttp 49641 139660359628480 "GET /api/users/ HTTP/1.1" 200 966
INFO 2025-09-16 09:21:04,804 basehttp 49641 139660350187200 "GET /api/users/ HTTP/1.1" 200 966
WARNING 2025-09-16 09:21:05,404 log 49641 139660359628480 Not Found: /favicon.ico
WARNING 2025-09-16 09:21:05,405 basehttp 49641 139660359628480 "GET /favicon.ico HTTP/1.1" 404 3000
WARNING 2025-09-16 09:21:07,127 log 49641 139660350187200 Not Found: /api/users/13/
WARNING 2025-09-16 09:21:07,128 basehttp 49641 139660350187200 "GET /api/users/13/ HTTP/1.1" 404 8463
WARNING 2025-09-16 09:21:08,804 log 49641 139660350187200 Not Found: /api/users/13/
WARNING 2025-09-16 09:21:08,804 basehttp 49641 139660350187200 "GET /api/users/13/ HTTP/1.1" 404 8463
WARNING 2025-09-16 09:22:27,250 log 49641 139660336559808 Not Found: /api/users/13/
WARNING 2025-09-16 09:22:27,251 basehttp 49641 139660336559808 "GET /api/users/13/ HTTP/1.1" 404 8463
WARNING 2025-09-16 09:22:53,753 log 49641 139660122650304 Not Found: /api/users/13/
WARNING 2025-09-16 09:22:53,756 basehttp 49641 139660122650304 "GET /api/users/13/ HTTP/1.1" 404 8463
INFO 2025-09-16 09:24:13,521 basehttp 53173 140434586203840 "GET /api/users/13/ HTTP/1.1" 200 455
INFO 2025-09-16 09:24:40,525 basehttp 53173 140434572572352 "GET /api/users/14/ HTTP/1.1" 200 458
INFO 2025-09-16 09:25:01,590 basehttp 53173 140434586203840 "GET /api/user-management/ HTTP/1.1" 200 26816
INFO 2025-09-16 09:25:01,655 basehttp 53173 140434586203840 "GET /static/core/js/user-management.js HTTP/1.1" 304 0
INFO 2025-09-16 09:25:02,179 basehttp 53173 140434586203840 "GET /api/users/ HTTP/1.1" 200 966
INFO 2025-09-16 09:25:02,249 basehttp 53173 140434491832000 "GET /api/users/ HTTP/1.1" 200 966
INFO 2025-09-16 09:25:05,015 basehttp 53173 140434586203840 "GET /api/users/13/ HTTP/1.1" 200 455
INFO 2025-09-16 09:25:23,062 basehttp 53173 140434586203840 "GET /api/users/14/ HTTP/1.1" 200 458
INFO 2025-09-16 09:25:45,125 basehttp 53173 140434586203840 "PUT /api/users/14/ HTTP/1.1" 200 458
INFO 2025-09-16 09:25:45,173 basehttp 53173 140434491832000 "GET /api/users/ HTTP/1.1" 200 966
INFO 2025-09-16 09:25:45,211 basehttp 53173 140434586203840 "GET /api/users/ HTTP/1.1" 200 966
INFO 2025-09-16 09:26:19,352 basehttp 53173 140434586203840 "GET /api/login-page/ HTTP/1.1" 200 7896
WARNING 2025-09-16 09:26:25,599 log 53173 140434586203840 Unauthorized: /api/token/
WARNING 2025-09-16 09:26:25,600 basehttp 53173 140434586203840 "POST /api/token/ HTTP/1.1" 401 63
WARNING 2025-09-16 09:26:37,888 log 53173 140434586203840 Unauthorized: /api/token/
WARNING 2025-09-16 09:26:37,889 basehttp 53173 140434586203840 "POST /api/token/ HTTP/1.1" 401 63
WARNING 2025-09-16 09:27:47,702 log 53173 140434491832000 Unauthorized: /api/token/
WARNING 2025-09-16 09:27:47,703 basehttp 53173 140434491832000 "POST /api/token/ HTTP/1.1" 401 63
INFO 2025-09-16 09:28:24,412 basehttp 53173 140434572572352 "POST /api/token/ HTTP/1.1" 200 491
INFO 2025-09-16 09:28:40,802 basehttp 53173 140434586203840 "GET /api/profile/ HTTP/1.1" 200 482
INFO 2025-09-16 09:28:56,345 basehttp 53173 140434483439296 "POST /api/token/ HTTP/1.1" 200 491
INFO 2025-09-16 09:29:22,801 basehttp 53173 140434475046592 "POST /api/token/ HTTP/1.1" 200 491
INFO 2025-09-16 09:29:22,919 basehttp 53173 140434475046592 "GET /api/profile/ HTTP/1.1" 200 482
INFO 2025-09-16 09:29:24,565 basehttp 53173 140434475046592 "GET /api/officer-dashboard/ HTTP/1.1" 200 31110
INFO 2025-09-16 09:29:29,081 basehttp 53173 140434475046592 "GET /api/face-recognition/ HTTP/1.1" 200 4225
INFO 2025-09-16 09:29:29,249 basehttp 53173 140434475046592 "GET /static/core/css/styles.css HTTP/1.1" 200 14366
INFO 2025-09-16 09:29:29,252 basehttp 53173 140434483439296 "GET /static/core/js/app.js HTTP/1.1" 200 15609
WARNING 2025-09-16 09:29:41,377 log 53173 140434475046592 Not Found: /api/recognize/
WARNING 2025-09-16 09:29:41,378 basehttp 53173 140434475046592 "POST /api/recognize/ HTTP/1.1" 404 8466
WARNING 2025-09-16 09:29:42,934 log 53173 140434475046592 Not Found: /api/recognize/
WARNING 2025-09-16 09:29:42,935 basehttp 53173 140434475046592 "POST /api/recognize/ HTTP/1.1" 404 8466
WARNING 2025-09-16 09:33:31,189 log 53173 140434475046592 Not Found: /api/recognize/
WARNING 2025-09-16 09:33:31,190 basehttp 53173 140434475046592 "POST /api/recognize/ HTTP/1.1" 404 8466
INFO 2025-09-16 09:36:00,915 basehttp 66064 140496659805888 "POST /api/recognize/ HTTP/1.1" 200 335
INFO 2025-09-16 09:37:24,603 basehttp 66064 140496645125824 "GET /api/face-recognition/ HTTP/1.1" 200 4225
WARNING 2025-09-16 09:37:33,337 log 66064 140496645125824 Unauthorized: /api/recognize/
WARNING 2025-09-16 09:37:33,340 basehttp 66064 140496645125824 "POST /api/recognize/ HTTP/1.1" 401 58
WARNING 2025-09-16 09:37:35,346 log 66064 140496645125824 Unauthorized: /api/recognize/
WARNING 2025-09-16 09:37:35,348 basehttp 66064 140496645125824 "POST /api/recognize/ HTTP/1.1" 401 58
WARNING 2025-09-16 09:40:24,391 log 66064 140496645125824 Unauthorized: /api/recognize/
WARNING 2025-09-16 09:40:24,392 basehttp 66064 140496645125824 "POST /api/recognize/ HTTP/1.1" 401 58
INFO 2025-09-16 09:41:36,285 basehttp 72172 140298801718976 "POST /api/recognize/ HTTP/1.1" 200 335
INFO 2025-09-16 09:49:14,430 basehttp 72172 140298793326272 "GET /api/face-recognition/ HTTP/1.1" 200 4225
INFO 2025-09-16 09:49:17,082 basehttp 72172 140298793326272 "GET /api/face-recognition/ HTTP/1.1" 200 4225
INFO 2025-09-16 09:49:22,085 basehttp 72172 140298793326272 "POST /api/recognize/ HTTP/1.1" 200 335
INFO 2025-09-16 09:49:37,314 basehttp 72172 140298793326272 "POST /api/recognize/ HTTP/1.1" 200 335
INFO 2025-09-16 09:49:43,505 basehttp 72172 140298793326272 "POST /api/recognize/ HTTP/1.1" 200 335
WARNING 2025-09-16 09:57:12,177 log 72172 140298793326272 Not Found: /api/auth/microsoft
WARNING 2025-09-16 09:57:12,179 basehttp 72172 140298793326272 "GET /api/auth/microsoft HTTP/1.1" 404 8663
WARNING 2025-09-16 09:57:13,120 log 72172 140298793326272 Not Found: /favicon.ico
WARNING 2025-09-16 09:57:13,154 basehttp 72172 140298793326272 "GET /favicon.ico HTTP/1.1" 404 3000
INFO 2025-09-16 10:01:13,263 basehttp 72172 140298801718976 "GET /api/officer-dashboard/ HTTP/1.1" 200 31110
WARNING 2025-09-16 10:01:14,103 log 72172 140298801718976 Not Found: /favicon.ico
INFO 2025-09-16 10:01:15,003 basehttp 72172 140298801718976 "GET /api/login-page/ HTTP/1.1" 200 7896
INFO 2025-09-16 10:01:26,513 basehttp 72172 140298801718976 "POST /api/token/ HTTP/1.1" 200 491
INFO 2025-09-16 10:01:26,613 basehttp 72172 140298801718976 "GET /api/profile/ HTTP/1.1" 200 482
INFO 2025-09-16 10:01:28,354 basehttp 72172 140298801718976 "GET /api/officer-dashboard/ HTTP/1.1" 200 31110
INFO 2025-09-16 10:06:53,063 basehttp 72172 140298801718976 "GET /api/face-recognition/ HTTP/1.1" 200 4225
INFO 2025-09-16 10:07:13,993 basehttp 72172 140298793326272 "POST /api/recognize/ HTTP/1.1" 200 335
INFO 2025-09-16 10:17:26,330 basehttp 72172 140298778306240 "GET /api/officer-dashboard/ HTTP/1.1" 200 31110
INFO 2025-09-16 10:17:31,360 basehttp 72172 140298778306240 "GET /api/face-recognition/ HTTP/1.1" 200 4225
INFO 2025-09-16 10:17:45,137 basehttp 72172 140298778306240 "POST /api/recognize/ HTTP/1.1" 200 335
INFO 2025-09-16 10:44:48,362 basehttp 72172 140298793326272 "GET /api/face-recognition/ HTTP/1.1" 200 4225
INFO 2025-09-16 10:46:40,950 basehttp 123656 140481343256256 "GET /api/face-recognition/ HTTP/1.1" 200 17536
INFO 2025-09-16 10:46:53,650 basehttp 123656 140481343256256 "POST /api/recognize/ HTTP/1.1" 200 335
INFO 2025-09-16 10:47:22,493 basehttp 123656 140481343256256 "POST /api/recognize/ HTTP/1.1" 200 335
INFO 2025-09-16 10:47:37,080 basehttp 123656 140481343256256 "GET /api/admin-dashboard/ HTTP/1.1" 200 63402
INFO 2025-09-16 10:47:38,539 basehttp 123656 140481343256256 "GET /api/login-page/ HTTP/1.1" 200 7896
INFO 2025-09-16 10:47:39,386 basehttp 123656 140481343256256 "GET /static/core/js/login.js?v=4.0 HTTP/1.1" 304 0
INFO 2025-09-16 10:47:48,550 basehttp 123656 140481343256256 "POST /api/token/ HTTP/1.1" 200 491
INFO 2025-09-16 10:47:48,701 basehttp 123656 140481343256256 "GET /api/profile/ HTTP/1.1" 200 479
INFO 2025-09-16 10:47:50,446 basehttp 123656 140481343256256 "GET /api/admin-dashboard/ HTTP/1.1" 200 63402
INFO 2025-09-16 10:47:56,279 basehttp 123656 140481343256256 "GET /api/image-upload/ HTTP/1.1" 200 19865
INFO 2025-09-16 10:47:56,537 basehttp 123656 140481343256256 "GET /static/core/js/image-upload.js HTTP/1.1" 304 0
INFO 2025-09-16 10:47:56,933 basehttp 123656 140481343256256 "GET /api/images/?page=1&page_size=12 HTTP/1.1" 200 495
INFO 2025-09-16 10:47:57,114 basehttp 123656 140481343256256 "GET /media/uploads/images/2025/09/16/RUID856147bd6dbc437d81035a5f030d17c1.jpg HTTP/1.1" 304 0
INFO 2025-09-16 10:49:59,119 basehttp 123656 140481343256256 "POST /api/upload-image/ HTTP/1.1" 200 447
INFO 2025-09-16 10:49:59,244 basehttp 123656 140481343256256 "GET /api/images/?page=1&page_size=12 HTTP/1.1" 200 899
INFO 2025-09-16 10:49:59,336 basehttp 123656 140481343256256 "GET /media/uploads/images/2025/09/16/ny.jpeg HTTP/1.1" 200 189550
INFO 2025-09-16 10:50:02,733 basehttp 123656 140481343256256 "POST /api/recognize/ HTTP/1.1" 200 335
INFO 2025-09-16 10:50:04,059 basehttp 123656 140481343256256 "POST /api/recognize/ HTTP/1.1" 200 335
INFO 2025-09-16 10:50:04,993 basehttp 123656 140481343256256 "POST /api/recognize/ HTTP/1.1" 200 335
INFO 2025-09-16 10:50:08,695 basehttp 123656 140481343256256 "POST /api/recognize/ HTTP/1.1" 200 335
INFO 2025-09-16 10:50:17,291 basehttp 123656 140481343256256 "GET /api/face-recognition/ HTTP/1.1" 200 17536
INFO 2025-09-16 10:50:35,917 basehttp 123656 140481343256256 "GET /api/face-recognition/ HTTP/1.1" 200 17536
INFO 2025-09-16 10:50:53,277 basehttp 123656 140481343256256 "POST /api/recognize/ HTTP/1.1" 200 335
INFO 2025-09-16 10:50:54,524 basehttp 123656 140481343256256 "POST /api/recognize/ HTTP/1.1" 200 335
INFO 2025-09-16 10:51:38,147 basehttp 123656 140481343256256 "GET /api/images/cdf6e12f-adaf-4ec3-9ef8-0e6b4da33e58/ HTTP/1.1" 200 403
INFO 2025-09-16 10:51:59,439 basehttp 123656 140481343256256 "POST /api/upload-image/ HTTP/1.1" 200 441
INFO 2025-09-16 10:51:59,549 basehttp 123656 140481343256256 "GET /api/images/?page=1&page_size=12 HTTP/1.1" 200 1297
INFO 2025-09-16 10:51:59,713 basehttp 123656 140481343256256 "GET /media/uploads/images/2025/09/16/Untitled.jpeg HTTP/1.1" 200 191336
INFO 2025-09-16 10:52:03,696 basehttp 123656 140481343256256 "GET /api/face-recognition/ HTTP/1.1" 200 17536
INFO 2025-09-16 10:52:07,186 basehttp 123656 140481343256256 "POST /api/recognize/ HTTP/1.1" 200 335
INFO 2025-09-16 10:52:08,407 basehttp 123656 140481343256256 "POST /api/recognize/ HTTP/1.1" 200 335
INFO 2025-09-16 10:52:19,589 basehttp 123656 140481343256256 "POST /api/recognize/ HTTP/1.1" 200 335
INFO 2025-09-16 10:52:20,741 basehttp 123656 140481343256256 "POST /api/recognize/ HTTP/1.1" 200 335
INFO 2025-09-16 10:52:21,658 basehttp 123656 140481343256256 "POST /api/recognize/ HTTP/1.1" 200 335
INFO 2025-09-16 10:52:22,423 basehttp 123656 140481343256256 "POST /api/recognize/ HTTP/1.1" 200 335
INFO 2025-09-16 10:52:23,130 basehttp 123656 140481343256256 "POST /api/recognize/ HTTP/1.1" 200 335
ERROR 2025-09-16 11:06:10,857 views 142110 140583202793152 Face recognition error: name 'Image' is not defined
ERROR 2025-09-16 11:06:10,864 log 142110 140583202793152 Internal Server Error: /api/recognize/
ERROR 2025-09-16 11:06:10,875 basehttp 142110 140583202793152 "POST /api/recognize/ HTTP/1.1" 500 71
ERROR 2025-09-16 11:10:08,363 views 142110 140583193351872 Face recognition error: name 'Image' is not defined
ERROR 2025-09-16 11:10:08,365 log 142110 140583193351872 Internal Server Error: /api/recognize/
ERROR 2025-09-16 11:10:08,366 basehttp 142110 140583193351872 "POST /api/recognize/ HTTP/1.1" 500 71
WARNING 2025-09-16 11:12:11,090 log 142110 140583202793152 Bad Request: /api/recognize/
WARNING 2025-09-16 11:12:11,092 basehttp 142110 140583202793152 "POST /api/recognize/ HTTP/1.1" 400 55
ERROR 2025-09-16 11:12:30,306 views 142110 140583184959168 Face recognition error: name 'Image' is not defined
ERROR 2025-09-16 11:12:30,307 log 142110 140583184959168 Internal Server Error: /api/recognize/
ERROR 2025-09-16 11:12:30,308 basehttp 142110 140583184959168 "POST /api/recognize/ HTTP/1.1" 500 71
WARNING 2025-09-16 11:14:17,692 log 142110 140583176566464 Bad Request: /api/recognize/
WARNING 2025-09-16 11:14:17,712 basehttp 142110 140583176566464 "POST /api/recognize/ HTTP/1.1" 400 55
WARNING 2025-09-16 11:17:22,219 log 142110 140583168173760 Bad Request: /api/recognize/
WARNING 2025-09-16 11:17:22,221 basehttp 142110 140583168173760 "POST /api/recognize/ HTTP/1.1" 400 55
WARNING 2025-09-16 11:19:16,124 log 142110 140583176566464 Bad Request: /api/recognize/
WARNING 2025-09-16 11:19:16,126 basehttp 142110 140583176566464 "POST /api/recognize/ HTTP/1.1" 400 55
WARNING 2025-09-16 11:19:53,463 log 142110 140583184959168 Bad Request: /api/recognize/
WARNING 2025-09-16 11:19:53,467 basehttp 142110 140583184959168 "POST /api/recognize/ HTTP/1.1" 400 55
ERROR 2025-09-16 11:28:57,970 views 142110 140583202793152 Face recognition error: name 'Image' is not defined
ERROR 2025-09-16 11:28:57,971 log 142110 140583202793152 Internal Server Error: /api/recognize/
ERROR 2025-09-16 11:28:57,971 basehttp 142110 140583202793152 "POST /api/recognize/ HTTP/1.1" 500 71
ERROR 2025-09-16 11:28:59,556 views 142110 140583202793152 Face recognition error: name 'Image' is not defined
ERROR 2025-09-16 11:28:59,560 log 142110 140583202793152 Internal Server Error: /api/recognize/
ERROR 2025-09-16 11:28:59,563 basehttp 142110 140583202793152 "POST /api/recognize/ HTTP/1.1" 500 71
INFO 2025-09-16 11:29:01,631 basehttp 142110 140583202793152 "GET /api/face-recognition/ HTTP/1.1" 200 17536
INFO 2025-09-16 11:29:03,217 basehttp 142110 140583202793152 "GET /api/face-recognition/ HTTP/1.1" 200 17536
INFO 2025-09-16 11:29:06,462 basehttp 142110 140583202793152 "GET /api/face-recognition/ HTTP/1.1" 200 17536
INFO 2025-09-16 11:29:06,718 basehttp 142110 140583202793152 "GET /static/core/js/app.js HTTP/1.1" 200 21882
WARNING 2025-09-16 11:29:08,366 log 142110 140583202793152 Not Found: /favicon.ico
WARNING 2025-09-16 11:29:08,367 basehttp 142110 140583202793152 "GET /favicon.ico HTTP/1.1" 404 3000
INFO 2025-09-16 11:29:11,849 basehttp 142110 140583202793152 "GET /api/officer-dashboard/ HTTP/1.1" 200 31110
INFO 2025-09-16 11:29:12,105 basehttp 142110 140583202793152 "GET /static/core/js/dashboard.js HTTP/1.1" 304 0
INFO 2025-09-16 11:29:13,344 basehttp 142110 140583202793152 "GET /api/login-page/ HTTP/1.1" 200 7896
INFO 2025-09-16 11:29:13,739 basehttp 142110 140583202793152 "GET /static/core/css/login-styles.css HTTP/1.1" 304 0
INFO 2025-09-16 11:29:16,463 basehttp 142110 140583202793152 "GET /api/admin-dashboard/ HTTP/1.1" 200 63402
INFO 2025-09-16 11:29:18,055 basehttp 142110 140583202793152 "GET /api/login-page/ HTTP/1.1" 200 7896
INFO 2025-09-16 11:29:25,844 basehttp 142110 140583202793152 "POST /api/token/ HTTP/1.1" 200 491
INFO 2025-09-16 11:29:25,999 basehttp 142110 140583202793152 "GET /api/profile/ HTTP/1.1" 200 482
INFO 2025-09-16 11:29:27,624 basehttp 142110 140583202793152 "GET /api/officer-dashboard/ HTTP/1.1" 200 31110
INFO 2025-09-16 11:29:31,954 basehttp 142110 140583202793152 "GET /api/face-recognition/ HTTP/1.1" 200 17536
ERROR 2025-09-16 11:29:40,103 views 142110 140583202793152 Face recognition error: name 'Image' is not defined
ERROR 2025-09-16 11:29:40,104 log 142110 140583202793152 Internal Server Error: /api/recognize/
ERROR 2025-09-16 11:29:40,106 basehttp 142110 140583202793152 "POST /api/recognize/ HTTP/1.1" 500 71
ERROR 2025-09-16 11:29:41,998 views 142110 140583202793152 Face recognition error: name 'Image' is not defined
ERROR 2025-09-16 11:29:42,003 log 142110 140583202793152 Internal Server Error: /api/recognize/
ERROR 2025-09-16 11:29:42,005 basehttp 142110 140583202793152 "POST /api/recognize/ HTTP/1.1" 500 71
ERROR 2025-09-16 11:29:47,929 views 142110 140583202793152 Face recognition error: name 'Image' is not defined
ERROR 2025-09-16 11:29:47,930 log 142110 140583202793152 Internal Server Error: /api/recognize/
ERROR 2025-09-16 11:29:47,931 basehttp 142110 140583202793152 "POST /api/recognize/ HTTP/1.1" 500 71
WARNING 2025-09-16 11:33:47,046 log 142110 140583202793152 Bad Request: /api/recognize/
WARNING 2025-09-16 11:33:47,050 basehttp 142110 140583202793152 "POST /api/recognize/ HTTP/1.1" 400 55
INFO 2025-09-16 11:34:59,003 basehttp 168592 140262292584128 "GET /api/face-recognition/ HTTP/1.1" 200 17536
INFO 2025-09-16 11:34:59,149 basehttp 168592 140262292584128 "GET /static/core/js/app.js HTTP/1.1" 304 0
INFO 2025-09-16 11:35:04,112 basehttp 168592 140262292584128 "GET /api/officer-dashboard/ HTTP/1.1" 200 31110
INFO 2025-09-16 11:35:14,269 basehttp 168592 140262292584128 "GET /api/login-page/ HTTP/1.1" 200 7896
INFO 2025-09-16 11:35:21,238 basehttp 168592 140262292584128 "POST /api/token/ HTTP/1.1" 200 491
INFO 2025-09-16 11:35:21,338 basehttp 168592 140262292584128 "GET /api/profile/ HTTP/1.1" 200 482
INFO 2025-09-16 11:35:23,034 basehttp 168592 140262292584128 "GET /api/officer-dashboard/ HTTP/1.1" 200 31110
INFO 2025-09-16 11:35:27,590 basehttp 168592 140262292584128 "GET /api/face-recognition/ HTTP/1.1" 200 17536
INFO 2025-09-16 11:35:42,577 basehttp 168592 140262292584128 "POST /api/recognize/ HTTP/1.1" 200 1064
INFO 2025-09-16 11:35:49,346 basehttp 168592 140262292584128 "POST /api/recognize/ HTTP/1.1" 200 1064
INFO 2025-09-16 11:35:59,131 basehttp 168592 140262292584128 "POST /api/recognize/ HTTP/1.1" 200 1064
INFO 2025-09-16 11:36:25,070 basehttp 168592 140262277904064 "POST /api/recognize/ HTTP/1.1" 200 1064
INFO 2025-09-16 11:37:18,570 basehttp 168592 140262292584128 "GET /api/face-recognition/ HTTP/1.1" 200 17536
INFO 2025-09-16 11:37:18,862 basehttp 168592 140262292584128 "GET /static/core/js/app.js HTTP/1.1" 304 0
INFO 2025-09-16 11:37:29,768 basehttp 168592 140262292584128 "POST /api/recognize/ HTTP/1.1" 200 1064
INFO 2025-09-16 11:37:43,622 basehttp 168592 140262292584128 "GET /api/officer-dashboard/ HTTP/1.1" 200 31110
INFO 2025-09-16 11:48:01,803 basehttp 168592 140262292584128 "GET /api/officer-dashboard/ HTTP/1.1" 200 31110
INFO 2025-09-16 11:48:10,921 basehttp 168592 140262292584128 "GET /api/login-page/ HTTP/1.1" 200 7896
INFO 2025-09-16 11:48:19,457 basehttp 168592 140262292584128 "GET /api/login-page/ HTTP/1.1" 200 7896
INFO 2025-09-16 11:52:26,233 basehttp 168592 140262269511360 "GET /api/officer-dashboard/ HTTP/1.1" 200 31110
INFO 2025-09-16 11:52:57,006 basehttp 168592 140262261118656 "GET /api/face-recognition/ HTTP/1.1" 200 17536
WARNING 2025-09-16 11:55:14,828 log 168592 140262252725952 Not Found: /test_officer_navigation.html
WARNING 2025-09-16 11:55:14,832 basehttp 168592 140262252725952 "GET /test_officer_navigation.html HTTP/1.1" 404 3051
INFO 2025-09-16 11:57:08,790 basehttp 168592 140262261118656 "GET /api/login-page/ HTTP/1.1" 200 7896
INFO 2025-09-16 11:57:10,018 basehttp 168592 140262269511360 "GET /api/login-page/ HTTP/1.1" 200 7896
INFO 2025-09-16 11:57:10,240 basehttp 168592 140262269511360 "GET /static/core/css/login-styles.css HTTP/1.1" 200 19008
INFO 2025-09-16 11:57:10,285 basehttp 168592 140262292584128 "GET /static/core/js/login.js?v=4.0 HTTP/1.1" 200 22402
INFO 2025-09-16 11:57:11,548 basehttp 168592 140262292584128 "GET /api/login-page/ HTTP/1.1" 200 7896
INFO 2025-09-16 11:57:11,656 basehttp 168592 140262292584128 "GET /static/core/css/login-styles.css HTTP/1.1" 200 19008
INFO 2025-09-16 11:57:11,678 basehttp 168592 140262292584128 "GET /static/core/js/login.js?v=4.0 HTTP/1.1" 200 22402
WARNING 2025-09-16 11:57:13,339 log 168592 140262292584128 Not Found: /favicon.ico
WARNING 2025-09-16 11:57:13,341 basehttp 168592 140262292584128 "GET /favicon.ico HTTP/1.1" 404 3000
INFO 2025-09-16 11:57:17,198 basehttp 168592 140262292584128 "POST /api/token/ HTTP/1.1" 200 491
INFO 2025-09-16 11:57:17,269 basehttp 168592 140262292584128 "GET /api/profile/ HTTP/1.1" 200 482
INFO 2025-09-16 11:57:19,200 basehttp 168592 140262292584128 "GET /api/officer-dashboard/ HTTP/1.1" 200 31110
INFO 2025-09-16 11:57:21,378 basehttp 168592 140262292584128 "GET /api/face-recognition/ HTTP/1.1" 200 17536
INFO 2025-09-16 11:57:21,574 basehttp 168592 140262292584128 "GET /static/core/js/app.js HTTP/1.1" 304 0
INFO 2025-09-16 11:57:27,489 basehttp 168592 140262292584128 "POST /api/recognize/ HTTP/1.1" 200 1064
INFO 2025-09-16 11:57:32,150 basehttp 168592 140262292584128 "GET /api/officer-dashboard/ HTTP/1.1" 200 31110
WARNING 2025-09-16 11:58:02,539 log 168592 140262292584128 Unauthorized: /api/images/
WARNING 2025-09-16 11:58:02,541 basehttp 168592 140262292584128 "GET /api/images/ HTTP/1.1" 401 58
INFO 2025-09-16 11:58:14,140 basehttp 168592 140262292584128 "POST /api/token/ HTTP/1.1" 200 491
INFO 2025-09-16 11:58:14,189 basehttp 168592 140262292584128 "GET /api/profile/ HTTP/1.1" 200 479
INFO 2025-09-16 11:58:15,800 basehttp 168592 140262292584128 "GET /api/admin-dashboard/ HTTP/1.1" 200 63402
INFO 2025-09-16 11:58:28,166 basehttp 168592 140262292584128 "GET /api/image-management/ HTTP/1.1" 200 16705
INFO 2025-09-16 11:58:28,308 basehttp 168592 140262292584128 "GET /static/core/js/image-management.js HTTP/1.1" 200 16789
INFO 2025-09-16 11:58:28,409 basehttp 168592 140262292584128 "GET /api/images/ HTTP/1.1" 200 1297
INFO 2025-09-16 11:58:28,416 basehttp 168592 140262269511360 "GET /api/images/?page=1&page_size=12 HTTP/1.1" 200 1297
INFO 2025-09-16 11:58:28,446 basehttp 168592 140262269511360 "GET /media/uploads/images/2025/09/16/Untitled.jpeg HTTP/1.1" 304 0
INFO 2025-09-16 11:58:28,457 basehttp 168592 140262261118656 "GET /media/uploads/images/2025/09/16/ny.jpeg HTTP/1.1" 304 0
INFO 2025-09-16 11:58:28,459 basehttp 168592 140262292584128 "GET /media/uploads/images/2025/09/16/RUID856147bd6dbc437d81035a5f030d17c1.jpg HTTP/1.1" 304 0
INFO 2025-09-16 11:58:53,910 basehttp 168592 140262252725952 "GET /admin/ HTTP/1.1" 302 0
INFO 2025-09-16 12:03:47,626 basehttp 168592 140262292584128 "POST /api/recognize/ HTTP/1.1" 200 1063
WARNING 2025-09-16 12:04:02,828 log 168592 140262261118656 Unauthorized: /api/images/
WARNING 2025-09-16 12:04:02,828 basehttp 168592 140262261118656 "GET /api/images/ HTTP/1.1" 401 58
INFO 2025-09-16 12:04:33,249 basehttp 168592 140262269511360 "POST /api/recognize/ HTTP/1.1" 200 1063
INFO 2025-09-16 12:05:19,839 basehttp 168592 140262243284672 "POST /api/recognize/ HTTP/1.1" 200 1064
INFO 2025-09-16 12:05:24,041 basehttp 168592 140262234891968 "GET /api/officer-dashboard/ HTTP/1.1" 200 31110
INFO 2025-09-16 12:05:24,211 basehttp 168592 140262234891968 "GET /static/core/css/dashboard-styles.css HTTP/1.1" 304 0
INFO 2025-09-16 12:06:21,276 basehttp 168592 140262243284672 "POST /api/recognize/ HTTP/1.1" 200 1064
INFO 2025-09-16 12:06:34,656 basehttp 168592 140262269511360 "GET /api/officer-dashboard/ HTTP/1.1" 200 31110
INFO 2025-09-16 12:06:34,854 basehttp 168592 140262269511360 "GET /static/core/css/dashboard-styles.css HTTP/1.1" 200 61825
INFO 2025-09-16 12:06:34,932 basehttp 168592 140262269511360 "GET /static/core/js/dashboard.js HTTP/1.1" 200 94912
INFO 2025-09-16 12:06:36,128 basehttp 168592 140262234891968 "GET /api/officer-dashboard/ HTTP/1.1" 200 31110
INFO 2025-09-16 12:06:36,236 basehttp 168592 140262234891968 "GET /static/core/css/dashboard-styles.css HTTP/1.1" 200 61825
INFO 2025-09-16 12:06:36,255 basehttp 168592 140262234891968 "GET /static/core/js/dashboard.js HTTP/1.1" 200 94912
WARNING 2025-09-16 12:06:37,772 log 168592 140262234891968 Not Found: /favicon.ico
WARNING 2025-09-16 12:06:37,773 basehttp 168592 140262234891968 "GET /favicon.ico HTTP/1.1" 404 3000
INFO 2025-09-16 12:06:38,163 basehttp 168592 140262261118656 "GET /api/image-management/ HTTP/1.1" 200 16705
INFO 2025-09-16 12:06:38,264 basehttp 168592 140262261118656 "GET /static/core/css/dashboard-styles.css HTTP/1.1" 200 61825
INFO 2025-09-16 12:06:38,272 basehttp 168592 140262261118656 "GET /static/core/js/image-management.js HTTP/1.1" 200 16789
INFO 2025-09-16 12:06:39,501 basehttp 168592 140262022051520 "GET /api/image-management/ HTTP/1.1" 200 16705
INFO 2025-09-16 12:06:39,547 basehttp 168592 140262022051520 "GET /static/core/css/dashboard-styles.css HTTP/1.1" 200 61825
INFO 2025-09-16 12:06:39,553 basehttp 168592 140262022051520 "GET /static/core/js/image-management.js HTTP/1.1" 200 16789
INFO 2025-09-16 12:06:40,286 basehttp 168592 140262252725952 "GET /api/images/ HTTP/1.1" 200 1297
INFO 2025-09-16 12:06:40,304 basehttp 168592 140262022051520 "GET /api/images/?page=1&page_size=12 HTTP/1.1" 200 1297
INFO 2025-09-16 12:06:40,419 basehttp 168592 140262252725952 "GET /media/uploads/images/2025/09/16/Untitled.jpeg HTTP/1.1" 200 191336
INFO 2025-09-16 12:06:40,424 basehttp 168592 140262022051520 "GET /media/uploads/images/2025/09/16/ny.jpeg HTTP/1.1" 200 189550
INFO 2025-09-16 12:06:40,511 basehttp 168592 140262292584128 "GET /media/uploads/images/2025/09/16/RUID856147bd6dbc437d81035a5f030d17c1.jpg HTTP/1.1" 200 2660432
WARNING 2025-09-16 12:06:40,994 log 168592 140262292584128 Not Found: /favicon.ico
WARNING 2025-09-16 12:06:40,995 basehttp 168592 140262292584128 "GET /favicon.ico HTTP/1.1" 404 3000
INFO 2025-09-16 12:06:59,793 basehttp 168592 140262261118656 "POST /api/recognize/ HTTP/1.1" 200 1064
INFO 2025-09-16 12:08:40,525 basehttp 168592 140262234891968 "POST /api/recognize/ HTTP/1.1" 200 1064
INFO 2025-09-16 12:11:38,547 basehttp 168592 140262269511360 "POST /api/recognize/ HTTP/1.1" 200 1064
INFO 2025-09-16 12:12:40,242 views 208296 139862808692288 Best match found: Alex, Description: wwew, Location: Fiapre, Tags: Wanted
INFO 2025-09-16 12:13:00,450 views 209519 139673129363008 Best match found: Alex, Description: wwew, Location: Fiapre, Tags: Wanted
INFO 2025-09-16 12:14:00,295 basehttp 168592 140262234891968 "POST /api/recognize/ HTTP/1.1" 200 1064
INFO 2025-09-16 12:14:33,827 basehttp 168592 140262261118656 "POST /api/recognize/ HTTP/1.1" 200 1063
INFO 2025-09-16 12:15:24,683 views 212547 140399064643264 Best match found: Alex, Description: wwew, Location: Fiapre, Tags: Wanted
INFO 2025-09-16 12:15:24,753 basehttp 212547 140399064643264 "POST /api/recognize/ HTTP/1.1" 200 1121
INFO 2025-09-16 12:15:57,215 basehttp 212547 140399055201984 "GET /api/face-recognition/ HTTP/1.1" 200 17536
WARNING 2025-09-16 12:17:00,818 log 212547 140399046809280 Not Found: /favicon.ico
INFO 2025-09-16 12:17:34,841 basehttp 212547 140399030023872 "GET /api/face-recognition/ HTTP/1.1" 200 17536
INFO 2025-09-16 12:17:35,276 basehttp 212547 140399030023872 "GET /static/core/js/app.js HTTP/1.1" 200 22650
INFO 2025-09-16 12:17:45,010 views 212547 140399030023872 Best match found: Alex, Description: wwew, Location: Fiapre, Tags: Wanted
INFO 2025-09-16 12:17:45,023 basehttp 212547 140399030023872 "POST /api/recognize/ HTTP/1.1" 200 1121
INFO 2025-09-16 12:17:49,486 views 212547 140399030023872 Best match found: Alex, Description: wwew, Location: Fiapre, Tags: Wanted
INFO 2025-09-16 12:17:49,490 basehttp 212547 140399030023872 "POST /api/recognize/ HTTP/1.1" 200 1121
INFO 2025-09-16 12:17:50,492 views 212547 140399030023872 Best match found: Alex, Description: wwew, Location: Fiapre, Tags: Wanted
INFO 2025-09-16 12:17:50,505 basehttp 212547 140399030023872 "POST /api/recognize/ HTTP/1.1" 200 1121
INFO 2025-09-16 12:18:05,753 views 212547 140399030023872 Best match found: Alex, Description: wwew, Location: Fiapre, Tags: Wanted
INFO 2025-09-16 12:18:05,774 basehttp 212547 140399030023872 "POST /api/recognize/ HTTP/1.1" 200 1120
INFO 2025-09-16 12:18:07,003 views 212547 140399030023872 Best match found: Alex, Description: wwew, Location: Fiapre, Tags: Wanted
INFO 2025-09-16 12:18:07,009 basehttp 212547 140399030023872 "POST /api/recognize/ HTTP/1.1" 200 1121
INFO 2025-09-16 12:18:25,966 views 212547 140399030023872 Best match found: Alex, Description: wwew, Location: Fiapre, Tags: Wanted
INFO 2025-09-16 12:18:25,976 basehttp 212547 140399030023872 "POST /api/recognize/ HTTP/1.1" 200 1121
INFO 2025-09-16 12:18:31,035 views 212547 140399030023872 Best match found: Alex, Description: wwew, Location: Fiapre, Tags: Wanted
INFO 2025-09-16 12:18:31,047 basehttp 212547 140399030023872 "POST /api/recognize/ HTTP/1.1" 200 1121
INFO 2025-09-16 12:20:15,948 basehttp 212547 140399030023872 "GET /api/face-recognition/ HTTP/1.1" 200 17536
INFO 2025-09-16 12:20:16,149 basehttp 212547 140399030023872 "GET /static/core/js/app.js HTTP/1.1" 304 0
INFO 2025-09-16 12:20:18,139 basehttp 212547 140399055201984 "GET /api/face-recognition/ HTTP/1.1" 200 17536
INFO 2025-09-16 12:20:18,401 basehttp 212547 140399055201984 "GET /static/core/js/app.js HTTP/1.1" 200 22650
INFO 2025-09-16 12:20:18,943 basehttp 212547 140399055201984 "GET /api/face-recognition/ HTTP/1.1" 200 17536
INFO 2025-09-16 12:20:19,042 basehttp 212547 140399055201984 "GET /static/core/js/app.js HTTP/1.1" 200 22650
WARNING 2025-09-16 12:20:20,288 log 212547 140399055201984 Not Found: /favicon.ico
WARNING 2025-09-16 12:20:20,289 basehttp 212547 140399055201984 "GET /favicon.ico HTTP/1.1" 404 3000
INFO 2025-09-16 12:20:23,452 basehttp 212547 140399055201984 "GET /api/officer-dashboard/ HTTP/1.1" 200 31110
INFO 2025-09-16 12:20:23,532 basehttp 212547 140399055201984 "GET /static/core/js/dashboard.js HTTP/1.1" 304 0
INFO 2025-09-16 12:20:28,803 basehttp 212547 140399055201984 "GET /api/login-page/ HTTP/1.1" 200 7896
INFO 2025-09-16 12:20:30,770 basehttp 212547 140399055201984 "GET /api/login-page/ HTTP/1.1" 200 7896
INFO 2025-09-16 12:20:31,351 basehttp 212547 140399055201984 "GET /api/login-page/ HTTP/1.1" 200 7896
INFO 2025-09-16 12:29:58,386 basehttp 225523 139892350772928 "GET /api/login-page/ HTTP/1.1" 200 7896
INFO 2025-09-16 12:30:11,707 basehttp 225523 139892350772928 "POST /api/token/ HTTP/1.1" 200 491
INFO 2025-09-16 12:30:11,873 basehttp 225523 139892350772928 "GET /api/profile/ HTTP/1.1" 200 482
INFO 2025-09-16 12:30:13,586 basehttp 225523 139892350772928 "GET /api/officer-dashboard/ HTTP/1.1" 200 31110
INFO 2025-09-16 12:30:14,088 basehttp 225523 139892350772928 "GET /static/core/js/dashboard.js HTTP/1.1" 304 0
INFO 2025-09-16 12:30:18,109 basehttp 225523 139892350772928 "GET /api/face-recognition/ HTTP/1.1" 200 17536
INFO 2025-09-16 12:30:18,476 basehttp 225523 139892350772928 "GET /static/core/js/app.js HTTP/1.1" 304 0
INFO 2025-09-16 12:30:27,502 views 225523 139892350772928 Best match found: Alex, Description: wwew, Location: Fiapre, Tags: Wanted
INFO 2025-09-16 12:30:27,523 basehttp 225523 139892350772928 "POST /api/recognize/ HTTP/1.1" 200 1121
INFO 2025-09-16 13:10:11,521 face_recognition_service 266459 140075053610688 Face detection cascade loaded successfully
ERROR 2025-09-16 13:10:11,527 face_recognition_service 266459 140075053610688 Face recognition error: Invalid base64-encoded string: number of data characters (13) cannot be 1 more than a multiple of 4
WARNING 2025-09-16 13:10:11,538 log 266459 140075053610688 Bad Request: /api/recognize/
WARNING 2025-09-16 13:10:11,553 basehttp 266459 140075053610688 "POST /api/recognize/ HTTP/1.1" 400 198
INFO 2025-09-16 13:10:44,942 basehttp 266459 140075053610688 "GET /api/face-recognition/ HTTP/1.1" 200 17536
INFO 2025-09-16 13:10:45,215 basehttp 266459 140075053610688 "GET /static/core/js/app.js HTTP/1.1" 200 24880
WARNING 2025-09-16 13:10:45,372 log 266459 140075053610688 Not Found: /favicon.ico
INFO 2025-09-16 13:11:04,236 basehttp 266459 140074050123456 "GET /api/officer-dashboard/ HTTP/1.1" 200 31110
INFO 2025-09-16 13:11:04,841 basehttp 266459 140074050123456 "GET /static/core/js/dashboard.js HTTP/1.1" 304 0
INFO 2025-09-16 13:11:06,172 basehttp 266459 140074050123456 "GET /api/login-page/ HTTP/1.1" 200 7896
WARNING 2025-09-16 13:12:54,044 log 266459 140075053610688 Bad Request: /api/recognize/
WARNING 2025-09-16 13:12:54,084 basehttp 266459 140075053610688 "POST /api/recognize/ HTTP/1.1" 400 104
WARNING 2025-09-16 13:13:28,177 log 266459 140074041730752 Bad Request: /api/recognize/
WARNING 2025-09-16 13:13:28,184 basehttp 266459 140074041730752 "POST /api/recognize/ HTTP/1.1" 400 104
INFO 2025-09-16 13:15:11,784 basehttp 266459 140074033338048 "GET /api/face-recognition/ HTTP/1.1" 200 17536
INFO 2025-09-16 13:17:02,079 basehttp 266459 140074024945344 "GET /api/login-page/ HTTP/1.1" 200 7896
INFO 2025-09-16 13:17:10,936 basehttp 266459 140074024945344 "POST /api/token/ HTTP/1.1" 200 491
INFO 2025-09-16 13:17:11,051 basehttp 266459 140074024945344 "GET /api/profile/ HTTP/1.1" 200 482
INFO 2025-09-16 13:17:12,744 basehttp 266459 140074024945344 "GET /api/officer-dashboard/ HTTP/1.1" 200 31110
INFO 2025-09-16 13:17:16,161 basehttp 266459 140074024945344 "GET /api/face-recognition/ HTTP/1.1" 200 17536
INFO 2025-09-16 13:17:16,394 basehttp 266459 140074024945344 "GET /static/core/js/app.js HTTP/1.1" 304 0
INFO 2025-09-16 13:17:37,741 basehttp 266459 140074024945344 "POST /api/recognize/ HTTP/1.1" 200 2037
INFO 2025-09-16 13:17:51,398 basehttp 266459 140074024945344 "POST /api/recognize/ HTTP/1.1" 200 2042
INFO 2025-09-16 13:18:28,628 basehttp 266459 140074024945344 "POST /api/recognize/ HTTP/1.1" 200 2040
INFO 2025-09-16 13:21:12,299 basehttp 280819 140029618812608 "GET /api/face-recognition/ HTTP/1.1" 200 17536
INFO 2025-09-16 13:21:12,532 basehttp 280819 140029618812608 "GET /static/core/js/app.js HTTP/1.1" 304 0
INFO 2025-09-16 13:21:16,646 face_recognition_service 280819 140029618812608 Face detection cascade loaded successfully
INFO 2025-09-16 13:21:22,969 basehttp 280819 140029618812608 "POST /api/recognize/ HTTP/1.1" 200 2043
INFO 2025-09-16 13:21:46,309 basehttp 280819 140029618812608 "POST /api/recognize/ HTTP/1.1" 200 2042
WARNING 2025-09-16 13:23:55,885 log 280819 140029618812608 Bad Request: /api/recognize/
WARNING 2025-09-16 13:23:55,907 basehttp 280819 140029618812608 "POST /api/recognize/ HTTP/1.1" 400 104
WARNING 2025-09-16 13:24:59,825 log 280819 140028831315648 Bad Request: /api/recognize/
WARNING 2025-09-16 13:24:59,829 basehttp 280819 140028831315648 "POST /api/recognize/ HTTP/1.1" 400 104
ERROR 2025-09-16 13:26:19,466 views 287075 140425733940928 Face recognition error: expected 'except' or 'finally' block (face_recognition_service.py, line 142)
ERROR 2025-09-16 13:26:19,469 log 287075 140425733940928 Internal Server Error: /api/recognize/
ERROR 2025-09-16 13:26:19,470 basehttp 287075 140425733940928 "POST /api/recognize/ HTTP/1.1" 500 149
INFO 2025-09-16 15:32:05,372 basehttp 287075 140425724499648 "GET /api/officer-dashboard/ HTTP/1.1" 200 31110
INFO 2025-09-16 15:32:06,117 basehttp 287075 140425724499648 "GET /static/core/js/dashboard.js HTTP/1.1" 304 0
INFO 2025-09-16 15:32:06,156 basehttp 287075 140425716106944 "GET /static/core/css/dashboard-styles.css HTTP/1.1" 200 61825
INFO 2025-09-16 15:32:07,666 basehttp 287075 140425716106944 "GET /api/login-page/ HTTP/1.1" 200 7896
INFO 2025-09-16 15:32:07,969 basehttp 287075 140425716106944 "GET /static/core/js/login.js?v=4.0 HTTP/1.1" 304 0
INFO 2025-09-16 15:32:07,974 basehttp 287075 140425724499648 "GET /static/core/css/login-styles.css HTTP/1.1" 200 19008
INFO 2025-09-16 15:32:19,268 basehttp 287075 140425716106944 "POST /api/token/ HTTP/1.1" 200 491
INFO 2025-09-16 15:32:19,440 basehttp 287075 140425716106944 "GET /api/profile/ HTTP/1.1" 200 482
INFO 2025-09-16 15:32:21,224 basehttp 287075 140425716106944 "GET /api/officer-dashboard/ HTTP/1.1" 200 31110
INFO 2025-09-16 15:32:25,960 basehttp 287075 140425716106944 "GET /api/face-recognition/ HTTP/1.1" 200 17536
INFO 2025-09-16 15:32:26,434 basehttp 287075 140425716106944 "GET /static/core/js/app.js HTTP/1.1" 304 0
ERROR 2025-09-16 15:32:37,075 views 287075 140425716106944 Face recognition error: expected 'except' or 'finally' block (face_recognition_service.py, line 142)
ERROR 2025-09-16 15:32:37,080 log 287075 140425716106944 Internal Server Error: /api/recognize/
ERROR 2025-09-16 15:32:37,081 basehttp 287075 140425716106944 "POST /api/recognize/ HTTP/1.1" 500 149
ERROR 2025-09-16 15:32:39,549 views 287075 140425716106944 Face recognition error: expected 'except' or 'finally' block (face_recognition_service.py, line 142)
ERROR 2025-09-16 15:32:39,550 log 287075 140425716106944 Internal Server Error: /api/recognize/
ERROR 2025-09-16 15:32:39,551 basehttp 287075 140425716106944 "POST /api/recognize/ HTTP/1.1" 500 149
INFO 2025-09-16 15:33:03,475 basehttp 341304 139965881120448 "GET / HTTP/1.1" 302 0
INFO 2025-09-16 15:33:03,651 basehttp 341304 139965881120448 "GET /api/login-page/ HTTP/1.1" 200 7896
INFO 2025-09-16 15:33:20,898 basehttp 341304 139965881120448 "GET /api/login-page/ HTTP/1.1" 200 7896
INFO 2025-09-16 15:33:26,920 basehttp 341304 139965881120448 "POST /api/token/ HTTP/1.1" 200 491
INFO 2025-09-16 15:33:27,046 basehttp 341304 139965881120448 "GET /api/profile/ HTTP/1.1" 200 482
INFO 2025-09-16 15:33:28,777 basehttp 341304 139965881120448 "GET /api/officer-dashboard/ HTTP/1.1" 200 31110
INFO 2025-09-16 15:33:34,035 basehttp 341304 139965881120448 "POST /api/token/ HTTP/1.1" 200 491
INFO 2025-09-16 15:33:34,181 basehttp 341304 139965881120448 "GET /api/profile/ HTTP/1.1" 200 479
INFO 2025-09-16 15:33:35,836 basehttp 341304 139965881120448 "GET /api/admin-dashboard/ HTTP/1.1" 200 63402
INFO 2025-09-16 15:33:43,699 basehttp 341304 139965881120448 "GET /api/face-recognition/ HTTP/1.1" 200 17536
ERROR 2025-09-16 15:33:55,465 views 341304 139965881120448 Face recognition error: expected 'except' or 'finally' block (face_recognition_service.py, line 142)
ERROR 2025-09-16 15:33:55,471 log 341304 139965881120448 Internal Server Error: /api/recognize/
ERROR 2025-09-16 15:33:55,472 basehttp 341304 139965881120448 "POST /api/recognize/ HTTP/1.1" 500 149
ERROR 2025-09-16 15:33:57,162 views 341304 139965881120448 Face recognition error: expected 'except' or 'finally' block (face_recognition_service.py, line 142)
ERROR 2025-09-16 15:33:57,164 log 341304 139965881120448 Internal Server Error: /api/recognize/
ERROR 2025-09-16 15:33:57,165 basehttp 341304 139965881120448 "POST /api/recognize/ HTTP/1.1" 500 149
ERROR 2025-09-16 15:33:58,123 views 341304 139965881120448 Face recognition error: expected 'except' or 'finally' block (face_recognition_service.py, line 142)
ERROR 2025-09-16 15:33:58,125 log 341304 139965881120448 Internal Server Error: /api/recognize/
ERROR 2025-09-16 15:33:58,129 basehttp 341304 139965881120448 "POST /api/recognize/ HTTP/1.1" 500 149
INFO 2025-09-16 15:34:03,606 basehttp 341304 139965881120448 "GET /api/image-upload/ HTTP/1.1" 200 19865
INFO 2025-09-16 15:34:04,058 basehttp 341304 139965881120448 "GET /static/core/js/image-upload.js HTTP/1.1" 304 0
INFO 2025-09-16 15:34:04,320 basehttp 341304 139965881120448 "GET /api/images/?page=1&page_size=12 HTTP/1.1" 200 1297
INFO 2025-09-16 15:34:04,346 basehttp 341304 139965881120448 "GET /media/uploads/images/2025/09/16/Untitled.jpeg HTTP/1.1" 304 0
INFO 2025-09-16 15:34:04,356 basehttp 341304 139965866440384 "GET /media/uploads/images/2025/09/16/ny.jpeg HTTP/1.1" 304 0
INFO 2025-09-16 15:34:04,357 basehttp 341304 139965858047680 "GET /media/uploads/images/2025/09/16/RUID856147bd6dbc437d81035a5f030d17c1.jpg HTTP/1.1" 304 0
INFO 2025-09-16 15:34:10,120 basehttp 341304 139965881120448 "GET /api/admin-dashboard/ HTTP/1.1" 200 63402
INFO 2025-09-16 15:34:15,130 basehttp 341304 139965881120448 "GET /api/image-management/ HTTP/1.1" 200 16705
INFO 2025-09-16 15:34:15,330 basehttp 341304 139965858047680 "GET /static/core/js/image-management.js HTTP/1.1" 304 0
INFO 2025-09-16 15:34:15,766 basehttp 341304 139965866440384 "GET /api/images/?page=1&page_size=12 HTTP/1.1" 200 1297
INFO 2025-09-16 15:34:15,773 basehttp 341304 139965858047680 "GET /api/images/ HTTP/1.1" 200 1297
INFO 2025-09-16 15:34:27,971 basehttp 341304 139965881120448 "GET /api/admin-dashboard/ HTTP/1.1" 200 63402
INFO 2025-09-16 15:34:32,166 basehttp 341304 139965881120448 "GET /api/user-management/ HTTP/1.1" 200 26816
INFO 2025-09-16 15:34:32,620 basehttp 341304 139965866440384 "GET /static/core/js/user-management.js HTTP/1.1" 304 0
INFO 2025-09-16 15:34:32,955 basehttp 341304 139965858047680 "GET /api/users/ HTTP/1.1" 200 966
INFO 2025-09-16 15:34:33,036 basehttp 341304 139965866440384 "GET /api/users/ HTTP/1.1" 200 966
INFO 2025-09-16 15:34:35,988 basehttp 341304 139965881120448 "GET /api/users/14/ HTTP/1.1" 200 458
INFO 2025-09-16 15:34:44,342 basehttp 341304 139965881120448 "GET /api/users/ HTTP/1.1" 200 966
INFO 2025-09-16 15:34:44,422 basehttp 341304 139965858047680 "GET /api/users/ HTTP/1.1" 200 966
INFO 2025-09-16 15:34:50,854 basehttp 341304 139965881120448 "GET /api/admin-dashboard/ HTTP/1.1" 200 63402
INFO 2025-09-16 15:34:54,172 basehttp 341304 139965881120448 "GET /api/audit-logs-page/ HTTP/1.1" 200 14684
INFO 2025-09-16 15:34:54,375 basehttp 341304 139965866440384 "GET /static/core/js/audit-logs.js HTTP/1.1" 304 0
INFO 2025-09-16 15:34:54,695 basehttp 341304 139965858047680 "GET /api/users/ HTTP/1.1" 200 966
INFO 2025-09-16 15:34:55,127 basehttp 341304 139965881120448 "GET /api/audit-logs/ HTTP/1.1" 200 16459
INFO 2025-09-16 15:34:55,144 basehttp 341304 139965866440384 "GET /api/audit-logs/ HTTP/1.1" 200 16452
INFO 2025-09-16 15:35:04,091 basehttp 341304 139965881120448 "GET /api/admin-dashboard/ HTTP/1.1" 200 63402
INFO 2025-09-16 15:35:08,618 basehttp 341304 139965881120448 "GET /admin/ HTTP/1.1" 200 8887
INFO 2025-09-16 15:35:09,063 basehttp 341304 139965866440384 "GET /static/admin/img/icon-addlink.svg HTTP/1.1" 200 331
INFO 2025-09-16 15:35:09,065 basehttp 341304 139965858047680 "GET /static/admin/img/icon-changelink.svg HTTP/1.1" 200 380
INFO 2025-09-16 15:35:09,067 basehttp 341304 139965881120448 "GET /static/admin/img/icon-viewlink.svg HTTP/1.1" 200 581
INFO 2025-09-16 15:35:13,109 basehttp 341304 139965881120448 "GET /admin/core/auditlog/ HTTP/1.1" 200 65780
INFO 2025-09-16 15:35:13,376 basehttp 341304 139965866440384 "GET /static/admin/img/search.svg HTTP/1.1" 200 458
INFO 2025-09-16 15:35:13,397 basehttp 341304 139965866440384 "GET /static/admin/js/filters.js HTTP/1.1" 200 978
INFO 2025-09-16 15:35:13,402 basehttp 341304 139965858047680 "GET /admin/jsi18n/ HTTP/1.1" 200 3343
INFO 2025-09-16 15:35:13,745 basehttp 341304 139965866440384 "GET /static/admin/img/sorting-icons.svg HTTP/1.1" 200 1097
INFO 2025-09-16 15:35:30,889 basehttp 341304 139965881120448 "GET /admin/core/passwordresetrequest/ HTTP/1.1" 200 11514
INFO 2025-09-16 15:35:31,151 basehttp 341304 139965866440384 "GET /admin/jsi18n/ HTTP/1.1" 200 3343
INFO 2025-09-16 15:35:31,373 basehttp 341304 139965866440384 "GET /static/admin/img/tooltag-add.svg HTTP/1.1" 200 331
INFO 2025-09-16 15:35:33,673 basehttp 341304 139965881120448 "GET /admin/core/systemconfiguration/ HTTP/1.1" 200 11357
INFO 2025-09-16 15:35:33,857 basehttp 341304 139965866440384 "GET /admin/jsi18n/ HTTP/1.1" 200 3343
INFO 2025-09-16 15:35:35,153 basehttp 341304 139965881120448 "GET /admin/core/uploadedimage/ HTTP/1.1" 200 15205
INFO 2025-09-16 15:35:35,413 basehttp 341304 139965866440384 "GET /admin/jsi18n/ HTTP/1.1" 200 3343
INFO 2025-09-16 15:35:35,461 basehttp 341304 139965858047680 "GET /static/admin/img/icon-yes.svg HTTP/1.1" 200 436
INFO 2025-09-16 15:35:35,465 basehttp 341304 139965866440384 "GET /static/admin/img/icon-no.svg HTTP/1.1" 200 560
INFO 2025-09-16 15:35:39,253 basehttp 341304 139965881120448 "GET /admin/core/usersession/ HTTP/1.1" 200 10856
INFO 2025-09-16 15:35:39,518 basehttp 341304 139965866440384 "GET /admin/jsi18n/ HTTP/1.1" 200 3343
INFO 2025-09-16 15:35:42,897 basehttp 341304 139965881120448 "GET /admin/core/user/ HTTP/1.1" 200 15643
INFO 2025-09-16 15:35:43,132 basehttp 341304 139965866440384 "GET /admin/jsi18n/ HTTP/1.1" 200 3343
INFO 2025-09-16 15:35:48,095 basehttp 341304 139965881120448 "GET / HTTP/1.1" 302 0
INFO 2025-09-16 15:35:48,182 basehttp 341304 139965881120448 "GET /api/login-page/ HTTP/1.1" 200 7896
INFO 2025-09-16 15:35:52,918 basehttp 341304 139965881120448 "GET /admin/core/user/ HTTP/1.1" 200 15643
INFO 2025-09-16 15:36:37,320 basehttp 341304 139965881120448 "GET / HTTP/1.1" 302 0
INFO 2025-09-16 15:36:37,391 basehttp 341304 139965881120448 "GET /api/login-page/ HTTP/1.1" 200 7896
INFO 2025-09-16 15:53:37,484 basehttp 341304 139965881120448 "GET /api/officer-dashboard/ HTTP/1.1" 200 31110
INFO 2025-09-16 15:57:02,997 basehttp 352086 140398844442304 "GET /api/face-recognition/ HTTP/1.1" 200 17536
INFO 2025-09-16 15:57:03,187 basehttp 352086 140398844442304 "GET /static/core/js/app.js HTTP/1.1" 304 0
INFO 2025-09-16 15:57:51,612 basehttp 353023 140103129233088 "GET /api/officer-dashboard/ HTTP/1.1" 200 31110
INFO 2025-09-16 15:57:51,755 basehttp 353023 140103129233088 "GET /static/core/js/dashboard.js HTTP/1.1" 304 0
INFO 2025-09-16 15:57:56,768 basehttp 353023 140103129233088 "GET /api/login-page/ HTTP/1.1" 200 7896
INFO 2025-09-16 15:59:58,462 basehttp 353023 140103120840384 "POST /api/token/ HTTP/1.1" 200 491
INFO 2025-09-16 15:59:58,599 basehttp 353023 140103120840384 "GET /api/profile/ HTTP/1.1" 200 479
INFO 2025-09-16 16:00:00,251 basehttp 353023 140103120840384 "GET /api/admin-dashboard/ HTTP/1.1" 200 63402
INFO 2025-09-16 16:00:04,764 basehttp 353023 140103120840384 "GET /api/user-management/ HTTP/1.1" 200 26816
INFO 2025-09-16 16:00:05,245 basehttp 353023 140103120840384 "GET /api/users/ HTTP/1.1" 200 966
INFO 2025-09-16 16:00:05,303 basehttp 353023 140103129233088 "GET /api/users/ HTTP/1.1" 200 966
INFO 2025-09-16 16:00:37,640 basehttp 353023 140103120840384 "GET /api/admin-dashboard/ HTTP/1.1" 200 63402
INFO 2025-09-16 16:00:41,449 basehttp 353023 140103120840384 "GET /api/image-upload/ HTTP/1.1" 200 19865
INFO 2025-09-16 16:00:41,938 basehttp 353023 140103129233088 "GET /api/images/?page=1&page_size=12 HTTP/1.1" 200 1297
INFO 2025-09-16 16:16:31,979 basehttp 353023 140103120840384 "GET /api/login-page/ HTTP/1.1" 200 7896
INFO 2025-09-16 16:20:18,144 basehttp 353023 140103129233088 "GET /api/admin-dashboard/ HTTP/1.1" 200 63402
INFO 2025-09-16 16:20:26,277 basehttp 353023 140103129233088 "GET /api/login-page/ HTTP/1.1" 200 7896
INFO 2025-09-16 16:23:33,606 basehttp 353023 140103036958400 "POST /api/logout/ HTTP/1.1" 200 46
INFO 2025-09-16 16:23:33,744 basehttp 353023 140103036958400 "GET /api/login-page/ HTTP/1.1" 200 7896
INFO 2025-09-16 18:14:10,934 basehttp 353023 140103036958400 "POST /api/token/ HTTP/1.1" 200 491
INFO 2025-09-16 18:14:11,036 basehttp 353023 140103036958400 "GET /api/profile/ HTTP/1.1" 200 482
INFO 2025-09-16 18:14:12,686 basehttp 353023 140103036958400 "GET /api/officer-dashboard/ HTTP/1.1" 200 31110
INFO 2025-09-16 18:14:13,061 basehttp 353023 140103036958400 "GET /static/core/js/dashboard.js HTTP/1.1" 304 0
INFO 2025-09-16 18:14:23,906 basehttp 353023 140103036958400 "GET /api/face-recognition/ HTTP/1.1" 200 17536
INFO 2025-09-16 18:14:24,064 basehttp 353023 140103036958400 "GET /static/core/js/app.js HTTP/1.1" 304 0
INFO 2025-09-16 18:14:36,698 basehttp 353023 140103036958400 "GET /api/officer-dashboard/ HTTP/1.1" 200 31110
INFO 2025-09-16 18:14:42,806 basehttp 353023 140103036958400 "GET /api/face-recognition/ HTTP/1.1" 200 17536
INFO 2025-09-16 18:14:49,038 basehttp 353023 140103036958400 "GET /api/officer-dashboard/ HTTP/1.1" 200 31110
INFO 2025-09-16 18:23:07,591 basehttp 353023 140103129233088 "GET /api/face-recognition/ HTTP/1.1" 200 17536
ERROR 2025-09-16 18:23:31,419 views 353023 140103129233088 Face recognition error: expected 'except' or 'finally' block (face_recognition_service.py, line 142)
ERROR 2025-09-16 18:23:31,425 log 353023 140103129233088 Internal Server Error: /api/recognize/
ERROR 2025-09-16 18:23:31,428 basehttp 353023 140103129233088 "POST /api/recognize/ HTTP/1.1" 500 149
ERROR 2025-09-16 18:23:44,816 views 353023 140103129233088 Face recognition error: expected 'except' or 'finally' block (face_recognition_service.py, line 142)
ERROR 2025-09-16 18:23:44,818 log 353023 140103129233088 Internal Server Error: /api/recognize/
ERROR 2025-09-16 18:23:44,819 basehttp 353023 140103129233088 "POST /api/recognize/ HTTP/1.1" 500 149
INFO 2025-09-16 18:24:27,775 basehttp 353023 140103129233088 "POST /api/token/ HTTP/1.1" 200 491
INFO 2025-09-16 18:24:27,881 basehttp 353023 140103129233088 "GET /api/profile/ HTTP/1.1" 200 479
INFO 2025-09-16 18:24:29,472 basehttp 353023 140103129233088 "GET /api/admin-dashboard/ HTTP/1.1" 200 63402
INFO 2025-09-16 18:24:48,939 basehttp 353023 140103129233088 "GET /api/analytics-page/ HTTP/1.1" 200 8765
INFO 2025-09-16 18:24:49,103 basehttp 353023 140103129233088 "GET /static/core/js/analytics.js HTTP/1.1" 200 8174
INFO 2025-09-16 18:24:49,236 basehttp 353023 140103129233088 "GET /api/analytics/?days=30 HTTP/1.1" 200 233
INFO 2025-09-16 18:24:49,283 basehttp 353023 140103129233088 "GET /api/images/?limit=12 HTTP/1.1" 200 1297
INFO 2025-09-16 18:24:52,240 basehttp 353023 140103129233088 "GET /api/analytics/?days=30 HTTP/1.1" 200 233
INFO 2025-09-16 18:24:52,292 basehttp 353023 140103129233088 "GET /api/images/?limit=12 HTTP/1.1" 200 1297
INFO 2025-09-16 18:24:53,313 basehttp 353023 140103129233088 "GET /api/analytics/?days=30 HTTP/1.1" 200 233
INFO 2025-09-16 18:24:53,352 basehttp 353023 140103129233088 "GET /api/images/?limit=12 HTTP/1.1" 200 1297
INFO 2025-09-16 18:25:03,053 basehttp 353023 140103129233088 "GET /api/image-management/ HTTP/1.1" 200 16705
INFO 2025-09-16 18:25:03,189 basehttp 353023 140103129233088 "GET /static/core/js/image-management.js HTTP/1.1" 304 0
INFO 2025-09-16 18:25:03,327 basehttp 353023 140103129233088 "GET /api/images/?page=1&page_size=12 HTTP/1.1" 200 1297
INFO 2025-09-16 18:25:03,373 basehttp 353023 140103129233088 "GET /media/uploads/images/2025/09/16/Untitled.jpeg HTTP/1.1" 304 0
INFO 2025-09-16 18:25:03,380 basehttp 353023 140103036958400 "GET /api/images/ HTTP/1.1" 200 1297
INFO 2025-09-16 18:25:03,382 basehttp 353023 140103120840384 "GET /media/uploads/images/2025/09/16/ny.jpeg HTTP/1.1" 304 0
INFO 2025-09-16 18:25:03,391 basehttp 353023 140103036958400 "GET /media/uploads/images/2025/09/16/RUID856147bd6dbc437d81035a5f030d17c1.jpg HTTP/1.1" 304 0
INFO 2025-09-16 18:25:08,613 basehttp 353023 140103129233088 "GET /api/admin-dashboard/ HTTP/1.1" 200 63402
INFO 2025-09-16 18:25:12,790 basehttp 353023 140103129233088 "GET /api/user-management/ HTTP/1.1" 200 26816
INFO 2025-09-16 18:25:13,103 basehttp 353023 140103036958400 "GET /static/core/js/user-management.js HTTP/1.1" 304 0
INFO 2025-09-16 18:25:13,221 basehttp 353023 140103036958400 "GET /api/users/ HTTP/1.1" 200 966
INFO 2025-09-16 18:25:13,253 basehttp 353023 140103120840384 "GET /api/users/ HTTP/1.1" 200 966
INFO 2025-09-16 18:25:21,237 basehttp 353023 140103129233088 "GET /api/admin-dashboard/ HTTP/1.1" 200 63402
INFO 2025-09-16 18:25:24,560 basehttp 353023 140103129233088 "GET /api/audit-logs-page/ HTTP/1.1" 200 14684
INFO 2025-09-16 18:25:24,747 basehttp 353023 140103036958400 "GET /static/core/js/audit-logs.js HTTP/1.1" 304 0
INFO 2025-09-16 18:25:25,042 basehttp 353023 140103120840384 "GET /api/users/ HTTP/1.1" 200 966
INFO 2025-09-16 18:25:25,212 basehttp 353023 140103036958400 "GET /api/audit-logs/ HTTP/1.1" 200 16557
INFO 2025-09-16 18:25:25,240 basehttp 353023 140103129233088 "GET /api/audit-logs/ HTTP/1.1" 200 16557
INFO 2025-09-16 18:25:35,122 basehttp 353023 140103129233088 "GET /api/admin-dashboard/ HTTP/1.1" 200 63402
INFO 2025-09-16 18:26:15,118 basehttp 353023 140103129233088 "GET /admin/ HTTP/1.1" 200 8887
INFO 2025-09-16 18:26:26,932 basehttp 353023 140103129233088 "GET /admin/core/auditlog/ HTTP/1.1" 200 65571
INFO 2025-09-16 18:26:27,065 basehttp 353023 140103036958400 "GET /admin/jsi18n/ HTTP/1.1" 200 3343
INFO 2025-09-16 18:26:38,936 basehttp 353023 140103129233088 "GET /admin/core/notification/ HTTP/1.1" 200 12165
INFO 2025-09-16 18:26:39,050 basehttp 353023 140103036958400 "GET /admin/jsi18n/ HTTP/1.1" 200 3343
INFO 2025-09-16 18:26:41,419 basehttp 353023 140103129233088 "GET /admin/core/passwordresetrequest/ HTTP/1.1" 200 11514
INFO 2025-09-16 18:26:41,503 basehttp 353023 140103036958400 "GET /admin/jsi18n/ HTTP/1.1" 200 3343
INFO 2025-09-16 18:26:43,683 basehttp 353023 140103129233088 "GET /admin/core/systemconfiguration/ HTTP/1.1" 200 11357
INFO 2025-09-16 18:26:43,821 basehttp 353023 140103036958400 "GET /admin/jsi18n/ HTTP/1.1" 200 3343
INFO 2025-09-16 18:26:45,378 basehttp 353023 140103129233088 "GET /admin/core/uploadedimage/ HTTP/1.1" 200 15205
INFO 2025-09-16 18:26:45,458 basehttp 353023 140103036958400 "GET /admin/jsi18n/ HTTP/1.1" 200 3343
INFO 2025-09-16 18:26:46,549 basehttp 353023 140103129233088 "GET /admin/core/usersession/ HTTP/1.1" 200 10856
INFO 2025-09-16 18:26:46,711 basehttp 353023 140103036958400 "GET /admin/jsi18n/ HTTP/1.1" 200 3343
INFO 2025-09-16 18:26:49,132 basehttp 353023 140103129233088 "GET / HTTP/1.1" 302 0
INFO 2025-09-16 18:26:49,177 basehttp 353023 140103129233088 "GET /api/login-page/ HTTP/1.1" 200 7896
INFO 2025-09-16 18:26:49,303 basehttp 353023 140103036958400 "GET /static/core/js/login.js?v=4.0 HTTP/1.1" 304 0
INFO 2025-09-16 18:26:58,247 basehttp 353023 140103129233088 "POST /api/token/ HTTP/1.1" 200 491
INFO 2025-09-16 18:26:58,364 basehttp 353023 140103036958400 "GET /api/profile/ HTTP/1.1" 200 479
INFO 2025-09-16 18:27:00,031 basehttp 353023 140103129233088 "GET /api/admin-dashboard/ HTTP/1.1" 200 63402
ERROR 2025-09-17 01:50:08,061 views 468260 139787530741440 Face recognition error: expected 'except' or 'finally' block (face_recognition_service.py, line 142)
ERROR 2025-09-17 01:50:08,068 log 468260 139787530741440 Internal Server Error: /api/recognize/
ERROR 2025-09-17 01:50:08,069 basehttp 468260 139787530741440 "POST /api/recognize/ HTTP/1.1" 500 149
INFO 2025-09-17 01:58:08,284 face_recognition_service 468260 139787521300160 Face detection cascade loaded successfully
INFO 2025-09-17 01:58:08,358 face_recognition_service 468260 139787521300160 No faces detected, using mock face for testing
ERROR 2025-09-17 01:58:08,374 face_recognition_service 468260 139787521300160 Face recognition error: OpenCV(4.12.0) /io/opencv/modules/imgproc/src/resize.cpp:4208: error: (-215:Assertion failed) !ssize.empty() in function 'resize'

WARNING 2025-09-17 01:58:08,376 log 468260 139787521300160 Bad Request: /api/recognize/
WARNING 2025-09-17 01:58:08,377 basehttp 468260 139787521300160 "POST /api/recognize/ HTTP/1.1" 400 230
INFO 2025-09-17 01:59:40,205 face_recognition_service 468260 139787521300160 No faces detected, using mock face for testing
ERROR 2025-09-17 01:59:40,206 face_recognition_service 468260 139787521300160 Face recognition error: OpenCV(4.12.0) /io/opencv/modules/imgproc/src/resize.cpp:4208: error: (-215:Assertion failed) !ssize.empty() in function 'resize'

WARNING 2025-09-17 01:59:40,210 log 468260 139787521300160 Bad Request: /api/recognize/
WARNING 2025-09-17 01:59:40,215 basehttp 468260 139787521300160 "POST /api/recognize/ HTTP/1.1" 400 230
INFO 2025-09-17 02:00:38,728 face_recognition_service 468260 139787530741440 No faces detected, using mock face for testing
ERROR 2025-09-17 02:00:38,729 face_recognition_service 468260 139787530741440 Face recognition error: OpenCV(4.12.0) /io/opencv/modules/imgproc/src/resize.cpp:4208: error: (-215:Assertion failed) !ssize.empty() in function 'resize'

WARNING 2025-09-17 02:00:38,736 log 468260 139787530741440 Bad Request: /api/recognize/
WARNING 2025-09-17 02:00:38,737 basehttp 468260 139787530741440 "POST /api/recognize/ HTTP/1.1" 400 230
INFO 2025-09-17 02:01:23,910 face_recognition_service 468260 139787225790144 No faces detected, using mock face for testing
ERROR 2025-09-17 02:01:23,912 face_recognition_service 468260 139787225790144 Face recognition error: OpenCV(4.12.0) /io/opencv/modules/imgproc/src/resize.cpp:4208: error: (-215:Assertion failed) !ssize.empty() in function 'resize'

WARNING 2025-09-17 02:01:23,913 log 468260 139787225790144 Bad Request: /api/recognize/
WARNING 2025-09-17 02:01:23,917 basehttp 468260 139787225790144 "POST /api/recognize/ HTTP/1.1" 400 230
INFO 2025-09-17 02:02:47,341 face_recognition_service 468260 139787217397440 No faces detected, using mock face for testing
ERROR 2025-09-17 02:02:47,342 face_recognition_service 468260 139787217397440 Face recognition error: OpenCV(4.12.0) /io/opencv/modules/imgproc/src/resize.cpp:4208: error: (-215:Assertion failed) !ssize.empty() in function 'resize'

WARNING 2025-09-17 02:02:47,342 log 468260 139787217397440 Bad Request: /api/recognize/
WARNING 2025-09-17 02:02:47,343 basehttp 468260 139787217397440 "POST /api/recognize/ HTTP/1.1" 400 230
INFO 2025-09-17 02:04:11,597 face_recognition_service 468260 139787225790144 No faces detected, using mock face for testing
ERROR 2025-09-17 02:04:11,598 face_recognition_service 468260 139787225790144 Face recognition error: OpenCV(4.12.0) /io/opencv/modules/imgproc/src/resize.cpp:4208: error: (-215:Assertion failed) !ssize.empty() in function 'resize'

WARNING 2025-09-17 02:04:11,600 log 468260 139787225790144 Bad Request: /api/recognize/
WARNING 2025-09-17 02:04:11,603 basehttp 468260 139787225790144 "POST /api/recognize/ HTTP/1.1" 400 230
INFO 2025-09-17 02:05:53,852 face_recognition_service 468260 139787530741440 No faces detected, using mock face for testing
ERROR 2025-09-17 02:05:53,852 face_recognition_service 468260 139787530741440 Face recognition error: OpenCV(4.12.0) /io/opencv/modules/imgproc/src/resize.cpp:4208: error: (-215:Assertion failed) !ssize.empty() in function 'resize'

WARNING 2025-09-17 02:05:53,853 log 468260 139787530741440 Bad Request: /api/recognize/
WARNING 2025-09-17 02:05:53,855 basehttp 468260 139787530741440 "POST /api/recognize/ HTTP/1.1" 400 230
INFO 2025-09-17 02:06:53,460 face_recognition_service 468260 139787521300160 No faces detected, using mock face for testing
ERROR 2025-09-17 02:06:53,461 face_recognition_service 468260 139787521300160 Face recognition error: OpenCV(4.12.0) /io/opencv/modules/imgproc/src/resize.cpp:4208: error: (-215:Assertion failed) !ssize.empty() in function 'resize'

WARNING 2025-09-17 02:06:53,462 log 468260 139787521300160 Bad Request: /api/recognize/
WARNING 2025-09-17 02:06:53,463 basehttp 468260 139787521300160 "POST /api/recognize/ HTTP/1.1" 400 230
INFO 2025-09-17 02:07:32,924 face_recognition_service 468260 139787209004736 No faces detected, using mock face for testing
ERROR 2025-09-17 02:07:32,925 face_recognition_service 468260 139787209004736 Face recognition error: OpenCV(4.12.0) /io/opencv/modules/imgproc/src/resize.cpp:4208: error: (-215:Assertion failed) !ssize.empty() in function 'resize'

WARNING 2025-09-17 02:07:32,926 log 468260 139787209004736 Bad Request: /api/recognize/
WARNING 2025-09-17 02:07:32,927 basehttp 468260 139787209004736 "POST /api/recognize/ HTTP/1.1" 400 230
INFO 2025-09-17 02:08:35,732 face_recognition_service 468260 139787200612032 No faces detected, using mock face for testing
ERROR 2025-09-17 02:08:35,732 face_recognition_service 468260 139787200612032 Face recognition error: OpenCV(4.12.0) /io/opencv/modules/imgproc/src/resize.cpp:4208: error: (-215:Assertion failed) !ssize.empty() in function 'resize'

WARNING 2025-09-17 02:08:35,733 log 468260 139787200612032 Bad Request: /api/recognize/
WARNING 2025-09-17 02:08:35,733 basehttp 468260 139787200612032 "POST /api/recognize/ HTTP/1.1" 400 230
INFO 2025-09-17 02:10:44,020 face_recognition_service 489753 139839723796160 Mock face detection initialized
INFO 2025-09-17 02:10:44,028 basehttp 489753 139839723796160 "POST /api/recognize/ HTTP/1.1" 200 1984
INFO 2025-09-17 02:11:31,407 basehttp 489753 139839619987136 "GET /api/login-page/ HTTP/1.1" 200 7896
INFO 2025-09-17 02:11:31,793 basehttp 489753 139839611594432 "GET /static/core/js/login.js?v=4.0 HTTP/1.1" 304 0
INFO 2025-09-17 02:11:31,796 basehttp 489753 139839619987136 "GET /static/core/css/login-styles.css HTTP/1.1" 304 0
INFO 2025-09-17 02:11:41,746 basehttp 489753 139839619987136 "POST /api/token/ HTTP/1.1" 200 491
INFO 2025-09-17 02:11:42,010 basehttp 489753 139839611594432 "GET /api/profile/ HTTP/1.1" 200 482
INFO 2025-09-17 02:11:43,793 basehttp 489753 139839619987136 "GET /api/officer-dashboard/ HTTP/1.1" 200 31110
INFO 2025-09-17 02:11:44,226 basehttp 489753 139839611594432 "GET /static/core/css/dashboard-styles.css HTTP/1.1" 304 0
INFO 2025-09-17 02:11:44,295 basehttp 489753 139839611594432 "GET /static/core/js/dashboard.js HTTP/1.1" 304 0
INFO 2025-09-17 02:11:47,233 basehttp 489753 139839619987136 "GET /api/face-recognition/ HTTP/1.1" 200 17536
INFO 2025-09-17 02:11:47,638 basehttp 489753 139839611594432 "GET /static/core/js/app.js HTTP/1.1" 304 0
INFO 2025-09-17 02:11:57,818 basehttp 489753 139839619987136 "POST /api/recognize/ HTTP/1.1" 200 1936
INFO 2025-09-17 02:12:00,074 basehttp 489753 139839619987136 "POST /api/recognize/ HTTP/1.1" 200 1986
INFO 2025-09-17 02:12:03,892 basehttp 489753 139839619987136 "POST /api/recognize/ HTTP/1.1" 200 1981
INFO 2025-09-17 02:12:09,086 basehttp 489753 139839619987136 "POST /api/recognize/ HTTP/1.1" 200 1967
INFO 2025-09-17 02:15:12,588 basehttp 489753 139839619987136 "GET /api/officer-dashboard/ HTTP/1.1" 200 31110
INFO 2025-09-17 02:15:19,221 basehttp 489753 139839619987136 "GET /api/login-page/ HTTP/1.1" 200 7896
INFO 2025-09-17 02:17:03,919 basehttp 489753 139839611594432 "GET /api/face-recognition/ HTTP/1.1" 200 17536
INFO 2025-09-17 02:17:18,049 basehttp 489753 139839723796160 "POST /api/recognize/ HTTP/1.1" 200 1985
INFO 2025-09-17 02:17:31,568 basehttp 489753 139839599015616 "GET /static/core/js/app.js HTTP/1.1" 200 25273
INFO 2025-09-17 02:19:29,684 basehttp 489753 139839723796160 "GET /api/face-recognition/ HTTP/1.1" 200 17536
INFO 2025-09-17 02:20:18,955 basehttp 489753 139839611594432 "POST /api/token/ HTTP/1.1" 200 491
INFO 2025-09-17 02:20:19,538 basehttp 489753 139839611594432 "GET /api/profile/ HTTP/1.1" 200 482
INFO 2025-09-17 02:20:21,197 basehttp 489753 139839611594432 "GET /api/officer-dashboard/ HTTP/1.1" 200 31110
INFO 2025-09-17 02:20:29,540 basehttp 489753 139839611594432 "GET /api/face-recognition/ HTTP/1.1" 200 17536
INFO 2025-09-17 02:20:34,838 basehttp 489753 139839611594432 "POST /api/recognize/ HTTP/1.1" 200 1987
INFO 2025-09-17 02:20:41,816 basehttp 489753 139839611594432 "POST /api/recognize/ HTTP/1.1" 200 1985
INFO 2025-09-17 02:22:51,683 basehttp 489753 139839619987136 "POST /api/recognize/ HTTP/1.1" 200 1937
INFO 2025-09-17 02:28:10,949 basehttp 489753 139839590622912 "POST /api/recognize/ HTTP/1.1" 200 1985
INFO 2025-09-17 02:29:24,344 basehttp 489753 139839619987136 "POST /api/recognize/ HTTP/1.1" 200 1922
INFO 2025-09-17 02:30:55,571 basehttp 489753 139839611594432 "POST /api/recognize/ HTTP/1.1" 200 1981
INFO 2025-09-17 02:33:22,948 basehttp 489753 139839723796160 "POST /api/recognize/ HTTP/1.1" 200 1966
INFO 2025-09-17 02:36:51,905 basehttp 489753 139839599015616 "POST /api/recognize/ HTTP/1.1" 200 1983
INFO 2025-09-17 02:39:30,590 basehttp 489753 139839582230208 "POST /api/recognize/ HTTP/1.1" 200 1985
INFO 2025-09-17 02:40:49,855 basehttp 489753 139839582230208 "GET /api/face-recognition/ HTTP/1.1" 200 17536
INFO 2025-09-17 02:41:23,357 basehttp 489753 139839599015616 "POST /api/recognize/ HTTP/1.1" 200 1935
INFO 2025-09-17 02:43:46,005 basehttp 489753 139839723796160 "POST /api/recognize/ HTTP/1.1" 200 1938
INFO 2025-09-17 02:46:06,112 basehttp 489753 139839611594432 "POST /api/recognize/ HTTP/1.1" 200 1971
INFO 2025-09-17 02:48:21,446 basehttp 489753 139839619987136 "GET /api/face-recognition/ HTTP/1.1" 200 17536
INFO 2025-09-17 02:48:52,860 basehttp 489753 139839504643776 "POST /api/recognize/ HTTP/1.1" 200 1981
INFO 2025-09-17 02:51:51,798 basehttp 489753 139839496251072 "GET /api/face-recognition/ HTTP/1.1" 200 17536
WARNING 2025-09-17 02:56:12,662 log 489753 139839487858368 Not Found: /test_face_recognition.html
WARNING 2025-09-17 02:56:12,664 basehttp 489753 139839487858368 "GET /test_face_recognition.html HTTP/1.1" 404 3045
INFO 2025-09-17 03:02:15,536 basehttp 540794 140415531480768 "GET / HTTP/1.1" 302 0
INFO 2025-09-17 03:02:15,719 basehttp 540794 140415531480768 "GET /api/login-page/ HTTP/1.1" 200 7896
INFO 2025-09-17 03:02:24,890 basehttp 540794 140415531480768 "POST /api/token/ HTTP/1.1" 200 491
INFO 2025-09-17 03:02:24,991 basehttp 540794 140415531480768 "GET /api/profile/ HTTP/1.1" 200 482
INFO 2025-09-17 03:02:26,690 basehttp 540794 140415531480768 "GET /api/officer-dashboard/ HTTP/1.1" 200 31110
INFO 2025-09-17 03:02:29,781 basehttp 540794 140415531480768 "GET /api/face-recognition/ HTTP/1.1" 200 17591
INFO 2025-09-17 03:02:38,004 face_recognition_service 540794 140415531480768 Mock face detection initialized
INFO 2025-09-17 03:02:38,004 face_recognition_service 540794 140415531480768 Image: ttt, Similarity: 0.140, Confidence: 0.130
INFO 2025-09-17 03:02:38,004 face_recognition_service 540794 140415531480768 Image: Alex, Similarity: 0.290, Confidence: 0.299
INFO 2025-09-17 03:02:38,004 face_recognition_service 540794 140415531480768 Image: Wanted, Similarity: 0.200, Confidence: 0.199
INFO 2025-09-17 03:02:38,005 basehttp 540794 140415531480768 "POST /api/recognize/ HTTP/1.1" 200 1960
INFO 2025-09-17 03:02:39,883 face_recognition_service 540794 140415531480768 Image: ttt, Similarity: 0.140, Confidence: 0.149
INFO 2025-09-17 03:02:39,885 face_recognition_service 540794 140415531480768 Image: Alex, Similarity: 0.290, Confidence: 0.286
INFO 2025-09-17 03:02:39,886 face_recognition_service 540794 140415531480768 Image: Wanted, Similarity: 0.200, Confidence: 0.194
INFO 2025-09-17 03:02:39,890 basehttp 540794 140415531480768 "POST /api/recognize/ HTTP/1.1" 200 1953
INFO 2025-09-17 03:02:43,410 face_recognition_service 540794 140415531480768 Image: ttt, Similarity: 0.140, Confidence: 0.134
INFO 2025-09-17 03:02:43,410 face_recognition_service 540794 140415531480768 Image: Alex, Similarity: 0.290, Confidence: 0.284
INFO 2025-09-17 03:02:43,410 face_recognition_service 540794 140415531480768 Image: Wanted, Similarity: 0.200, Confidence: 0.191
INFO 2025-09-17 03:02:43,412 basehttp 540794 140415531480768 "POST /api/recognize/ HTTP/1.1" 200 1959
INFO 2025-09-17 03:02:47,315 basehttp 540794 140415531480768 "GET /api/officer-dashboard/ HTTP/1.1" 200 31110
INFO 2025-09-17 03:03:05,860 basehttp 540794 140415531480768 "GET /api/face-recognition/ HTTP/1.1" 200 17591
INFO 2025-09-17 03:03:27,129 face_recognition_service 540794 140415531480768 Image: ttt, Similarity: 0.140, Confidence: 0.144
INFO 2025-09-17 03:03:27,129 face_recognition_service 540794 140415531480768 Image: Alex, Similarity: 0.290, Confidence: 0.298
INFO 2025-09-17 03:03:27,130 face_recognition_service 540794 140415531480768 Image: Wanted, Similarity: 0.200, Confidence: 0.209
INFO 2025-09-17 03:03:27,132 basehttp 540794 140415531480768 "POST /api/recognize/ HTTP/1.1" 200 1961
INFO 2025-09-17 03:07:23,770 basehttp 540794 140415531480768 "GET /api/face-recognition/ HTTP/1.1" 200 17591
INFO 2025-09-17 03:07:47,602 face_recognition_service 540794 140415420331712 Image: ttt, Similarity: 0.140, Confidence: 0.136
INFO 2025-09-17 03:07:47,609 face_recognition_service 540794 140415420331712 Image: Alex, Similarity: 0.290, Confidence: 0.293
INFO 2025-09-17 03:07:47,612 face_recognition_service 540794 140415420331712 Image: Wanted, Similarity: 0.200, Confidence: 0.190
INFO 2025-09-17 03:07:47,617 basehttp 540794 140415420331712 "POST /api/recognize/ HTTP/1.1" 200 1955
INFO 2025-09-17 03:08:21,155 face_recognition_service 540794 140415531480768 Image: ttt, Similarity: 0.140, Confidence: 0.133
INFO 2025-09-17 03:08:21,158 face_recognition_service 540794 140415531480768 Image: Alex, Similarity: 0.290, Confidence: 0.282
INFO 2025-09-17 03:08:21,159 face_recognition_service 540794 140415531480768 Image: Wanted, Similarity: 0.200, Confidence: 0.199
INFO 2025-09-17 03:08:21,167 basehttp 540794 140415531480768 "POST /api/recognize/ HTTP/1.1" 200 1955
INFO 2025-09-17 03:08:22,568 face_recognition_service 540794 140415531480768 Image: ttt, Similarity: 0.140, Confidence: 0.131
INFO 2025-09-17 03:08:22,570 face_recognition_service 540794 140415531480768 Image: Alex, Similarity: 0.290, Confidence: 0.294
INFO 2025-09-17 03:08:22,571 face_recognition_service 540794 140415531480768 Image: Wanted, Similarity: 0.200, Confidence: 0.200
INFO 2025-09-17 03:08:22,576 basehttp 540794 140415531480768 "POST /api/recognize/ HTTP/1.1" 200 1958
INFO 2025-09-17 03:08:23,809 face_recognition_service 540794 140415531480768 Image: ttt, Similarity: 0.140, Confidence: 0.140
INFO 2025-09-17 03:08:23,809 face_recognition_service 540794 140415531480768 Image: Alex, Similarity: 0.290, Confidence: 0.293
INFO 2025-09-17 03:08:23,809 face_recognition_service 540794 140415531480768 Image: Wanted, Similarity: 0.200, Confidence: 0.201
INFO 2025-09-17 03:08:23,810 basehttp 540794 140415531480768 "POST /api/recognize/ HTTP/1.1" 200 1960
INFO 2025-09-17 03:08:29,449 basehttp 540794 140415531480768 "GET /api/officer-dashboard/ HTTP/1.1" 200 31110
INFO 2025-09-17 03:09:00,689 basehttp 540794 140415531480768 "GET /api/login-page/ HTTP/1.1" 200 7896
INFO 2025-09-17 03:09:06,701 basehttp 540794 140415531480768 "POST /api/token/ HTTP/1.1" 200 491
INFO 2025-09-17 03:09:06,832 basehttp 540794 140415531480768 "GET /api/profile/ HTTP/1.1" 200 482
INFO 2025-09-17 03:09:08,452 basehttp 540794 140415531480768 "GET /api/officer-dashboard/ HTTP/1.1" 200 31110
INFO 2025-09-17 03:09:14,630 basehttp 540794 140415531480768 "GET /api/face-recognition/ HTTP/1.1" 200 17591
INFO 2025-09-17 03:09:20,392 face_recognition_service 540794 140415531480768 Image: ttt, Similarity: 0.140, Confidence: 0.138
INFO 2025-09-17 03:09:20,394 face_recognition_service 540794 140415531480768 Image: Alex, Similarity: 0.290, Confidence: 0.292
INFO 2025-09-17 03:09:20,395 face_recognition_service 540794 140415531480768 Image: Wanted, Similarity: 0.200, Confidence: 0.205
INFO 2025-09-17 03:09:20,396 basehttp 540794 140415531480768 "POST /api/recognize/ HTTP/1.1" 200 1957
INFO 2025-09-17 03:10:10,928 basehttp 540794 140415411939008 "GET /api/face-recognition/ HTTP/1.1" 200 17591
INFO 2025-09-17 03:10:54,643 face_recognition_service 540794 140415403546304 Image: ttt, Similarity: 0.140, Confidence: 0.135
INFO 2025-09-17 03:10:54,647 face_recognition_service 540794 140415403546304 Image: Alex, Similarity: 0.290, Confidence: 0.293
INFO 2025-09-17 03:10:54,648 face_recognition_service 540794 140415403546304 Image: Wanted, Similarity: 0.200, Confidence: 0.205
INFO 2025-09-17 03:10:54,664 basehttp 540794 140415403546304 "POST /api/recognize/ HTTP/1.1" 200 1960
INFO 2025-09-17 03:11:33,407 basehttp 540794 140415531480768 "GET /admin/ HTTP/1.1" 302 0
WARNING 2025-09-17 03:17:32,274 log 540794 140415531480768 Not Found: /test_frontend_debug.html
WARNING 2025-09-17 03:17:32,277 basehttp 540794 140415531480768 "GET /test_frontend_debug.html HTTP/1.1" 404 3039
INFO 2025-09-17 03:19:26,757 basehttp 540794 140415403546304 "GET /api/face-recognition/ HTTP/1.1" 200 17591
INFO 2025-09-17 03:19:46,767 basehttp 540794 140415411939008 "GET /api/face-recognition/ HTTP/1.1" 200 17591
INFO 2025-09-17 03:20:03,836 basehttp 540794 140415420331712 "GET /api/face-recognition/ HTTP/1.1" 200 17591
INFO 2025-09-17 03:21:12,878 basehttp 540794 140415395153600 "GET /api/face-recognition/ HTTP/1.1" 200 17591
INFO 2025-09-17 03:23:26,007 face_recognition_service 540794 140415386760896 Image: ttt, Similarity: 0.140, Confidence: 0.142
INFO 2025-09-17 03:23:26,007 face_recognition_service 540794 140415386760896 Image: Alex, Similarity: 0.290, Confidence: 0.285
INFO 2025-09-17 03:23:26,008 face_recognition_service 540794 140415386760896 Image: Wanted, Similarity: 0.200, Confidence: 0.210
INFO 2025-09-17 03:23:26,012 basehttp 540794 140415386760896 "POST /api/recognize/ HTTP/1.1" 200 1954
INFO 2025-09-17 03:24:06,778 face_recognition_service 540794 140415378368192 Image: ttt, Similarity: 0.140, Confidence: 0.142
INFO 2025-09-17 03:24:06,779 face_recognition_service 540794 140415378368192 Image: Alex, Similarity: 0.290, Confidence: 0.292
INFO 2025-09-17 03:24:06,780 face_recognition_service 540794 140415378368192 Image: Wanted, Similarity: 0.200, Confidence: 0.202
INFO 2025-09-17 03:24:06,795 basehttp 540794 140415378368192 "POST /api/recognize/ HTTP/1.1" 200 1961
INFO 2025-09-17 03:24:09,814 basehttp 540794 140415378368192 "GET /api/face-recognition/ HTTP/1.1" 200 17591
INFO 2025-09-17 03:24:11,405 basehttp 540794 140415378368192 "GET /api/face-recognition/ HTTP/1.1" 200 17591
INFO 2025-09-17 03:24:25,464 basehttp 563757 140340347532992 "GET /api/face-recognition/ HTTP/1.1" 200 18002
INFO 2025-09-17 03:24:35,767 face_recognition_service 563757 140340347532992 Mock face detection initialized
INFO 2025-09-17 03:24:35,767 face_recognition_service 563757 140340347532992 Image: ttt, Similarity: 0.220, Confidence: 0.212
INFO 2025-09-17 03:24:35,767 face_recognition_service 563757 140340347532992 Image: Alex, Similarity: 0.120, Confidence: 0.110
INFO 2025-09-17 03:24:35,767 face_recognition_service 563757 140340347532992 Image: Wanted, Similarity: 0.260, Confidence: 0.263
INFO 2025-09-17 03:24:35,768 basehttp 563757 140340347532992 "POST /api/recognize/ HTTP/1.1" 200 1939
INFO 2025-09-17 03:24:41,766 basehttp 563757 140340347532992 "GET /api/face-recognition/ HTTP/1.1" 200 18002
INFO 2025-09-17 03:24:54,551 basehttp 563757 140340347532992 "GET /api/officer-dashboard/ HTTP/1.1" 200 31110
INFO 2025-09-17 03:25:23,753 basehttp 563757 140340347532992 "GET /api/face-recognition/ HTTP/1.1" 200 18002
INFO 2025-09-17 03:25:28,599 face_recognition_service 563757 140340347532992 Image: ttt, Similarity: 0.220, Confidence: 0.211
INFO 2025-09-17 03:25:28,600 face_recognition_service 563757 140340347532992 Image: Alex, Similarity: 0.120, Confidence: 0.119
INFO 2025-09-17 03:25:28,600 face_recognition_service 563757 140340347532992 Image: Wanted, Similarity: 0.260, Confidence: 0.258
INFO 2025-09-17 03:25:28,608 basehttp 563757 140340347532992 "POST /api/recognize/ HTTP/1.1" 200 1936
INFO 2025-09-17 03:26:32,444 basehttp 565655 140355831854784 "GET /api/face-recognition/ HTTP/1.1" 200 18002
INFO 2025-09-17 03:26:36,730 face_recognition_service 565655 140355831854784 Mock face detection initialized
INFO 2025-09-17 03:26:36,731 face_recognition_service 565655 140355831854784 Image: ttt, Similarity: 0.160, Confidence: 0.159
INFO 2025-09-17 03:26:36,732 face_recognition_service 565655 140355831854784 Image: Alex, Similarity: 0.240, Confidence: 0.236
INFO 2025-09-17 03:26:36,733 face_recognition_service 565655 140355831854784 Image: Wanted, Similarity: 0.220, Confidence: 0.214
INFO 2025-09-17 03:26:36,735 basehttp 565655 140355831854784 "POST /api/recognize/ HTTP/1.1" 200 1962
INFO 2025-09-17 03:27:44,810 basehttp 565655 140355796203200 "GET /api/face-recognition/ HTTP/1.1" 200 18002
INFO 2025-09-17 03:31:23,190 basehttp 565655 140355831854784 "GET /api/face-recognition/ HTTP/1.1" 200 18002
INFO 2025-09-17 03:36:07,764 basehttp 565655 140355787810496 "GET /api/face-recognition/ HTTP/1.1" 200 18002
INFO 2025-09-17 03:36:24,026 basehttp 565655 140355706025664 "GET /api/face-recognition/ HTTP/1.1" 200 18002
INFO 2025-09-17 03:36:37,565 basehttp 565655 140355697632960 "GET /api/face-recognition/ HTTP/1.1" 200 18002
INFO 2025-09-17 03:36:55,910 basehttp 565655 140355689240256 "GET /api/face-recognition/ HTTP/1.1" 200 18002
INFO 2025-09-17 03:37:55,440 basehttp 565655 140355697632960 "GET /api/face-recognition/ HTTP/1.1" 200 18002
INFO 2025-09-17 03:37:55,771 basehttp 565655 140355697632960 "GET /static/core/js/app.js HTTP/1.1" 200 30584
INFO 2025-09-17 03:38:01,955 basehttp 565655 140355697632960 "GET /api/face-recognition/ HTTP/1.1" 200 18002
INFO 2025-09-17 03:38:02,021 basehttp 565655 140355697632960 "GET /static/core/js/app.js HTTP/1.1" 304 0
INFO 2025-09-17 03:38:05,146 basehttp 565655 140355697632960 "GET /api/officer-dashboard/ HTTP/1.1" 200 31110
INFO 2025-09-17 03:38:05,412 basehttp 565655 140355697632960 "GET /static/core/js/dashboard.js HTTP/1.1" 304 0
INFO 2025-09-17 03:38:08,440 basehttp 565655 140355697632960 "GET /api/face-recognition/ HTTP/1.1" 200 18002
INFO 2025-09-17 03:38:08,904 basehttp 565655 140355697632960 "GET /static/core/js/app.js HTTP/1.1" 304 0
INFO 2025-09-17 03:38:21,493 basehttp 565655 140355706025664 "GET /api/face-recognition/ HTTP/1.1" 200 18002
INFO 2025-09-17 03:38:21,597 basehttp 565655 140355706025664 "GET /static/core/js/app.js HTTP/1.1" 200 30584
INFO 2025-09-17 03:38:22,966 basehttp 565655 140355831854784 "GET /api/face-recognition/ HTTP/1.1" 200 18002
INFO 2025-09-17 03:38:23,139 basehttp 565655 140355831854784 "GET /static/core/js/app.js HTTP/1.1" 200 30584
WARNING 2025-09-17 03:38:25,016 log 565655 140355831854784 Not Found: /favicon.ico
WARNING 2025-09-17 03:38:25,017 basehttp 565655 140355831854784 "GET /favicon.ico HTTP/1.1" 404 3000
INFO 2025-09-17 03:38:26,978 basehttp 565655 140355831854784 "GET /api/officer-dashboard/ HTTP/1.1" 200 31110
INFO 2025-09-17 03:38:32,887 basehttp 565655 140355831854784 "GET /api/login-page/ HTTP/1.1" 200 7896
INFO 2025-09-17 03:38:38,937 basehttp 565655 140355831854784 "POST /api/token/ HTTP/1.1" 200 491
INFO 2025-09-17 03:38:39,058 basehttp 565655 140355831854784 "GET /api/profile/ HTTP/1.1" 200 482
INFO 2025-09-17 03:38:40,720 basehttp 565655 140355831854784 "GET /api/officer-dashboard/ HTTP/1.1" 200 31110
INFO 2025-09-17 03:38:44,836 basehttp 565655 140355831854784 "GET /api/face-recognition/ HTTP/1.1" 200 18002
INFO 2025-09-17 03:38:45,084 basehttp 565655 140355831854784 "GET /static/core/js/app.js HTTP/1.1" 304 0
INFO 2025-09-17 03:40:17,358 basehttp 577519 140660688365248 "GET /api/face-recognition/ HTTP/1.1" 200 18273
INFO 2025-09-17 03:40:17,782 basehttp 577519 140660688365248 "GET /static/core/js/app.js HTTP/1.1" 304 0
INFO 2025-09-17 03:40:54,630 basehttp 577519 140660688365248 "GET /api/officer-dashboard/ HTTP/1.1" 200 31110
INFO 2025-09-17 03:41:16,134 basehttp 577519 140660688365248 "GET /api/face-recognition/ HTTP/1.1" 200 18273
INFO 2025-09-17 03:41:16,485 basehttp 577519 140660688365248 "GET /static/core/js/app.js HTTP/1.1" 200 33269
INFO 2025-09-17 03:44:09,858 basehttp 577519 140660688365248 "GET /api/face-recognition/ HTTP/1.1" 200 18273
INFO 2025-09-17 03:44:20,210 basehttp 577519 140660678923968 "GET /api/face-recognition/ HTTP/1.1" 200 18273
INFO 2025-09-17 03:44:39,870 basehttp 577519 140660670531264 "GET /api/face-recognition/ HTTP/1.1" 200 18273
INFO 2025-09-17 03:44:39,994 basehttp 577519 140660670531264 "GET /static/core/js/app.js HTTP/1.1" 200 35847
INFO 2025-09-17 03:45:04,341 basehttp 577519 140660670531264 "GET /api/face-recognition/ HTTP/1.1" 200 18273
INFO 2025-09-17 03:45:04,521 basehttp 577519 140660670531264 "GET /static/core/js/app.js HTTP/1.1" 200 35847
INFO 2025-09-17 03:45:06,372 basehttp 577519 140660670531264 "GET /api/face-recognition/ HTTP/1.1" 200 18273
INFO 2025-09-17 03:45:06,646 basehttp 577519 140660670531264 "GET /static/core/js/app.js HTTP/1.1" 304 0
INFO 2025-09-17 03:45:14,051 basehttp 577519 140660670531264 "GET /api/face-recognition/ HTTP/1.1" 200 18273
INFO 2025-09-17 03:45:14,094 basehttp 577519 140660670531264 "GET /static/core/js/app.js HTTP/1.1" 304 0
INFO 2025-09-17 03:45:15,129 basehttp 577519 140660670531264 "GET /api/face-recognition/ HTTP/1.1" 200 18273
INFO 2025-09-17 03:45:15,342 basehttp 577519 140660670531264 "GET /static/core/js/app.js HTTP/1.1" 304 0
INFO 2025-09-17 03:45:29,215 basehttp 577519 140660573202112 "GET /api/face-recognition/ HTTP/1.1" 200 18273
INFO 2025-09-17 03:45:29,435 basehttp 577519 140660573202112 "GET /static/core/js/app.js HTTP/1.1" 304 0
INFO 2025-09-17 03:45:31,210 basehttp 577519 140660573202112 "GET /api/officer-dashboard/ HTTP/1.1" 200 31110
INFO 2025-09-17 03:45:34,730 basehttp 577519 140660581594816 "GET /api/officer-dashboard/ HTTP/1.1" 200 31110
INFO 2025-09-17 03:45:36,543 basehttp 577519 140660662138560 "GET /api/officer-dashboard/ HTTP/1.1" 200 31110
INFO 2025-09-17 03:45:36,740 basehttp 577519 140660662138560 "GET /static/core/css/dashboard-styles.css HTTP/1.1" 200 61825
INFO 2025-09-17 03:45:36,778 basehttp 577519 140660662138560 "GET /static/core/js/dashboard.js HTTP/1.1" 200 94912
INFO 2025-09-17 03:45:38,800 basehttp 577519 140660573202112 "GET /api/officer-dashboard/ HTTP/1.1" 200 31110
INFO 2025-09-17 03:45:39,401 basehttp 577519 140660564809408 "GET /api/officer-dashboard/ HTTP/1.1" 200 31110
INFO 2025-09-17 03:45:39,552 basehttp 577519 140660564809408 "GET /static/core/css/dashboard-styles.css HTTP/1.1" 200 61825
INFO 2025-09-17 03:45:39,590 basehttp 577519 140660564809408 "GET /static/core/js/dashboard.js HTTP/1.1" 200 94912
WARNING 2025-09-17 03:45:41,162 log 577519 140660564809408 Not Found: /favicon.ico
WARNING 2025-09-17 03:45:41,163 basehttp 577519 140660564809408 "GET /favicon.ico HTTP/1.1" 404 3000
INFO 2025-09-17 03:45:44,549 basehttp 577519 140660564809408 "GET /api/face-recognition/ HTTP/1.1" 200 18273
INFO 2025-09-17 03:45:44,922 basehttp 577519 140660564809408 "GET /static/core/js/app.js HTTP/1.1" 304 0
INFO 2025-09-17 03:47:10,310 basehttp 577519 140660678923968 "GET /api/face-recognition/ HTTP/1.1" 200 18273
INFO 2025-09-17 03:52:00,930 basehttp 577519 140660688365248 "GET /api/face-recognition/ HTTP/1.1" 200 18273
INFO 2025-09-17 03:52:01,047 basehttp 577519 140660688365248 "GET /static/core/js/app.js HTTP/1.1" 200 37458
INFO 2025-09-17 03:52:02,769 basehttp 577519 140660688365248 "GET /api/face-recognition/ HTTP/1.1" 200 18273
INFO 2025-09-17 03:52:50,171 basehttp 588774 140150628677312 "GET /api/face-recognition/ HTTP/1.1" 200 18494
INFO 2025-09-17 03:52:50,366 basehttp 588774 140150628677312 "GET /static/core/js/app.js HTTP/1.1" 304 0
WARNING 2025-09-17 03:52:50,592 log 588774 140150628677312 Not Found: /favicon.ico
INFO 2025-09-17 04:03:26,604 basehttp 588774 140150619236032 "GET /api/face-recognition/ HTTP/1.1" 200 18494
INFO 2025-09-17 04:03:26,745 basehttp 588774 140150619236032 "GET /static/core/js/app.js HTTP/1.1" 304 0
INFO 2025-09-17 04:07:02,344 basehttp 588774 140150610843328 "GET /api/face-recognition/ HTTP/1.1" 200 18494
INFO 2025-09-17 04:07:02,870 basehttp 588774 140150610843328 "GET /static/core/js/app.js HTTP/1.1" 200 37251
INFO 2025-09-17 04:07:04,347 basehttp 588774 140150610843328 "GET /api/face-recognition/ HTTP/1.1" 200 18494
INFO 2025-09-17 04:07:36,153 basehttp 588774 140150619236032 "GET /api/face-recognition/ HTTP/1.1" 200 18494
INFO 2025-09-17 04:09:07,850 basehttp 605470 140157610096320 "GET /api/face-recognition/ HTTP/1.1" 200 18273
INFO 2025-09-17 04:09:07,982 basehttp 605470 140157610096320 "GET /static/core/js/app.js HTTP/1.1" 200 37686
INFO 2025-09-17 04:09:26,062 basehttp 605470 140157610096320 "GET /api/officer-dashboard/ HTTP/1.1" 200 31110
INFO 2025-09-17 04:09:27,661 basehttp 605470 140157610096320 "GET /api/login-page/ HTTP/1.1" 200 7896
INFO 2025-09-17 04:09:45,168 basehttp 605470 140157610096320 "POST /api/token/ HTTP/1.1" 200 491
INFO 2025-09-17 04:09:45,263 basehttp 605470 140157610096320 "GET /api/profile/ HTTP/1.1" 200 482
INFO 2025-09-17 04:09:46,949 basehttp 605470 140157610096320 "GET /api/officer-dashboard/ HTTP/1.1" 200 31110
INFO 2025-09-17 04:09:51,440 basehttp 605470 140157610096320 "GET /api/face-recognition/ HTTP/1.1" 200 18273
INFO 2025-09-17 04:09:51,618 basehttp 605470 140157610096320 "GET /static/core/js/app.js HTTP/1.1" 200 37686
INFO 2025-09-17 04:14:57,192 basehttp 605470 140157610096320 "GET /api/face-recognition/ HTTP/1.1" 200 18273
INFO 2025-09-17 04:14:57,339 basehttp 605470 140157610096320 "GET /static/core/js/app.js HTTP/1.1" 200 39481
INFO 2025-09-17 04:14:58,533 basehttp 605470 140157610096320 "GET /api/face-recognition/ HTTP/1.1" 200 18273
INFO 2025-09-17 04:14:59,718 basehttp 605470 140157610096320 "GET /api/face-recognition/ HTTP/1.1" 200 18273
INFO 2025-09-17 04:14:59,772 basehttp 605470 140157610096320 "GET /static/core/js/app.js HTTP/1.1" 304 0
INFO 2025-09-17 04:15:03,323 basehttp 605470 140157610096320 "GET /api/officer-dashboard/ HTTP/1.1" 200 31110
INFO 2025-09-17 04:15:15,037 basehttp 605470 140157610096320 "GET /api/face-recognition/ HTTP/1.1" 200 18273
INFO 2025-09-17 04:15:15,382 basehttp 605470 140157610096320 "GET /static/core/js/app.js HTTP/1.1" 304 0
INFO 2025-09-17 04:15:18,602 basehttp 605470 140157610096320 "GET /api/officer-dashboard/ HTTP/1.1" 200 31110
INFO 2025-09-17 04:15:23,867 basehttp 605470 140157610096320 "GET /api/login-page/ HTTP/1.1" 200 7896
INFO 2025-09-17 04:15:31,669 basehttp 605470 140157610096320 "POST /api/token/ HTTP/1.1" 200 491
INFO 2025-09-17 04:15:31,795 basehttp 605470 140157610096320 "GET /api/profile/ HTTP/1.1" 200 482
INFO 2025-09-17 04:15:33,428 basehttp 605470 140157610096320 "GET /api/officer-dashboard/ HTTP/1.1" 200 31110
INFO 2025-09-17 04:15:38,001 basehttp 605470 140157610096320 "GET /api/face-recognition/ HTTP/1.1" 200 18273
INFO 2025-09-17 04:15:38,174 basehttp 605470 140157610096320 "GET /static/core/js/app.js HTTP/1.1" 304 0
INFO 2025-09-17 04:21:12,675 basehttp 615873 139931585345216 "GET /api/face-recognition/ HTTP/1.1" 200 18492
INFO 2025-09-17 04:21:12,913 basehttp 615873 139931585345216 "GET /static/core/js/app.js HTTP/1.1" 200 39505
INFO 2025-09-17 04:28:12,989 basehttp 622278 139737478198976 "GET /api/face-recognition/ HTTP/1.1" 200 18492
INFO 2025-09-17 04:28:13,249 basehttp 622278 139737478198976 "GET /static/core/js/app.js HTTP/1.1" 200 27386
INFO 2025-09-17 04:32:15,002 basehttp 622278 139737478198976 "GET /api/face-recognition/ HTTP/1.1" 200 18492
INFO 2025-09-17 04:32:15,802 basehttp 622278 139737478198976 "GET /static/core/js/app.js HTTP/1.1" 200 30380
INFO 2025-09-17 04:37:25,124 basehttp 622278 139737468757696 "GET /api/face-recognition/ HTTP/1.1" 200 18492
INFO 2025-09-17 04:37:25,421 basehttp 622278 139737468757696 "GET /static/core/js/app.js HTTP/1.1" 200 26659
INFO 2025-09-17 04:37:28,360 basehttp 622278 139737468757696 "GET /api/officer-dashboard/ HTTP/1.1" 200 31110
INFO 2025-09-17 04:37:34,337 basehttp 622278 139737460364992 "GET /api/face-recognition/ HTTP/1.1" 200 18492
INFO 2025-09-17 04:37:34,975 basehttp 622278 139737460364992 "GET /static/core/js/app.js HTTP/1.1" 200 26659
INFO 2025-09-17 04:37:54,306 basehttp 630323 139745994733248 "GET /api/face-recognition/ HTTP/1.1" 200 18052
INFO 2025-09-17 04:37:54,660 basehttp 630323 139745994733248 "GET /static/core/js/app.js HTTP/1.1" 304 0
INFO 2025-09-17 04:38:09,724 basehttp 630323 139745986340544 "GET /api/face-recognition/ HTTP/1.1" 200 18052
INFO 2025-09-17 04:38:09,861 basehttp 630323 139745986340544 "GET /static/core/js/app.js HTTP/1.1" 200 26659
INFO 2025-09-17 04:38:12,464 basehttp 630323 139745986340544 "GET /api/face-recognition/ HTTP/1.1" 200 18052
INFO 2025-09-17 04:38:12,582 basehttp 630323 139745986340544 "GET /static/core/js/app.js HTTP/1.1" 200 26659
WARNING 2025-09-17 04:38:14,696 log 630323 139745986340544 Not Found: /favicon.ico
WARNING 2025-09-17 04:38:14,698 basehttp 630323 139745986340544 "GET /favicon.ico HTTP/1.1" 404 3000
INFO 2025-09-17 04:46:48,755 basehttp 630323 139745879385792 "GET /api/face-recognition/ HTTP/1.1" 200 18052
INFO 2025-09-17 04:46:48,834 basehttp 630323 139745879385792 "GET /static/core/js/app.js HTTP/1.1" 200 30075
INFO 2025-09-17 04:46:56,269 basehttp 630323 139745879385792 "GET /api/face-recognition/ HTTP/1.1" 200 18052
INFO 2025-09-17 04:46:56,406 basehttp 630323 139745879385792 "GET /static/core/js/app.js HTTP/1.1" 304 0
INFO 2025-09-17 04:46:57,904 basehttp 630323 139745879385792 "GET /api/face-recognition/ HTTP/1.1" 200 18052
INFO 2025-09-17 04:46:58,060 basehttp 630323 139745879385792 "GET /static/core/js/app.js HTTP/1.1" 200 30075
INFO 2025-09-17 04:47:00,253 basehttp 630323 139745968506560 "GET /api/face-recognition/ HTTP/1.1" 200 18052
INFO 2025-09-17 04:47:00,405 basehttp 630323 139745968506560 "GET /static/core/js/app.js HTTP/1.1" 200 30075
WARNING 2025-09-17 04:47:00,770 log 630323 139745968506560 Not Found: /favicon.ico
WARNING 2025-09-17 04:47:00,770 basehttp 630323 139745968506560 "GET /favicon.ico HTTP/1.1" 404 3000
INFO 2025-09-17 04:47:16,569 basehttp 637947 139853285029568 "GET /api/face-recognition/ HTTP/1.1" 200 18052
INFO 2025-09-17 04:47:16,649 basehttp 637947 139853285029568 "GET /static/core/js/app.js HTTP/1.1" 304 0
WARNING 2025-09-17 04:47:16,941 log 637947 139853285029568 Not Found: /favicon.ico
INFO 2025-09-17 04:47:20,887 basehttp 637947 139853275588288 "GET /api/officer-dashboard/ HTTP/1.1" 200 31110
INFO 2025-09-17 04:47:22,368 basehttp 637947 139853275588288 "GET /api/login-page/ HTTP/1.1" 200 7896
INFO 2025-09-17 04:47:33,643 basehttp 637947 139853275588288 "POST /api/token/ HTTP/1.1" 200 491
INFO 2025-09-17 04:47:33,775 basehttp 637947 139853275588288 "GET /api/profile/ HTTP/1.1" 200 482
INFO 2025-09-17 04:47:35,407 basehttp 637947 139853275588288 "GET /api/officer-dashboard/ HTTP/1.1" 200 31110
INFO 2025-09-17 04:47:40,438 basehttp 637947 139853275588288 "GET /api/face-recognition/ HTTP/1.1" 200 18052
INFO 2025-09-17 04:47:40,704 basehttp 637947 139853275588288 "GET /static/core/js/app.js HTTP/1.1" 304 0
INFO 2025-09-17 04:53:23,265 basehttp 643019 140282264811200 "GET /api/face-recognition/ HTTP/1.1" 200 17591
INFO 2025-09-17 04:53:23,535 basehttp 643019 140282264811200 "GET /static/core/js/app.js HTTP/1.1" 200 25825
INFO 2025-09-17 04:53:28,992 face_recognition_service 643019 140282264811200 Mock face detection initialized
INFO 2025-09-17 04:53:28,992 face_recognition_service 643019 140282264811200 Image: ttt, Similarity: 0.150, Confidence: 0.150
INFO 2025-09-17 04:53:28,993 face_recognition_service 643019 140282264811200 Image: Alex, Similarity: 0.100, Confidence: 0.091
INFO 2025-09-17 04:53:28,993 face_recognition_service 643019 140282264811200 Image: Wanted, Similarity: 0.130, Confidence: 0.126
INFO 2025-09-17 04:53:28,997 basehttp 643019 140282264811200 "POST /api/recognize/ HTTP/1.1" 200 1945
INFO 2025-09-17 05:12:47,658 face_recognition_service 661862 140147089733312 Mock face detection initialized
INFO 2025-09-17 05:12:47,662 face_recognition_service 661862 140147089733312 Image: ttt, Similarity: 0.270, Confidence: 0.261
INFO 2025-09-17 05:12:47,663 face_recognition_service 661862 140147089733312 Image: Alex, Similarity: 0.220, Confidence: 0.214
INFO 2025-09-17 05:12:47,663 face_recognition_service 661862 140147089733312 Image: Wanted, Similarity: 0.860, Confidence: 0.869
INFO 2025-09-17 05:12:47,670 basehttp 661862 140147089733312 "POST /api/recognize/ HTTP/1.1" 200 1927
INFO 2025-09-17 05:13:23,013 basehttp 661862 140147089733312 "GET /api/face-recognition/ HTTP/1.1" 200 17822
INFO 2025-09-17 05:13:24,165 basehttp 661862 140147089733312 "GET /static/core/js/app.js HTTP/1.1" 200 25830
INFO 2025-09-17 05:13:27,143 face_recognition_service 661862 140147089733312 Image: ttt, Similarity: 0.270, Confidence: 0.279
INFO 2025-09-17 05:13:27,144 face_recognition_service 661862 140147089733312 Image: Alex, Similarity: 0.220, Confidence: 0.220
INFO 2025-09-17 05:13:27,144 face_recognition_service 661862 140147089733312 Image: Wanted, Similarity: 0.860, Confidence: 0.851
INFO 2025-09-17 05:13:27,147 basehttp 661862 140147089733312 "POST /api/recognize/ HTTP/1.1" 200 1928
INFO 2025-09-17 05:21:59,454 basehttp 671560 139943374485184 "GET / HTTP/1.1" 302 0
INFO 2025-09-17 05:21:59,596 basehttp 671560 139943374485184 "GET /api/login-page/ HTTP/1.1" 200 7896
INFO 2025-09-17 05:22:06,703 basehttp 671560 139943374485184 "POST /api/token/ HTTP/1.1" 200 491
INFO 2025-09-17 05:22:06,861 basehttp 671560 139943365043904 "GET /api/profile/ HTTP/1.1" 200 482
INFO 2025-09-17 05:22:08,551 basehttp 671560 139943374485184 "GET /api/officer-dashboard/ HTTP/1.1" 200 31110
INFO 2025-09-17 05:22:08,881 basehttp 671560 139943365043904 "GET /static/core/js/dashboard.js HTTP/1.1" 304 0
INFO 2025-09-17 05:22:11,685 basehttp 671560 139943365043904 "GET /api/face-recognition/ HTTP/1.1" 200 17822
INFO 2025-09-17 05:22:11,915 basehttp 671560 139943365043904 "GET /static/core/js/app.js HTTP/1.1" 200 26602
INFO 2025-09-17 05:22:26,886 face_recognition_service 671560 139943365043904 Mock face detection initialized
INFO 2025-09-17 05:22:26,887 face_recognition_service 671560 139943365043904 Image: ttt, Similarity: 0.240, Confidence: 0.239
INFO 2025-09-17 05:22:26,887 face_recognition_service 671560 139943365043904 Image: Alex, Similarity: 0.110, Confidence: 0.119
INFO 2025-09-17 05:22:26,887 face_recognition_service 671560 139943365043904 Image: Wanted, Similarity: 0.240, Confidence: 0.245
INFO 2025-09-17 05:22:26,888 basehttp 671560 139943365043904 "POST /api/recognize/ HTTP/1.1" 200 1967
INFO 2025-09-17 05:22:33,359 face_recognition_service 671560 139943365043904 Image: ttt, Similarity: 0.240, Confidence: 0.242
INFO 2025-09-17 05:22:33,360 face_recognition_service 671560 139943365043904 Image: Alex, Similarity: 0.110, Confidence: 0.111
INFO 2025-09-17 05:22:33,361 face_recognition_service 671560 139943365043904 Image: Wanted, Similarity: 0.240, Confidence: 0.233
INFO 2025-09-17 05:22:33,364 basehttp 671560 139943365043904 "POST /api/recognize/ HTTP/1.1" 200 1960
INFO 2025-09-17 05:22:38,769 basehttp 671560 139943365043904 "GET /api/officer-dashboard/ HTTP/1.1" 200 31110
INFO 2025-09-17 05:32:18,551 basehttp 671560 139943365043904 "GET /api/officer-dashboard/ HTTP/1.1" 200 31110
INFO 2025-09-17 05:32:30,340 basehttp 671560 139943365043904 "GET /api/face-recognition/ HTTP/1.1" 200 17822
INFO 2025-09-17 05:32:30,916 basehttp 671560 139943365043904 "GET /static/core/js/app.js HTTP/1.1" 200 28435
INFO 2025-09-17 05:32:34,496 face_recognition_service 671560 139943365043904 Image: ttt, Similarity: 0.240, Confidence: 0.248
INFO 2025-09-17 05:32:34,503 face_recognition_service 671560 139943365043904 Image: Alex, Similarity: 0.110, Confidence: 0.117
INFO 2025-09-17 05:32:34,503 face_recognition_service 671560 139943365043904 Image: Wanted, Similarity: 0.240, Confidence: 0.233
INFO 2025-09-17 05:32:34,510 basehttp 671560 139943365043904 "POST /api/recognize/ HTTP/1.1" 200 1960
INFO 2025-09-17 05:32:42,171 face_recognition_service 671560 139943365043904 Image: ttt, Similarity: 0.240, Confidence: 0.239
INFO 2025-09-17 05:32:42,172 face_recognition_service 671560 139943365043904 Image: Alex, Similarity: 0.110, Confidence: 0.114
INFO 2025-09-17 05:32:42,172 face_recognition_service 671560 139943365043904 Image: Wanted, Similarity: 0.240, Confidence: 0.241
INFO 2025-09-17 05:32:42,173 basehttp 671560 139943365043904 "POST /api/recognize/ HTTP/1.1" 200 1971
INFO 2025-09-17 05:33:00,879 basehttp 680339 139694766552768 "GET /api/face-recognition/ HTTP/1.1" 200 17812
INFO 2025-09-17 05:33:01,380 basehttp 680339 139694766552768 "GET /static/core/js/app.js HTTP/1.1" 304 0
INFO 2025-09-17 05:33:06,051 basehttp 680339 139694766552768 "GET /api/officer-dashboard/ HTTP/1.1" 200 31110
INFO 2025-09-17 05:33:11,617 basehttp 680339 139694766552768 "GET /api/login-page/ HTTP/1.1" 200 7896
INFO 2025-09-17 05:33:17,898 basehttp 680339 139694766552768 "POST /api/token/ HTTP/1.1" 200 491
INFO 2025-09-17 05:33:18,021 basehttp 680339 139694766552768 "GET /api/profile/ HTTP/1.1" 200 482
INFO 2025-09-17 05:33:19,703 basehttp 680339 139694766552768 "GET /api/officer-dashboard/ HTTP/1.1" 200 31110
INFO 2025-09-17 05:33:23,987 basehttp 680339 139694766552768 "GET /api/face-recognition/ HTTP/1.1" 200 17812
INFO 2025-09-17 05:33:24,585 basehttp 680339 139694766552768 "GET /static/core/js/app.js HTTP/1.1" 304 0
INFO 2025-09-17 05:41:18,456 basehttp 680339 139694766552768 "GET /api/face-recognition/ HTTP/1.1" 200 17812
INFO 2025-09-17 05:41:18,700 basehttp 680339 139694766552768 "GET /static/core/js/app.js HTTP/1.1" 200 26602
INFO 2025-09-17 05:41:32,693 face_recognition_service 680339 139694766552768 Mock face detection initialized
INFO 2025-09-17 05:41:32,694 face_recognition_service 680339 139694766552768 Image: ttt, Similarity: 0.170, Confidence: 0.163
INFO 2025-09-17 05:41:32,694 face_recognition_service 680339 139694766552768 Image: Alex, Similarity: 0.170, Confidence: 0.174
INFO 2025-09-17 05:41:32,695 face_recognition_service 680339 139694766552768 Image: Wanted, Similarity: 0.200, Confidence: 0.192
INFO 2025-09-17 05:41:32,697 basehttp 680339 139694766552768 "POST /api/recognize/ HTTP/1.1" 200 1922
INFO 2025-09-17 05:41:33,865 face_recognition_service 680339 139694766552768 Image: ttt, Similarity: 0.170, Confidence: 0.171
INFO 2025-09-17 05:41:33,865 face_recognition_service 680339 139694766552768 Image: Alex, Similarity: 0.170, Confidence: 0.175
INFO 2025-09-17 05:41:33,865 face_recognition_service 680339 139694766552768 Image: Wanted, Similarity: 0.200, Confidence: 0.203
INFO 2025-09-17 05:41:33,873 basehttp 680339 139694766552768 "POST /api/recognize/ HTTP/1.1" 200 1924
INFO 2025-09-17 05:42:12,278 basehttp 680339 139694766552768 "GET /api/face-recognition/ HTTP/1.1" 200 17812
INFO 2025-09-17 05:42:12,577 basehttp 680339 139694766552768 "GET /static/core/js/app.js HTTP/1.1" 200 27090
INFO 2025-09-17 05:42:13,855 basehttp 680339 139694766552768 "GET /api/face-recognition/ HTTP/1.1" 200 17812
INFO 2025-09-17 05:42:13,942 basehttp 680339 139694766552768 "GET /static/core/js/app.js HTTP/1.1" 304 0
INFO 2025-09-17 05:42:14,957 basehttp 680339 139694766552768 "GET /api/face-recognition/ HTTP/1.1" 200 17812
INFO 2025-09-17 05:42:15,010 basehttp 680339 139694766552768 "GET /static/core/js/app.js HTTP/1.1" 304 0
INFO 2025-09-17 05:42:30,877 basehttp 680339 139694766552768 "GET /api/face-recognition/ HTTP/1.1" 200 17812
INFO 2025-09-17 05:42:30,940 basehttp 680339 139694766552768 "GET /static/core/js/app.js HTTP/1.1" 304 0
INFO 2025-09-17 05:42:32,027 basehttp 680339 139694766552768 "GET /api/face-recognition/ HTTP/1.1" 200 17812
INFO 2025-09-17 05:42:46,128 basehttp 680339 139694766552768 "GET /api/face-recognition/ HTTP/1.1" 200 17812
INFO 2025-09-17 05:42:46,254 basehttp 680339 139694766552768 "GET /static/core/js/app.js HTTP/1.1" 200 27090
INFO 2025-09-17 05:42:48,742 basehttp 680339 139694657500864 "GET /api/face-recognition/ HTTP/1.1" 200 17812
INFO 2025-09-17 05:42:48,811 basehttp 680339 139694657500864 "GET /static/core/js/app.js HTTP/1.1" 200 27090
WARNING 2025-09-17 05:42:49,241 log 680339 139694657500864 Not Found: /favicon.ico
WARNING 2025-09-17 05:42:49,242 basehttp 680339 139694657500864 "GET /favicon.ico HTTP/1.1" 404 3000
INFO 2025-09-17 05:43:06,379 basehttp 687680 140711882127040 "GET /api/face-recognition/ HTTP/1.1" 200 17811
INFO 2025-09-17 05:43:06,503 basehttp 687680 140711882127040 "GET /static/core/js/app.js HTTP/1.1" 200 27683
INFO 2025-09-17 05:43:58,893 basehttp 687680 140711882127040 "GET /api/face-recognition/ HTTP/1.1" 200 17811
INFO 2025-09-17 05:43:59,063 basehttp 687680 140711882127040 "GET /static/core/js/app.js HTTP/1.1" 304 0
INFO 2025-09-17 05:44:13,950 basehttp 687680 140711882127040 "GET /api/face-recognition/ HTTP/1.1" 200 17811
INFO 2025-09-17 05:44:14,227 basehttp 687680 140711882127040 "GET /static/core/js/app.js HTTP/1.1" 304 0
INFO 2025-09-17 05:46:01,053 basehttp 687680 140711882127040 "GET /api/face-recognition/ HTTP/1.1" 200 17811
INFO 2025-09-17 05:46:01,165 basehttp 687680 140711882127040 "GET /static/core/js/app.js HTTP/1.1" 304 0
INFO 2025-09-17 05:46:06,946 basehttp 687680 140711882127040 "GET /api/face-recognition/ HTTP/1.1" 200 17811
INFO 2025-09-17 05:46:07,054 basehttp 687680 140711882127040 "GET /static/core/js/app.js HTTP/1.1" 200 27683
WARNING 2025-09-17 05:46:08,235 log 687680 140711882127040 Not Found: /favicon.ico
WARNING 2025-09-17 05:46:08,236 basehttp 687680 140711882127040 "GET /favicon.ico HTTP/1.1" 404 3000
INFO 2025-09-17 05:46:20,626 basehttp 690107 139988168603328 "GET /api/face-recognition/ HTTP/1.1" 200 17842
INFO 2025-09-17 05:49:39,759 face_recognition_service 690107 139988083668672 Mock face detection initialized
INFO 2025-09-17 05:49:39,759 face_recognition_service 690107 139988083668672 Image: ttt, Similarity: 0.330, Confidence: 0.331
INFO 2025-09-17 05:49:39,759 face_recognition_service 690107 139988083668672 Image: Alex, Similarity: 0.850, Confidence: 0.859
INFO 2025-09-17 05:49:39,760 face_recognition_service 690107 139988083668672 Image: Wanted, Similarity: 0.260, Confidence: 0.263
INFO 2025-09-17 05:49:39,764 basehttp 690107 139988083668672 "POST /api/recognize/ HTTP/1.1" 200 1929
INFO 2025-09-17 05:50:41,055 basehttp 694910 139815159854784 "GET /api/face-recognition/ HTTP/1.1" 200 18047
INFO 2025-09-17 05:50:41,530 basehttp 694910 139815159854784 "GET /static/core/js/app.js HTTP/1.1" 200 27683
INFO 2025-09-17 05:50:45,702 face_recognition_service 694910 139815159854784 Mock face detection initialized
INFO 2025-09-17 05:50:45,705 face_recognition_service 694910 139815159854784 Image: ttt, Similarity: 0.220, Confidence: 0.226
INFO 2025-09-17 05:50:45,707 face_recognition_service 694910 139815159854784 Image: Alex, Similarity: 0.220, Confidence: 0.228
INFO 2025-09-17 05:50:45,712 face_recognition_service 694910 139815159854784 Image: Wanted, Similarity: 0.300, Confidence: 0.294
INFO 2025-09-17 05:50:45,714 basehttp 694910 139815159854784 "POST /api/recognize/ HTTP/1.1" 200 1952
INFO 2025-09-17 05:50:50,919 face_recognition_service 694910 139815159854784 Image: ttt, Similarity: 0.220, Confidence: 0.226
INFO 2025-09-17 05:50:50,919 face_recognition_service 694910 139815159854784 Image: Alex, Similarity: 0.220, Confidence: 0.228
INFO 2025-09-17 05:50:50,920 face_recognition_service 694910 139815159854784 Image: Wanted, Similarity: 0.300, Confidence: 0.309
INFO 2025-09-17 05:50:50,944 basehttp 694910 139815159854784 "POST /api/recognize/ HTTP/1.1" 200 1955
INFO 2025-09-17 05:50:52,678 face_recognition_service 694910 139815159854784 Image: ttt, Similarity: 0.220, Confidence: 0.222
INFO 2025-09-17 05:50:52,682 face_recognition_service 694910 139815159854784 Image: Alex, Similarity: 0.220, Confidence: 0.227
INFO 2025-09-17 05:50:52,682 face_recognition_service 694910 139815159854784 Image: Wanted, Similarity: 0.300, Confidence: 0.297
INFO 2025-09-17 05:50:52,697 basehttp 694910 139815159854784 "POST /api/recognize/ HTTP/1.1" 200 1951
INFO 2025-09-17 05:50:53,648 face_recognition_service 694910 139815159854784 Image: ttt, Similarity: 0.220, Confidence: 0.211
INFO 2025-09-17 05:50:53,649 face_recognition_service 694910 139815159854784 Image: Alex, Similarity: 0.220, Confidence: 0.229
INFO 2025-09-17 05:50:53,649 face_recognition_service 694910 139815159854784 Image: Wanted, Similarity: 0.300, Confidence: 0.300
INFO 2025-09-17 05:50:53,653 basehttp 694910 139815159854784 "POST /api/recognize/ HTTP/1.1" 200 1953
INFO 2025-09-17 05:50:54,384 face_recognition_service 694910 139815159854784 Image: ttt, Similarity: 0.220, Confidence: 0.222
INFO 2025-09-17 05:50:54,389 face_recognition_service 694910 139815159854784 Image: Alex, Similarity: 0.220, Confidence: 0.213
INFO 2025-09-17 05:50:54,395 face_recognition_service 694910 139815159854784 Image: Wanted, Similarity: 0.300, Confidence: 0.294
INFO 2025-09-17 05:50:54,404 basehttp 694910 139815159854784 "POST /api/recognize/ HTTP/1.1" 200 1951
INFO 2025-09-17 05:50:55,101 face_recognition_service 694910 139815159854784 Image: ttt, Similarity: 0.220, Confidence: 0.225
INFO 2025-09-17 05:50:55,101 face_recognition_service 694910 139815159854784 Image: Alex, Similarity: 0.220, Confidence: 0.219
INFO 2025-09-17 05:50:55,102 face_recognition_service 694910 139815159854784 Image: Wanted, Similarity: 0.300, Confidence: 0.295
INFO 2025-09-17 05:50:55,103 basehttp 694910 139815159854784 "POST /api/recognize/ HTTP/1.1" 200 1956
INFO 2025-09-17 05:50:55,651 face_recognition_service 694910 139815159854784 Image: ttt, Similarity: 0.220, Confidence: 0.229
INFO 2025-09-17 05:50:55,654 face_recognition_service 694910 139815159854784 Image: Alex, Similarity: 0.220, Confidence: 0.215
INFO 2025-09-17 05:50:55,664 face_recognition_service 694910 139815159854784 Image: Wanted, Similarity: 0.300, Confidence: 0.305
INFO 2025-09-17 05:50:55,668 basehttp 694910 139815159854784 "POST /api/recognize/ HTTP/1.1" 200 1954
INFO 2025-09-17 05:51:02,848 face_recognition_service 694910 139815159854784 Image: ttt, Similarity: 0.220, Confidence: 0.216
INFO 2025-09-17 05:51:02,860 face_recognition_service 694910 139815159854784 Image: Alex, Similarity: 0.220, Confidence: 0.217
INFO 2025-09-17 05:51:02,860 face_recognition_service 694910 139815159854784 Image: Wanted, Similarity: 0.300, Confidence: 0.294
INFO 2025-09-17 05:51:02,863 basehttp 694910 139815159854784 "POST /api/recognize/ HTTP/1.1" 200 1956
INFO 2025-09-17 05:51:05,174 face_recognition_service 694910 139815159854784 Image: ttt, Similarity: 0.220, Confidence: 0.223
INFO 2025-09-17 05:51:05,174 face_recognition_service 694910 139815159854784 Image: Alex, Similarity: 0.220, Confidence: 0.212
INFO 2025-09-17 05:51:05,174 face_recognition_service 694910 139815159854784 Image: Wanted, Similarity: 0.300, Confidence: 0.304
INFO 2025-09-17 05:51:05,204 basehttp 694910 139815159854784 "POST /api/recognize/ HTTP/1.1" 200 1955
INFO 2025-09-17 05:51:38,226 basehttp 694910 139815159854784 "GET /api/face-recognition/ HTTP/1.1" 200 18047
INFO 2025-09-17 05:51:38,496 basehttp 694910 139815159854784 "GET /static/core/js/app.js HTTP/1.1" 304 0
INFO 2025-09-17 05:52:14,665 basehttp 694910 139815159854784 "GET /api/face-recognition/ HTTP/1.1" 200 18047
INFO 2025-09-17 05:52:14,939 basehttp 694910 139815159854784 "GET /static/core/js/app.js HTTP/1.1" 304 0
INFO 2025-09-17 05:54:52,964 basehttp 694910 139815159854784 "GET /api/face-recognition/ HTTP/1.1" 200 18047
INFO 2025-09-17 05:54:53,326 basehttp 694910 139815159854784 "GET /static/core/js/app.js HTTP/1.1" 304 0
INFO 2025-09-17 05:58:21,163 basehttp 694910 139815159854784 "GET /api/face-recognition/ HTTP/1.1" 200 18047
INFO 2025-09-17 05:58:21,572 basehttp 694910 139815159854784 "GET /static/core/js/app.js HTTP/1.1" 304 0
INFO 2025-09-17 06:01:58,915 basehttp 704425 140231423555264 "GET /api/face-recognition/ HTTP/1.1" 200 18046
INFO 2025-09-17 06:01:59,425 basehttp 704425 140231423555264 "GET /static/core/js/app.js HTTP/1.1" 304 0
INFO 2025-09-17 06:03:30,868 basehttp 704425 140231423555264 "GET /api/face-recognition/ HTTP/1.1" 200 18046
INFO 2025-09-17 06:03:31,001 basehttp 704425 140231423555264 "GET /static/core/js/app.js HTTP/1.1" 304 0
INFO 2025-09-17 06:03:32,871 basehttp 704425 140231423555264 "GET /api/face-recognition/ HTTP/1.1" 200 18046
INFO 2025-09-17 06:03:48,088 basehttp 706132 139760595105472 "GET /api/face-recognition/ HTTP/1.1" 200 18046
INFO 2025-09-17 06:04:20,151 basehttp 706778 139865985382080 "GET /api/face-recognition/ HTTP/1.1" 200 18046
INFO 2025-09-17 06:05:15,065 basehttp 707609 140636094199488 "GET /api/face-recognition/ HTTP/1.1" 200 18047
INFO 2025-09-17 06:05:15,319 basehttp 707609 140636094199488 "GET /static/core/js/app.js HTTP/1.1" 304 0
INFO 2025-09-17 06:07:18,942 basehttp 711434 140689646024384 "GET /api/face-recognition/ HTTP/1.1" 200 18047
INFO 2025-09-17 06:07:19,061 basehttp 711434 140689646024384 "GET /static/core/js/app.js HTTP/1.1" 304 0
INFO 2025-09-17 06:07:20,138 basehttp 711434 140689646024384 "GET /api/face-recognition/ HTTP/1.1" 200 18047
INFO 2025-09-17 06:08:01,965 basehttp 712287 140612803229376 "GET /api/face-recognition/ HTTP/1.1" 200 18050
INFO 2025-09-17 06:09:20,403 basehttp 713514 140029456099008 "GET /api/face-recognition/ HTTP/1.1" 200 18046
INFO 2025-09-17 06:09:20,643 basehttp 713514 140029456099008 "GET /static/core/js/app.js HTTP/1.1" 304 0
INFO 2025-09-17 06:09:29,933 face_recognition_service 713514 140029456099008 Mock face detection initialized
INFO 2025-09-17 06:09:29,934 face_recognition_service 713514 140029456099008 Image: ttt, Similarity: 0.300, Confidence: 0.301
INFO 2025-09-17 06:09:29,934 face_recognition_service 713514 140029456099008 Image: Alex, Similarity: 0.170, Confidence: 0.171
INFO 2025-09-17 06:09:29,935 face_recognition_service 713514 140029456099008 Image: Wanted, Similarity: 0.170, Confidence: 0.166
INFO 2025-09-17 06:09:29,939 basehttp 713514 140029456099008 "POST /api/recognize/ HTTP/1.1" 200 1943
INFO 2025-09-17 06:09:34,001 face_recognition_service 713514 140029456099008 Image: ttt, Similarity: 0.300, Confidence: 0.308
INFO 2025-09-17 06:09:34,002 face_recognition_service 713514 140029456099008 Image: Alex, Similarity: 0.170, Confidence: 0.161
INFO 2025-09-17 06:09:34,006 face_recognition_service 713514 140029456099008 Image: Wanted, Similarity: 0.170, Confidence: 0.164
INFO 2025-09-17 06:09:34,008 basehttp 713514 140029456099008 "POST /api/recognize/ HTTP/1.1" 200 1944
INFO 2025-09-17 06:09:36,085 face_recognition_service 713514 140029456099008 Image: ttt, Similarity: 0.300, Confidence: 0.300
INFO 2025-09-17 06:09:36,085 face_recognition_service 713514 140029456099008 Image: Alex, Similarity: 0.170, Confidence: 0.176
INFO 2025-09-17 06:09:36,087 face_recognition_service 713514 140029456099008 Image: Wanted, Similarity: 0.170, Confidence: 0.177
INFO 2025-09-17 06:09:36,100 basehttp 713514 140029456099008 "POST /api/recognize/ HTTP/1.1" 200 1947
INFO 2025-09-17 06:11:06,111 basehttp 715975 140322704193216 "GET /api/face-recognition/ HTTP/1.1" 200 18046
INFO 2025-09-17 06:11:36,394 basehttp 716562 140337607603904 "GET /api/face-recognition/ HTTP/1.1" 200 18044
INFO 2025-09-17 06:11:36,457 basehttp 716562 140337607603904 "GET /static/core/js/app.js HTTP/1.1" 304 0
INFO 2025-09-17 06:11:52,278 basehttp 717031 140141034206912 "GET /api/face-recognition/ HTTP/1.1" 200 18045
INFO 2025-09-17 06:12:02,982 face_recognition_service 717031 140141034206912 Mock face detection initialized
INFO 2025-09-17 06:12:02,983 face_recognition_service 717031 140141034206912 Image: ttt, Similarity: 0.340, Confidence: 0.335
INFO 2025-09-17 06:12:02,983 face_recognition_service 717031 140141034206912 Image: Alex, Similarity: 0.100, Confidence: 0.092
INFO 2025-09-17 06:12:02,983 face_recognition_service 717031 140141034206912 Image: Wanted, Similarity: 0.240, Confidence: 0.240
INFO 2025-09-17 06:12:02,985 basehttp 717031 140141034206912 "POST /api/recognize/ HTTP/1.1" 200 1962
INFO 2025-09-17 06:13:59,975 basehttp 717031 140141034206912 "GET /api/face-recognition/ HTTP/1.1" 200 18045
INFO 2025-09-17 06:14:00,124 basehttp 717031 140141034206912 "GET /static/core/js/app.js HTTP/1.1" 304 0
INFO 2025-09-17 06:14:15,786 basehttp 718951 140145946785472 "GET /api/face-recognition/ HTTP/1.1" 200 18044
INFO 2025-09-17 06:15:46,489 basehttp 720255 140221010147008 "GET /api/face-recognition/ HTTP/1.1" 200 18062
INFO 2025-09-17 06:17:03,879 basehttp 721858 140654523971264 "GET /api/face-recognition/ HTTP/1.1" 200 18047
INFO 2025-09-17 06:17:04,214 basehttp 721858 140654523971264 "GET /static/core/js/app.js HTTP/1.1" 304 0
INFO 2025-09-17 06:20:06,607 basehttp 724269 140657822791360 "GET /api/face-recognition/ HTTP/1.1" 200 18081
INFO 2025-09-17 06:20:06,913 basehttp 724269 140657822791360 "GET /static/core/js/app.js HTTP/1.1" 304 0
INFO 2025-09-17 06:20:59,449 basehttp 725185 139976293295808 "GET /api/face-recognition/ HTTP/1.1" 200 18085
INFO 2025-09-17 08:37:37,716 basehttp 749305 139679451051712 "GET / HTTP/1.1" 302 0
INFO 2025-09-17 08:37:37,844 basehttp 749305 139679451051712 "GET /api/login-page/ HTTP/1.1" 200 7896
INFO 2025-09-17 08:37:38,549 basehttp 749305 139679451051712 "GET /static/core/css/login-styles.css HTTP/1.1" 200 19008
INFO 2025-09-17 08:37:38,653 basehttp 749305 139679451051712 "GET /static/core/js/login.js?v=4.0 HTTP/1.1" 304 0
INFO 2025-09-17 08:37:47,605 basehttp 749305 139679451051712 "POST /api/token/ HTTP/1.1" 200 491
INFO 2025-09-17 08:37:47,726 basehttp 749305 139679451051712 "GET /api/profile/ HTTP/1.1" 200 482
INFO 2025-09-17 08:37:49,434 basehttp 749305 139679451051712 "GET /api/officer-dashboard/ HTTP/1.1" 200 31110
INFO 2025-09-17 08:37:49,720 basehttp 749305 139679451051712 "GET /static/core/css/dashboard-styles.css HTTP/1.1" 200 61825
INFO 2025-09-17 08:37:49,729 basehttp 749305 139679436371648 "GET /static/core/js/dashboard.js HTTP/1.1" 304 0
INFO 2025-09-17 08:37:52,484 basehttp 749305 139679451051712 "GET /api/face-recognition/ HTTP/1.1" 200 18047
INFO 2025-09-17 08:37:52,797 basehttp 749305 139679436371648 "GET /static/core/js/app.js HTTP/1.1" 304 0
INFO 2025-09-17 08:38:01,323 face_recognition_service 749305 139679451051712 Mock face detection initialized
INFO 2025-09-17 08:38:01,324 face_recognition_service 749305 139679451051712 Image: ttt, Similarity: 0.300, Confidence: 0.295
INFO 2025-09-17 08:38:01,325 face_recognition_service 749305 139679451051712 Image: Alex, Similarity: 0.140, Confidence: 0.148
INFO 2025-09-17 08:38:01,325 face_recognition_service 749305 139679451051712 Image: Wanted, Similarity: 0.200, Confidence: 0.196
INFO 2025-09-17 08:38:01,329 basehttp 749305 139679451051712 "POST /api/recognize/ HTTP/1.1" 200 1946
INFO 2025-09-17 08:38:11,123 face_recognition_service 749305 139679451051712 Image: ttt, Similarity: 0.300, Confidence: 0.299
INFO 2025-09-17 08:38:11,124 face_recognition_service 749305 139679451051712 Image: Alex, Similarity: 0.140, Confidence: 0.142
INFO 2025-09-17 08:38:11,124 face_recognition_service 749305 139679451051712 Image: Wanted, Similarity: 0.200, Confidence: 0.207
INFO 2025-09-17 08:38:11,125 basehttp 749305 139679451051712 "POST /api/recognize/ HTTP/1.1" 200 1947
INFO 2025-09-17 08:38:25,372 face_recognition_service 749305 139679451051712 Image: ttt, Similarity: 0.300, Confidence: 0.308
INFO 2025-09-17 08:38:25,373 face_recognition_service 749305 139679451051712 Image: Alex, Similarity: 0.140, Confidence: 0.130
INFO 2025-09-17 08:38:25,373 face_recognition_service 749305 139679451051712 Image: Wanted, Similarity: 0.200, Confidence: 0.191
INFO 2025-09-17 08:38:25,374 basehttp 749305 139679451051712 "POST /api/recognize/ HTTP/1.1" 200 1944
INFO 2025-09-17 08:38:28,021 face_recognition_service 749305 139679451051712 Image: ttt, Similarity: 0.300, Confidence: 0.297
INFO 2025-09-17 08:38:28,021 face_recognition_service 749305 139679451051712 Image: Alex, Similarity: 0.140, Confidence: 0.144
INFO 2025-09-17 08:38:28,021 face_recognition_service 749305 139679451051712 Image: Wanted, Similarity: 0.200, Confidence: 0.201
INFO 2025-09-17 08:38:28,022 basehttp 749305 139679451051712 "POST /api/recognize/ HTTP/1.1" 200 1945
INFO 2025-09-17 08:38:28,968 face_recognition_service 749305 139679451051712 Image: ttt, Similarity: 0.300, Confidence: 0.308
INFO 2025-09-17 08:38:28,969 face_recognition_service 749305 139679451051712 Image: Alex, Similarity: 0.140, Confidence: 0.140
INFO 2025-09-17 08:38:28,969 face_recognition_service 749305 139679451051712 Image: Wanted, Similarity: 0.200, Confidence: 0.204
INFO 2025-09-17 08:38:28,969 basehttp 749305 139679451051712 "POST /api/recognize/ HTTP/1.1" 200 1948
INFO 2025-09-17 08:38:29,687 face_recognition_service 749305 139679451051712 Image: ttt, Similarity: 0.300, Confidence: 0.304
INFO 2025-09-17 08:38:29,687 face_recognition_service 749305 139679451051712 Image: Alex, Similarity: 0.140, Confidence: 0.143
INFO 2025-09-17 08:38:29,687 face_recognition_service 749305 139679451051712 Image: Wanted, Similarity: 0.200, Confidence: 0.209
INFO 2025-09-17 08:38:29,688 basehttp 749305 139679451051712 "POST /api/recognize/ HTTP/1.1" 200 1944
INFO 2025-09-17 08:38:30,005 face_recognition_service 749305 139679451051712 Image: ttt, Similarity: 0.300, Confidence: 0.292
INFO 2025-09-17 08:38:30,005 face_recognition_service 749305 139679451051712 Image: Alex, Similarity: 0.140, Confidence: 0.143
INFO 2025-09-17 08:38:30,005 face_recognition_service 749305 139679451051712 Image: Wanted, Similarity: 0.200, Confidence: 0.198
INFO 2025-09-17 08:38:30,006 basehttp 749305 139679451051712 "POST /api/recognize/ HTTP/1.1" 200 1948
INFO 2025-09-17 08:38:30,197 face_recognition_service 749305 139679451051712 Image: ttt, Similarity: 0.300, Confidence: 0.296
INFO 2025-09-17 08:38:30,198 face_recognition_service 749305 139679451051712 Image: Alex, Similarity: 0.140, Confidence: 0.136
INFO 2025-09-17 08:38:30,198 face_recognition_service 749305 139679451051712 Image: Wanted, Similarity: 0.200, Confidence: 0.195
INFO 2025-09-17 08:38:30,199 basehttp 749305 139679451051712 "POST /api/recognize/ HTTP/1.1" 200 1945
INFO 2025-09-17 08:38:30,364 face_recognition_service 749305 139679451051712 Image: ttt, Similarity: 0.300, Confidence: 0.306
INFO 2025-09-17 08:38:30,374 face_recognition_service 749305 139679451051712 Image: Alex, Similarity: 0.140, Confidence: 0.136
INFO 2025-09-17 08:38:30,375 face_recognition_service 749305 139679451051712 Image: Wanted, Similarity: 0.200, Confidence: 0.199
INFO 2025-09-17 08:38:30,381 basehttp 749305 139679451051712 "POST /api/recognize/ HTTP/1.1" 200 1945
INFO 2025-09-17 08:38:30,567 face_recognition_service 749305 139679451051712 Image: ttt, Similarity: 0.300, Confidence: 0.302
INFO 2025-09-17 08:38:30,567 face_recognition_service 749305 139679451051712 Image: Alex, Similarity: 0.140, Confidence: 0.143
INFO 2025-09-17 08:38:30,567 face_recognition_service 749305 139679451051712 Image: Wanted, Similarity: 0.200, Confidence: 0.210
INFO 2025-09-17 08:38:30,569 basehttp 749305 139679451051712 "POST /api/recognize/ HTTP/1.1" 200 1941
INFO 2025-09-17 08:38:30,766 face_recognition_service 749305 139679451051712 Image: ttt, Similarity: 0.300, Confidence: 0.307
INFO 2025-09-17 08:38:30,766 face_recognition_service 749305 139679451051712 Image: Alex, Similarity: 0.140, Confidence: 0.149
INFO 2025-09-17 08:38:30,767 face_recognition_service 749305 139679451051712 Image: Wanted, Similarity: 0.200, Confidence: 0.202
INFO 2025-09-17 08:38:30,771 basehttp 749305 139679451051712 "POST /api/recognize/ HTTP/1.1" 200 1946
INFO 2025-09-17 08:38:30,893 face_recognition_service 749305 139679451051712 Image: ttt, Similarity: 0.300, Confidence: 0.294
INFO 2025-09-17 08:38:30,894 face_recognition_service 749305 139679451051712 Image: Alex, Similarity: 0.140, Confidence: 0.135
INFO 2025-09-17 08:38:30,894 face_recognition_service 749305 139679451051712 Image: Wanted, Similarity: 0.200, Confidence: 0.197
INFO 2025-09-17 08:38:30,896 basehttp 749305 139679451051712 "POST /api/recognize/ HTTP/1.1" 200 1945
INFO 2025-09-17 08:38:31,105 face_recognition_service 749305 139679451051712 Image: ttt, Similarity: 0.300, Confidence: 0.294
INFO 2025-09-17 08:38:31,106 face_recognition_service 749305 139679451051712 Image: Alex, Similarity: 0.140, Confidence: 0.142
INFO 2025-09-17 08:38:31,106 face_recognition_service 749305 139679451051712 Image: Wanted, Similarity: 0.200, Confidence: 0.202
INFO 2025-09-17 08:38:31,108 basehttp 749305 139679451051712 "POST /api/recognize/ HTTP/1.1" 200 1948
INFO 2025-09-17 08:38:31,783 face_recognition_service 749305 139679451051712 Image: ttt, Similarity: 0.300, Confidence: 0.296
INFO 2025-09-17 08:38:31,784 face_recognition_service 749305 139679451051712 Image: Alex, Similarity: 0.140, Confidence: 0.135
INFO 2025-09-17 08:38:31,784 face_recognition_service 749305 139679451051712 Image: Wanted, Similarity: 0.200, Confidence: 0.198
INFO 2025-09-17 08:38:31,793 basehttp 749305 139679451051712 "POST /api/recognize/ HTTP/1.1" 200 1942
INFO 2025-09-17 08:38:32,510 face_recognition_service 749305 139679451051712 Image: ttt, Similarity: 0.300, Confidence: 0.308
INFO 2025-09-17 08:38:32,510 face_recognition_service 749305 139679451051712 Image: Alex, Similarity: 0.140, Confidence: 0.146
INFO 2025-09-17 08:38:32,510 face_recognition_service 749305 139679451051712 Image: Wanted, Similarity: 0.200, Confidence: 0.206
INFO 2025-09-17 08:38:32,512 basehttp 749305 139679451051712 "POST /api/recognize/ HTTP/1.1" 200 1947
INFO 2025-09-17 08:38:39,711 basehttp 749305 139679451051712 "GET /api/officer-dashboard/ HTTP/1.1" 200 31110
INFO 2025-09-17 08:38:41,301 basehttp 749305 139679399671488 "GET /static/core/css/dashboard-styles.css HTTP/1.1" 200 61825
INFO 2025-09-17 08:38:41,306 basehttp 749305 139679451051712 "GET /api/login-page/ HTTP/1.1" 200 7896
INFO 2025-09-17 08:38:41,319 basehttp 749305 139679399671488 "GET /static/core/css/dashboard-styles.css HTTP/1.1" 200 61825
INFO 2025-09-17 08:38:41,498 basehttp 749305 139679181567680 "GET /static/core/css/dashboard-styles.css HTTP/1.1" 200 61825
INFO 2025-09-17 08:38:41,503 basehttp 749305 139679399671488 "GET /static/core/css/dashboard-styles.css HTTP/1.1" 200 61825
INFO 2025-09-17 08:38:41,510 basehttp 749305 139679173174976 "GET /static/core/css/dashboard-styles.css HTTP/1.1" 200 61825
INFO 2025-09-17 08:38:49,784 basehttp 749305 139679451051712 "POST /api/token/ HTTP/1.1" 200 491
INFO 2025-09-17 08:38:49,920 basehttp 749305 139679436371648 "GET /api/profile/ HTTP/1.1" 200 479
INFO 2025-09-17 08:38:51,797 basehttp 749305 139679451051712 "GET /api/admin-dashboard/ HTTP/1.1" 200 63402
INFO 2025-09-17 08:39:01,441 basehttp 749305 139679451051712 "GET /api/audit-logs-page/ HTTP/1.1" 200 14684
INFO 2025-09-17 08:39:01,955 basehttp 749305 139679436371648 "GET /static/core/js/audit-logs.js HTTP/1.1" 304 0
INFO 2025-09-17 08:39:02,223 basehttp 749305 139679451051712 "GET /api/users/ HTTP/1.1" 200 966
INFO 2025-09-17 08:39:02,447 basehttp 749305 139679436371648 "GET /api/audit-logs/ HTTP/1.1" 200 16599
INFO 2025-09-17 08:39:02,515 basehttp 749305 139679164782272 "GET /api/audit-logs/ HTTP/1.1" 200 16579
INFO 2025-09-17 08:39:16,019 basehttp 749305 139679451051712 "GET /api/admin-dashboard/ HTTP/1.1" 200 63402
INFO 2025-09-17 08:39:19,211 basehttp 749305 139679451051712 "GET /admin/ HTTP/1.1" 200 8887
INFO 2025-09-17 08:39:19,402 basehttp 749305 139679436371648 "GET /static/admin/css/base.css HTTP/1.1" 304 0
INFO 2025-09-17 08:39:19,402 basehttp 749305 139679164782272 "GET /static/admin/css/dark_mode.css HTTP/1.1" 304 0
INFO 2025-09-17 08:39:19,403 basehttp 749305 139679451051712 "GET /static/admin/js/theme.js HTTP/1.1" 304 0
INFO 2025-09-17 08:39:19,405 basehttp 749305 139679156389568 "GET /static/admin/css/nav_sidebar.css HTTP/1.1" 304 0
INFO 2025-09-17 08:39:19,406 basehttp 749305 139679147996864 "GET /static/admin/css/dashboard.css HTTP/1.1" 304 0
INFO 2025-09-17 08:39:19,408 basehttp 749305 139679436371648 "GET /static/admin/css/responsive.css HTTP/1.1" 304 0
INFO 2025-09-17 08:39:19,421 basehttp 749305 139679164782272 "GET /static/admin/js/nav_sidebar.js HTTP/1.1" 304 0
INFO 2025-09-17 08:39:19,538 basehttp 749305 139679436371648 "GET /static/admin/img/icon-addlink.svg HTTP/1.1" 200 331
INFO 2025-09-17 08:39:19,549 basehttp 749305 139679139604160 "GET /static/admin/img/icon-viewlink.svg HTTP/1.1" 200 581
INFO 2025-09-17 08:39:19,549 basehttp 749305 139679164782272 "GET /static/admin/img/icon-changelink.svg HTTP/1.1" 200 380
INFO 2025-09-17 08:39:25,014 basehttp 749305 139679451051712 "GET /admin/core/auditlog/ HTTP/1.1" 200 66035
INFO 2025-09-17 08:39:25,146 basehttp 749305 139679436371648 "GET /static/admin/img/search.svg HTTP/1.1" 200 458
INFO 2025-09-17 08:39:25,150 basehttp 749305 139679436371648 "GET /static/admin/css/changelists.css HTTP/1.1" 304 0
INFO 2025-09-17 08:39:25,173 basehttp 749305 139679451051712 "GET /static/admin/js/admin/RelatedObjectLookups.js HTTP/1.1" 304 0
INFO 2025-09-17 08:39:25,179 basehttp 749305 139679139604160 "GET /static/admin/js/vendor/jquery/jquery.js HTTP/1.1" 304 0
INFO 2025-09-17 08:39:25,176 basehttp 749305 139679147996864 "GET /static/admin/js/core.js HTTP/1.1" 304 0
INFO 2025-09-17 08:39:25,181 basehttp 749305 139679451051712 "GET /static/admin/js/actions.js HTTP/1.1" 304 0
INFO 2025-09-17 08:39:25,193 basehttp 749305 139679156389568 "GET /static/admin/js/jquery.init.js HTTP/1.1" 200 347
INFO 2025-09-17 08:39:25,203 basehttp 749305 139679164782272 "GET /admin/jsi18n/ HTTP/1.1" 200 3343
INFO 2025-09-17 08:39:25,207 basehttp 749305 139679436371648 "GET /static/admin/js/vendor/xregexp/xregexp.js HTTP/1.1" 304 0
INFO 2025-09-17 08:39:25,203 basehttp 749305 139679139604160 "GET /static/admin/js/urlify.js HTTP/1.1" 304 0
INFO 2025-09-17 08:39:25,211 basehttp 749305 139679156389568 "GET /static/admin/js/prepopulate.js HTTP/1.1" 304 0
INFO 2025-09-17 08:39:25,212 basehttp 749305 139679147996864 "GET /static/admin/js/filters.js HTTP/1.1" 200 978
INFO 2025-09-17 08:39:25,338 basehttp 749305 139679436371648 "GET /static/admin/img/sorting-icons.svg HTTP/1.1" 200 1097
INFO 2025-09-17 08:39:28,828 basehttp 749305 139679451051712 "GET /admin/core/usersession/ HTTP/1.1" 200 10856
INFO 2025-09-17 08:39:28,964 basehttp 749305 139679436371648 "GET /admin/jsi18n/ HTTP/1.1" 200 3343
INFO 2025-09-17 08:39:29,081 basehttp 749305 139679436371648 "GET /static/admin/img/tooltag-add.svg HTTP/1.1" 200 331
INFO 2025-09-17 08:39:31,518 basehttp 749305 139679451051712 "GET /admin/core/systemconfiguration/ HTTP/1.1" 200 11357
INFO 2025-09-17 08:39:31,632 basehttp 749305 139679436371648 "GET /admin/jsi18n/ HTTP/1.1" 200 3343
INFO 2025-09-17 08:39:34,102 basehttp 749305 139679451051712 "GET /admin/core/auditlog/ HTTP/1.1" 200 66011
INFO 2025-09-17 08:39:34,247 basehttp 749305 139679436371648 "GET /admin/jsi18n/ HTTP/1.1" 200 3343
INFO 2025-09-17 08:39:34,886 basehttp 749305 139679451051712 "GET /admin/core/analyticsdata/ HTTP/1.1" 200 11336
INFO 2025-09-17 08:39:34,992 basehttp 749305 139679436371648 "GET /admin/jsi18n/ HTTP/1.1" 200 3343
INFO 2025-09-17 08:39:36,598 basehttp 749305 139679451051712 "GET /admin/core/auditlog/ HTTP/1.1" 200 66011
INFO 2025-09-17 08:39:36,699 basehttp 749305 139679436371648 "GET /admin/jsi18n/ HTTP/1.1" 200 3343
INFO 2025-09-17 08:39:39,337 basehttp 749305 139679451051712 "POST /admin/logout/ HTTP/1.1" 200 3576
INFO 2025-09-17 08:54:40,372 basehttp 749305 139679436371648 "GET /api/admin-dashboard/ HTTP/1.1" 200 63402
WARNING 2025-09-17 08:54:41,443 log 749305 139679147996864 Not Found: /favicon.ico
INFO 2025-09-17 08:54:44,769 basehttp 749305 139679156389568 "GET /api/admin-dashboard/ HTTP/1.1" 200 63402
INFO 2025-09-17 08:54:55,118 basehttp 749305 139679156389568 "GET /api/image-management/ HTTP/1.1" 200 16705
INFO 2025-09-17 08:54:55,355 basehttp 749305 139679156389568 "GET /static/core/js/image-management.js HTTP/1.1" 304 0
INFO 2025-09-17 08:54:56,229 basehttp 749305 139679139604160 "GET /api/images/ HTTP/1.1" 200 1297
INFO 2025-09-17 08:54:56,230 basehttp 749305 139679156389568 "GET /api/images/?page=1&page_size=12 HTTP/1.1" 200 1297
INFO 2025-09-17 08:54:56,286 basehttp 749305 139679156389568 "GET /media/uploads/images/2025/09/16/ny.jpeg HTTP/1.1" 304 0
INFO 2025-09-17 08:54:56,287 basehttp 749305 139679139604160 "GET /media/uploads/images/2025/09/16/Untitled.jpeg HTTP/1.1" 304 0
INFO 2025-09-17 08:54:56,290 basehttp 749305 139679147996864 "GET /media/uploads/images/2025/09/16/RUID856147bd6dbc437d81035a5f030d17c1.jpg HTTP/1.1" 304 0
INFO 2025-09-17 08:54:58,504 basehttp 749305 139679156389568 "GET /api/image-upload/ HTTP/1.1" 200 19865
INFO 2025-09-17 08:54:58,619 basehttp 749305 139679139604160 "GET /static/core/js/image-upload.js HTTP/1.1" 304 0
INFO 2025-09-17 08:54:58,690 basehttp 749305 139679139604160 "GET /api/images/?page=1&page_size=12 HTTP/1.1" 200 1297
INFO 2025-09-17 08:55:10,043 basehttp 749305 139679156389568 "GET /admin/logout/ HTTP/1.1" 302 0
INFO 2025-09-17 08:55:10,074 basehttp 749305 139679156389568 "GET /admin/ HTTP/1.1" 302 0
INFO 2025-09-17 08:55:10,316 basehttp 749305 139679156389568 "GET /admin/login/?next=/admin/ HTTP/1.1" 200 4181
WARNING 2025-09-17 08:55:22,053 log 749305 139679156389568 Not Found: /api/admin/
WARNING 2025-09-17 08:55:22,054 basehttp 749305 139679156389568 "GET /api/admin/ HTTP/1.1" 404 8639
INFO 2025-09-17 08:55:28,365 basehttp 749305 139679156389568 "GET /api/login-page/ HTTP/1.1" 200 7896
INFO 2025-09-17 08:55:34,638 basehttp 749305 139679156389568 "POST /api/token/ HTTP/1.1" 200 491
INFO 2025-09-17 08:55:34,723 basehttp 749305 139679139604160 "GET /api/profile/ HTTP/1.1" 200 482
INFO 2025-09-17 08:55:36,274 basehttp 749305 139679156389568 "GET /api/officer-dashboard/ HTTP/1.1" 200 31110
INFO 2025-09-17 08:55:44,544 basehttp 749305 139679156389568 "GET /api/face-recognition/ HTTP/1.1" 200 18047
INFO 2025-09-17 08:55:44,771 basehttp 749305 139679139604160 "GET /static/core/js/app.js HTTP/1.1" 304 0
INFO 2025-09-17 08:56:27,083 face_recognition_service 749305 139679156389568 Image: ttt, Similarity: 0.300, Confidence: 0.298
INFO 2025-09-17 08:56:27,084 face_recognition_service 749305 139679156389568 Image: Alex, Similarity: 0.140, Confidence: 0.131
INFO 2025-09-17 08:56:27,085 face_recognition_service 749305 139679156389568 Image: Wanted, Similarity: 0.200, Confidence: 0.208
INFO 2025-09-17 08:56:27,089 basehttp 749305 139679156389568 "POST /api/recognize/ HTTP/1.1" 200 1944
INFO 2025-09-17 08:57:30,256 basehttp 749305 139679156389568 "POST /api/upload-image/ HTTP/1.1" 200 495
INFO 2025-09-17 08:57:30,289 basehttp 749305 139679139604160 "GET /api/images/?page=1&page_size=12 HTTP/1.1" 200 515
INFO 2025-09-17 08:57:30,321 basehttp 749305 139679139604160 "GET /media/uploads/images/2025/09/17/1122.jpeg HTTP/1.1" 200 168225
INFO 2025-09-17 08:57:35,442 basehttp 749305 139679139604160 "GET /api/images/?page=1&page_size=12 HTTP/1.1" 200 515
INFO 2025-09-17 08:57:36,604 basehttp 749305 139679139604160 "GET /api/images/?page=1&page_size=12 HTTP/1.1" 200 515
INFO 2025-09-17 08:57:37,510 basehttp 749305 139679139604160 "GET /api/images/?page=1&page_size=12 HTTP/1.1" 200 515
INFO 2025-09-17 08:57:39,708 basehttp 749305 139679139604160 "GET /api/admin-dashboard/ HTTP/1.1" 200 63402
INFO 2025-09-17 08:57:43,869 basehttp 749305 139679139604160 "GET /api/image-management/ HTTP/1.1" 200 16705
INFO 2025-09-17 08:57:44,173 basehttp 749305 139679156389568 "GET /api/images/ HTTP/1.1" 200 515
INFO 2025-09-17 08:57:44,177 basehttp 749305 139679139604160 "GET /api/images/?page=1&page_size=12 HTTP/1.1" 200 515
INFO 2025-09-17 08:57:44,197 basehttp 749305 139679139604160 "GET /media/uploads/images/2025/09/17/1122.jpeg HTTP/1.1" 304 0
INFO 2025-09-17 08:57:52,892 basehttp 749305 139679139604160 "GET /api/face-recognition/ HTTP/1.1" 200 18047
INFO 2025-09-17 08:57:54,063 basehttp 749305 139679139604160 "GET /api/face-recognition/ HTTP/1.1" 200 18047
INFO 2025-09-17 08:57:54,129 basehttp 749305 139679139604160 "GET /static/core/js/app.js HTTP/1.1" 200 27683
WARNING 2025-09-17 08:57:54,159 log 749305 139679139604160 Not Found: /favicon.ico
WARNING 2025-09-17 08:57:54,159 basehttp 749305 139679139604160 "GET /favicon.ico HTTP/1.1" 404 3000
INFO 2025-09-17 08:57:54,578 basehttp 749305 139679156389568 "GET /api/face-recognition/ HTTP/1.1" 200 18047
INFO 2025-09-17 08:57:54,601 basehttp 749305 139679451051712 "GET /api/face-recognition/ HTTP/1.1" 200 18047
INFO 2025-09-17 08:57:54,677 basehttp 749305 139679147996864 "GET /api/face-recognition/ HTTP/1.1" 200 18047
INFO 2025-09-17 08:57:54,724 basehttp 749305 139679436371648 "GET /api/face-recognition/ HTTP/1.1" 200 18047
INFO 2025-09-17 08:57:54,741 basehttp 749305 139679181567680 "GET /api/face-recognition/ HTTP/1.1" 200 18047
INFO 2025-09-17 08:57:54,811 basehttp 749305 139679173174976 "GET /api/face-recognition/ HTTP/1.1" 200 18047
INFO 2025-09-17 08:57:54,891 basehttp 749305 139679164782272 "GET /api/face-recognition/ HTTP/1.1" 200 18047
INFO 2025-09-17 08:57:54,912 basehttp 749305 139679131211456 "GET /api/face-recognition/ HTTP/1.1" 200 18047
INFO 2025-09-17 08:57:54,944 basehttp 749305 139678778914496 "GET /api/face-recognition/ HTTP/1.1" 200 18047
INFO 2025-09-17 08:57:55,066 basehttp 749305 139678770521792 "GET /api/face-recognition/ HTTP/1.1" 200 18047
INFO 2025-09-17 08:57:55,122 basehttp 749305 139678770521792 "GET /static/core/js/app.js HTTP/1.1" 200 27683
WARNING 2025-09-17 08:57:55,144 log 749305 139678770521792 Not Found: /favicon.ico
WARNING 2025-09-17 08:57:55,145 basehttp 749305 139678770521792 "GET /favicon.ico HTTP/1.1" 404 3000
INFO 2025-09-17 08:58:04,552 face_recognition_service 749305 139678770521792 Image: Apprehend upon being seen, Similarity: 0.300, Confidence: 0.305
INFO 2025-09-17 08:58:04,552 face_recognition_service 749305 139678770521792 Image: ttt, Similarity: 0.300, Confidence: 0.308
INFO 2025-09-17 08:58:04,553 face_recognition_service 749305 139678770521792 Image: Alex, Similarity: 0.140, Confidence: 0.131
INFO 2025-09-17 08:58:04,553 face_recognition_service 749305 139678770521792 Image: Wanted, Similarity: 0.200, Confidence: 0.193
INFO 2025-09-17 08:58:04,554 basehttp 749305 139678770521792 "POST /api/recognize/ HTTP/1.1" 200 2347
INFO 2025-09-17 08:58:06,027 face_recognition_service 749305 139678770521792 Image: Apprehend upon being seen, Similarity: 0.300, Confidence: 0.296
INFO 2025-09-17 08:58:06,029 face_recognition_service 749305 139678770521792 Image: ttt, Similarity: 0.300, Confidence: 0.293
INFO 2025-09-17 08:58:06,029 face_recognition_service 749305 139678770521792 Image: Alex, Similarity: 0.140, Confidence: 0.138
INFO 2025-09-17 08:58:06,029 face_recognition_service 749305 139678770521792 Image: Wanted, Similarity: 0.200, Confidence: 0.191
INFO 2025-09-17 08:58:06,030 basehttp 749305 139678770521792 "POST /api/recognize/ HTTP/1.1" 200 2409
INFO 2025-09-17 08:58:07,259 face_recognition_service 749305 139678770521792 Image: Apprehend upon being seen, Similarity: 0.300, Confidence: 0.310
INFO 2025-09-17 08:58:07,259 face_recognition_service 749305 139678770521792 Image: ttt, Similarity: 0.300, Confidence: 0.298
INFO 2025-09-17 08:58:07,260 face_recognition_service 749305 139678770521792 Image: Alex, Similarity: 0.140, Confidence: 0.138
INFO 2025-09-17 08:58:07,260 face_recognition_service 749305 139678770521792 Image: Wanted, Similarity: 0.200, Confidence: 0.209
INFO 2025-09-17 08:58:07,264 basehttp 749305 139678770521792 "POST /api/recognize/ HTTP/1.1" 200 2403
INFO 2025-09-17 08:58:16,589 basehttp 749305 139678770521792 "GET /api/officer-dashboard/ HTTP/1.1" 200 31110
INFO 2025-09-17 08:58:21,933 basehttp 749305 139678770521792 "GET /api/face-recognition/ HTTP/1.1" 200 18047
INFO 2025-09-17 08:58:28,418 face_recognition_service 749305 139678770521792 Image: Apprehend upon being seen, Similarity: 0.300, Confidence: 0.301
INFO 2025-09-17 08:58:28,419 face_recognition_service 749305 139678770521792 Image: ttt, Similarity: 0.300, Confidence: 0.292
INFO 2025-09-17 08:58:28,419 face_recognition_service 749305 139678770521792 Image: Alex, Similarity: 0.140, Confidence: 0.131
INFO 2025-09-17 08:58:28,419 face_recognition_service 749305 139678770521792 Image: Wanted, Similarity: 0.200, Confidence: 0.206
INFO 2025-09-17 08:58:28,421 basehttp 749305 139678770521792 "POST /api/recognize/ HTTP/1.1" 200 2408
INFO 2025-09-17 08:58:34,984 face_recognition_service 749305 139678770521792 Image: Apprehend upon being seen, Similarity: 0.300, Confidence: 0.298
INFO 2025-09-17 08:58:34,985 face_recognition_service 749305 139678770521792 Image: ttt, Similarity: 0.300, Confidence: 0.306
INFO 2025-09-17 08:58:34,985 face_recognition_service 749305 139678770521792 Image: Alex, Similarity: 0.140, Confidence: 0.139
INFO 2025-09-17 08:58:34,985 face_recognition_service 749305 139678770521792 Image: Wanted, Similarity: 0.200, Confidence: 0.205
INFO 2025-09-17 08:58:34,986 basehttp 749305 139678770521792 "POST /api/recognize/ HTTP/1.1" 200 2347
INFO 2025-09-17 08:58:39,451 face_recognition_service 749305 139678770521792 Image: Apprehend upon being seen, Similarity: 0.300, Confidence: 0.303
INFO 2025-09-17 08:58:39,451 face_recognition_service 749305 139678770521792 Image: ttt, Similarity: 0.300, Confidence: 0.296
INFO 2025-09-17 08:58:39,453 face_recognition_service 749305 139678770521792 Image: Alex, Similarity: 0.140, Confidence: 0.146
INFO 2025-09-17 08:58:39,454 face_recognition_service 749305 139678770521792 Image: Wanted, Similarity: 0.200, Confidence: 0.206
INFO 2025-09-17 08:58:39,460 basehttp 749305 139678770521792 "POST /api/recognize/ HTTP/1.1" 200 2405
INFO 2025-09-17 08:58:40,590 face_recognition_service 749305 139678770521792 Image: Apprehend upon being seen, Similarity: 0.300, Confidence: 0.293
INFO 2025-09-17 08:58:40,590 face_recognition_service 749305 139678770521792 Image: ttt, Similarity: 0.300, Confidence: 0.298
INFO 2025-09-17 08:58:40,590 face_recognition_service 749305 139678770521792 Image: Alex, Similarity: 0.140, Confidence: 0.138
INFO 2025-09-17 08:58:40,590 face_recognition_service 749305 139678770521792 Image: Wanted, Similarity: 0.200, Confidence: 0.208
INFO 2025-09-17 08:58:40,591 basehttp 749305 139678770521792 "POST /api/recognize/ HTTP/1.1" 200 2350
INFO 2025-09-17 08:58:41,271 face_recognition_service 749305 139678770521792 Image: Apprehend upon being seen, Similarity: 0.300, Confidence: 0.306
INFO 2025-09-17 08:58:41,271 face_recognition_service 749305 139678770521792 Image: ttt, Similarity: 0.300, Confidence: 0.304
INFO 2025-09-17 08:58:41,271 face_recognition_service 749305 139678770521792 Image: Alex, Similarity: 0.140, Confidence: 0.133
INFO 2025-09-17 08:58:41,272 face_recognition_service 749305 139678770521792 Image: Wanted, Similarity: 0.200, Confidence: 0.205
INFO 2025-09-17 08:58:41,274 basehttp 749305 139678770521792 "POST /api/recognize/ HTTP/1.1" 200 2400
INFO 2025-09-17 08:58:41,459 face_recognition_service 749305 139678770521792 Image: Apprehend upon being seen, Similarity: 0.300, Confidence: 0.299
INFO 2025-09-17 08:58:41,459 face_recognition_service 749305 139678770521792 Image: ttt, Similarity: 0.300, Confidence: 0.307
INFO 2025-09-17 08:58:41,460 face_recognition_service 749305 139678770521792 Image: Alex, Similarity: 0.140, Confidence: 0.148
INFO 2025-09-17 08:58:41,460 face_recognition_service 749305 139678770521792 Image: Wanted, Similarity: 0.200, Confidence: 0.194
INFO 2025-09-17 08:58:41,460 basehttp 749305 139678770521792 "POST /api/recognize/ HTTP/1.1" 200 2346
INFO 2025-09-17 08:58:41,634 face_recognition_service 749305 139678770521792 Image: Apprehend upon being seen, Similarity: 0.300, Confidence: 0.309
INFO 2025-09-17 08:58:41,634 face_recognition_service 749305 139678770521792 Image: ttt, Similarity: 0.300, Confidence: 0.300
INFO 2025-09-17 08:58:41,634 face_recognition_service 749305 139678770521792 Image: Alex, Similarity: 0.140, Confidence: 0.136
INFO 2025-09-17 08:58:41,634 face_recognition_service 749305 139678770521792 Image: Wanted, Similarity: 0.200, Confidence: 0.210
INFO 2025-09-17 08:58:41,636 basehttp 749305 139678770521792 "POST /api/recognize/ HTTP/1.1" 200 2409
INFO 2025-09-17 08:58:41,807 face_recognition_service 749305 139678770521792 Image: Apprehend upon being seen, Similarity: 0.300, Confidence: 0.304
INFO 2025-09-17 08:58:41,807 face_recognition_service 749305 139678770521792 Image: ttt, Similarity: 0.300, Confidence: 0.306
INFO 2025-09-17 08:58:41,807 face_recognition_service 749305 139678770521792 Image: Alex, Similarity: 0.140, Confidence: 0.142
INFO 2025-09-17 08:58:41,807 face_recognition_service 749305 139678770521792 Image: Wanted, Similarity: 0.200, Confidence: 0.196
INFO 2025-09-17 08:58:41,808 basehttp 749305 139678770521792 "POST /api/recognize/ HTTP/1.1" 200 2350
INFO 2025-09-17 08:58:41,986 face_recognition_service 749305 139678770521792 Image: Apprehend upon being seen, Similarity: 0.300, Confidence: 0.308
INFO 2025-09-17 08:58:41,987 face_recognition_service 749305 139678770521792 Image: ttt, Similarity: 0.300, Confidence: 0.310
INFO 2025-09-17 08:58:41,987 face_recognition_service 749305 139678770521792 Image: Alex, Similarity: 0.140, Confidence: 0.138
INFO 2025-09-17 08:58:41,987 face_recognition_service 749305 139678770521792 Image: Wanted, Similarity: 0.200, Confidence: 0.198
INFO 2025-09-17 08:58:41,991 basehttp 749305 139678770521792 "POST /api/recognize/ HTTP/1.1" 200 2346
INFO 2025-09-17 08:58:42,156 face_recognition_service 749305 139678770521792 Image: Apprehend upon being seen, Similarity: 0.300, Confidence: 0.307
INFO 2025-09-17 08:58:42,157 face_recognition_service 749305 139678770521792 Image: ttt, Similarity: 0.300, Confidence: 0.294
INFO 2025-09-17 08:58:42,157 face_recognition_service 749305 139678770521792 Image: Alex, Similarity: 0.140, Confidence: 0.136
INFO 2025-09-17 08:58:42,157 face_recognition_service 749305 139678770521792 Image: Wanted, Similarity: 0.200, Confidence: 0.192
INFO 2025-09-17 08:58:42,159 basehttp 749305 139678770521792 "POST /api/recognize/ HTTP/1.1" 200 2406
INFO 2025-09-17 08:58:42,339 face_recognition_service 749305 139678770521792 Image: Apprehend upon being seen, Similarity: 0.300, Confidence: 0.307
INFO 2025-09-17 08:58:42,339 face_recognition_service 749305 139678770521792 Image: ttt, Similarity: 0.300, Confidence: 0.291
INFO 2025-09-17 08:58:42,339 face_recognition_service 749305 139678770521792 Image: Alex, Similarity: 0.140, Confidence: 0.132
INFO 2025-09-17 08:58:42,339 face_recognition_service 749305 139678770521792 Image: Wanted, Similarity: 0.200, Confidence: 0.192
INFO 2025-09-17 08:58:42,340 basehttp 749305 139678770521792 "POST /api/recognize/ HTTP/1.1" 200 2404
INFO 2025-09-17 08:58:42,511 face_recognition_service 749305 139678770521792 Image: Apprehend upon being seen, Similarity: 0.300, Confidence: 0.296
INFO 2025-09-17 08:58:42,511 face_recognition_service 749305 139678770521792 Image: ttt, Similarity: 0.300, Confidence: 0.301
INFO 2025-09-17 08:58:42,511 face_recognition_service 749305 139678770521792 Image: Alex, Similarity: 0.140, Confidence: 0.130
INFO 2025-09-17 08:58:42,512 face_recognition_service 749305 139678770521792 Image: Wanted, Similarity: 0.200, Confidence: 0.206
INFO 2025-09-17 08:58:42,514 basehttp 749305 139678770521792 "POST /api/recognize/ HTTP/1.1" 200 2346
INFO 2025-09-17 08:58:43,092 face_recognition_service 749305 139678770521792 Image: Apprehend upon being seen, Similarity: 0.300, Confidence: 0.295
INFO 2025-09-17 08:58:43,093 face_recognition_service 749305 139678770521792 Image: ttt, Similarity: 0.300, Confidence: 0.294
INFO 2025-09-17 08:58:43,094 face_recognition_service 749305 139678770521792 Image: Alex, Similarity: 0.140, Confidence: 0.145
INFO 2025-09-17 08:58:43,094 face_recognition_service 749305 139678770521792 Image: Wanted, Similarity: 0.200, Confidence: 0.192
INFO 2025-09-17 08:58:43,095 basehttp 749305 139678770521792 "POST /api/recognize/ HTTP/1.1" 200 2406
INFO 2025-09-17 08:58:44,133 face_recognition_service 749305 139678770521792 Image: Apprehend upon being seen, Similarity: 0.300, Confidence: 0.296
INFO 2025-09-17 08:58:44,133 face_recognition_service 749305 139678770521792 Image: ttt, Similarity: 0.300, Confidence: 0.310
INFO 2025-09-17 08:58:44,133 face_recognition_service 749305 139678770521792 Image: Alex, Similarity: 0.140, Confidence: 0.145
INFO 2025-09-17 08:58:44,133 face_recognition_service 749305 139678770521792 Image: Wanted, Similarity: 0.200, Confidence: 0.208
INFO 2025-09-17 08:58:44,134 basehttp 749305 139678770521792 "POST /api/recognize/ HTTP/1.1" 200 2348
INFO 2025-09-17 08:58:55,869 basehttp 749305 139678770521792 "GET /api/image-upload/ HTTP/1.1" 200 19865
INFO 2025-09-17 08:58:56,082 basehttp 749305 139678770521792 "GET /api/images/?page=1&page_size=12 HTTP/1.1" 200 515
INFO 2025-09-17 08:58:56,136 basehttp 749305 139678770521792 "GET /media/uploads/images/2025/09/17/1122.jpeg HTTP/1.1" 304 0
INFO 2025-09-17 08:59:25,355 basehttp 749305 139678770521792 "POST /api/upload-image/ HTTP/1.1" 200 460
INFO 2025-09-17 08:59:25,384 basehttp 749305 139678770521792 "GET /api/images/?page=1&page_size=12 HTTP/1.1" 200 932
INFO 2025-09-17 08:59:25,443 basehttp 749305 139678770521792 "GET /media/uploads/images/2025/09/17/Untitled.jpeg HTTP/1.1" 200 191336
INFO 2025-09-17 08:59:32,579 face_recognition_service 749305 139678770521792 Image: Mr Alex Owusu, Similarity: 0.240, Confidence: 0.249
INFO 2025-09-17 08:59:32,579 face_recognition_service 749305 139678770521792 Image: Apprehend upon being seen, Similarity: 0.300, Confidence: 0.304
INFO 2025-09-17 08:59:32,579 face_recognition_service 749305 139678770521792 Image: ttt, Similarity: 0.300, Confidence: 0.301
INFO 2025-09-17 08:59:32,580 face_recognition_service 749305 139678770521792 Image: Alex, Similarity: 0.140, Confidence: 0.145
INFO 2025-09-17 08:59:32,580 face_recognition_service 749305 139678770521792 Image: Wanted, Similarity: 0.200, Confidence: 0.191
INFO 2025-09-17 08:59:32,582 basehttp 749305 139678770521792 "POST /api/recognize/ HTTP/1.1" 200 2766
INFO 2025-09-17 08:59:36,973 basehttp 749305 139678778914496 "GET /api/login-page/ HTTP/1.1" 200 7896
INFO 2025-09-17 08:59:41,979 face_recognition_service 749305 139678770521792 Image: Mr Alex Owusu, Similarity: 0.240, Confidence: 0.231
INFO 2025-09-17 08:59:41,980 face_recognition_service 749305 139678770521792 Image: Apprehend upon being seen, Similarity: 0.300, Confidence: 0.297
INFO 2025-09-17 08:59:41,980 face_recognition_service 749305 139678770521792 Image: ttt, Similarity: 0.300, Confidence: 0.306
INFO 2025-09-17 08:59:41,980 face_recognition_service 749305 139678770521792 Image: Alex, Similarity: 0.140, Confidence: 0.140
INFO 2025-09-17 08:59:41,980 face_recognition_service 749305 139678770521792 Image: Wanted, Similarity: 0.200, Confidence: 0.206
INFO 2025-09-17 08:59:41,982 basehttp 749305 139678770521792 "POST /api/recognize/ HTTP/1.1" 200 2714
INFO 2025-09-17 08:59:43,302 face_recognition_service 749305 139678770521792 Image: Mr Alex Owusu, Similarity: 0.240, Confidence: 0.246
INFO 2025-09-17 08:59:43,302 face_recognition_service 749305 139678770521792 Image: Apprehend upon being seen, Similarity: 0.300, Confidence: 0.303
INFO 2025-09-17 08:59:43,302 face_recognition_service 749305 139678770521792 Image: ttt, Similarity: 0.300, Confidence: 0.306
INFO 2025-09-17 08:59:43,303 face_recognition_service 749305 139678770521792 Image: Alex, Similarity: 0.140, Confidence: 0.145
INFO 2025-09-17 08:59:43,303 face_recognition_service 749305 139678770521792 Image: Wanted, Similarity: 0.200, Confidence: 0.196
INFO 2025-09-17 08:59:43,306 basehttp 749305 139678770521792 "POST /api/recognize/ HTTP/1.1" 200 2712
INFO 2025-09-17 08:59:55,081 face_recognition_service 749305 139678770521792 Image: Mr Alex Owusu, Similarity: 0.240, Confidence: 0.239
INFO 2025-09-17 08:59:55,081 face_recognition_service 749305 139678770521792 Image: Apprehend upon being seen, Similarity: 0.300, Confidence: 0.290
INFO 2025-09-17 08:59:55,082 face_recognition_service 749305 139678770521792 Image: ttt, Similarity: 0.300, Confidence: 0.305
INFO 2025-09-17 08:59:55,082 face_recognition_service 749305 139678770521792 Image: Alex, Similarity: 0.140, Confidence: 0.136
INFO 2025-09-17 08:59:55,082 face_recognition_service 749305 139678770521792 Image: Wanted, Similarity: 0.200, Confidence: 0.201
INFO 2025-09-17 08:59:55,084 basehttp 749305 139678770521792 "POST /api/recognize/ HTTP/1.1" 200 2712
INFO 2025-09-17 08:59:56,251 face_recognition_service 749305 139678770521792 Image: Mr Alex Owusu, Similarity: 0.240, Confidence: 0.249
INFO 2025-09-17 08:59:56,253 face_recognition_service 749305 139678770521792 Image: Apprehend upon being seen, Similarity: 0.300, Confidence: 0.301
INFO 2025-09-17 08:59:56,254 face_recognition_service 749305 139678770521792 Image: ttt, Similarity: 0.300, Confidence: 0.296
INFO 2025-09-17 08:59:56,255 face_recognition_service 749305 139678770521792 Image: Alex, Similarity: 0.140, Confidence: 0.133
INFO 2025-09-17 08:59:56,257 face_recognition_service 749305 139678770521792 Image: Wanted, Similarity: 0.200, Confidence: 0.208
INFO 2025-09-17 08:59:56,259 basehttp 749305 139678770521792 "POST /api/recognize/ HTTP/1.1" 200 2774
INFO 2025-09-17 09:00:00,297 face_recognition_service 749305 139678770521792 Image: Mr Alex Owusu, Similarity: 0.240, Confidence: 0.246
INFO 2025-09-17 09:00:00,297 face_recognition_service 749305 139678770521792 Image: Apprehend upon being seen, Similarity: 0.300, Confidence: 0.296
INFO 2025-09-17 09:00:00,297 face_recognition_service 749305 139678770521792 Image: ttt, Similarity: 0.300, Confidence: 0.292
INFO 2025-09-17 09:00:00,297 face_recognition_service 749305 139678770521792 Image: Alex, Similarity: 0.140, Confidence: 0.131
INFO 2025-09-17 09:00:00,297 face_recognition_service 749305 139678770521792 Image: Wanted, Similarity: 0.200, Confidence: 0.197
INFO 2025-09-17 09:00:00,299 basehttp 749305 139678770521792 "POST /api/recognize/ HTTP/1.1" 200 2769
INFO 2025-09-17 09:00:01,680 face_recognition_service 749305 139678770521792 Image: Mr Alex Owusu, Similarity: 0.240, Confidence: 0.246
INFO 2025-09-17 09:00:01,681 face_recognition_service 749305 139678770521792 Image: Apprehend upon being seen, Similarity: 0.300, Confidence: 0.296
INFO 2025-09-17 09:00:01,681 face_recognition_service 749305 139678770521792 Image: ttt, Similarity: 0.300, Confidence: 0.293
INFO 2025-09-17 09:00:01,682 face_recognition_service 749305 139678770521792 Image: Alex, Similarity: 0.140, Confidence: 0.134
INFO 2025-09-17 09:00:01,683 face_recognition_service 749305 139678770521792 Image: Wanted, Similarity: 0.200, Confidence: 0.204
INFO 2025-09-17 09:00:01,685 basehttp 749305 139678770521792 "POST /api/recognize/ HTTP/1.1" 200 2769
INFO 2025-09-17 09:00:02,356 face_recognition_service 749305 139678770521792 Image: Mr Alex Owusu, Similarity: 0.240, Confidence: 0.240
INFO 2025-09-17 09:00:02,356 face_recognition_service 749305 139678770521792 Image: Apprehend upon being seen, Similarity: 0.300, Confidence: 0.292
INFO 2025-09-17 09:00:02,356 face_recognition_service 749305 139678770521792 Image: ttt, Similarity: 0.300, Confidence: 0.304
INFO 2025-09-17 09:00:02,356 face_recognition_service 749305 139678770521792 Image: Alex, Similarity: 0.140, Confidence: 0.140
INFO 2025-09-17 09:00:02,356 face_recognition_service 749305 139678770521792 Image: Wanted, Similarity: 0.200, Confidence: 0.203
INFO 2025-09-17 09:00:02,358 basehttp 749305 139678770521792 "POST /api/recognize/ HTTP/1.1" 200 2708
INFO 2025-09-17 09:00:02,537 face_recognition_service 749305 139678770521792 Image: Mr Alex Owusu, Similarity: 0.240, Confidence: 0.234
INFO 2025-09-17 09:00:02,539 face_recognition_service 749305 139678770521792 Image: Apprehend upon being seen, Similarity: 0.300, Confidence: 0.303
INFO 2025-09-17 09:00:02,540 face_recognition_service 749305 139678770521792 Image: ttt, Similarity: 0.300, Confidence: 0.298
INFO 2025-09-17 09:00:02,541 face_recognition_service 749305 139678770521792 Image: Alex, Similarity: 0.140, Confidence: 0.148
INFO 2025-09-17 09:00:02,541 face_recognition_service 749305 139678770521792 Image: Wanted, Similarity: 0.200, Confidence: 0.199
INFO 2025-09-17 09:00:02,542 basehttp 749305 139678770521792 "POST /api/recognize/ HTTP/1.1" 200 2770
INFO 2025-09-17 09:00:02,745 face_recognition_service 749305 139678770521792 Image: Mr Alex Owusu, Similarity: 0.240, Confidence: 0.240
INFO 2025-09-17 09:00:02,746 face_recognition_service 749305 139678770521792 Image: Apprehend upon being seen, Similarity: 0.300, Confidence: 0.294
INFO 2025-09-17 09:00:02,746 face_recognition_service 749305 139678770521792 Image: ttt, Similarity: 0.300, Confidence: 0.307
INFO 2025-09-17 09:00:02,746 face_recognition_service 749305 139678770521792 Image: Alex, Similarity: 0.140, Confidence: 0.144
INFO 2025-09-17 09:00:02,746 face_recognition_service 749305 139678770521792 Image: Wanted, Similarity: 0.200, Confidence: 0.202
INFO 2025-09-17 09:00:02,747 basehttp 749305 139678770521792 "POST /api/recognize/ HTTP/1.1" 200 2711
INFO 2025-09-17 09:00:02,936 face_recognition_service 749305 139678770521792 Image: Mr Alex Owusu, Similarity: 0.240, Confidence: 0.249
INFO 2025-09-17 09:00:02,937 face_recognition_service 749305 139678770521792 Image: Apprehend upon being seen, Similarity: 0.300, Confidence: 0.305
INFO 2025-09-17 09:00:02,938 face_recognition_service 749305 139678770521792 Image: ttt, Similarity: 0.300, Confidence: 0.302
INFO 2025-09-17 09:00:02,939 face_recognition_service 749305 139678770521792 Image: Alex, Similarity: 0.140, Confidence: 0.135
INFO 2025-09-17 09:00:02,940 face_recognition_service 749305 139678770521792 Image: Wanted, Similarity: 0.200, Confidence: 0.195
INFO 2025-09-17 09:00:02,942 basehttp 749305 139678770521792 "POST /api/recognize/ HTTP/1.1" 200 2774
INFO 2025-09-17 09:00:03,091 face_recognition_service 749305 139678770521792 Image: Mr Alex Owusu, Similarity: 0.240, Confidence: 0.243
INFO 2025-09-17 09:00:03,091 face_recognition_service 749305 139678770521792 Image: Apprehend upon being seen, Similarity: 0.300, Confidence: 0.296
INFO 2025-09-17 09:00:03,091 face_recognition_service 749305 139678770521792 Image: ttt, Similarity: 0.300, Confidence: 0.294
INFO 2025-09-17 09:00:03,092 face_recognition_service 749305 139678770521792 Image: Alex, Similarity: 0.140, Confidence: 0.140
INFO 2025-09-17 09:00:03,092 face_recognition_service 749305 139678770521792 Image: Wanted, Similarity: 0.200, Confidence: 0.200
INFO 2025-09-17 09:00:03,094 basehttp 749305 139678770521792 "POST /api/recognize/ HTTP/1.1" 200 2766
INFO 2025-09-17 09:00:03,388 face_recognition_service 749305 139678770521792 Image: Mr Alex Owusu, Similarity: 0.240, Confidence: 0.236
INFO 2025-09-17 09:00:03,389 face_recognition_service 749305 139678770521792 Image: Apprehend upon being seen, Similarity: 0.300, Confidence: 0.292
INFO 2025-09-17 09:00:03,389 face_recognition_service 749305 139678770521792 Image: ttt, Similarity: 0.300, Confidence: 0.292
INFO 2025-09-17 09:00:03,389 face_recognition_service 749305 139678770521792 Image: Alex, Similarity: 0.140, Confidence: 0.140
INFO 2025-09-17 09:00:03,390 face_recognition_service 749305 139678770521792 Image: Wanted, Similarity: 0.200, Confidence: 0.196
INFO 2025-09-17 09:00:03,394 basehttp 749305 139678770521792 "POST /api/recognize/ HTTP/1.1" 200 2771
INFO 2025-09-17 09:00:03,556 face_recognition_service 749305 139678770521792 Image: Mr Alex Owusu, Similarity: 0.240, Confidence: 0.234
INFO 2025-09-17 09:00:03,557 face_recognition_service 749305 139678770521792 Image: Apprehend upon being seen, Similarity: 0.300, Confidence: 0.295
INFO 2025-09-17 09:00:03,557 face_recognition_service 749305 139678770521792 Image: ttt, Similarity: 0.300, Confidence: 0.307
INFO 2025-09-17 09:00:03,557 face_recognition_service 749305 139678770521792 Image: Alex, Similarity: 0.140, Confidence: 0.148
INFO 2025-09-17 09:00:03,557 face_recognition_service 749305 139678770521792 Image: Wanted, Similarity: 0.200, Confidence: 0.192
INFO 2025-09-17 09:00:03,559 basehttp 749305 139678770521792 "POST /api/recognize/ HTTP/1.1" 200 2710
INFO 2025-09-17 09:00:03,726 face_recognition_service 749305 139678770521792 Image: Mr Alex Owusu, Similarity: 0.240, Confidence: 0.249
INFO 2025-09-17 09:00:03,726 face_recognition_service 749305 139678770521792 Image: Apprehend upon being seen, Similarity: 0.300, Confidence: 0.306
INFO 2025-09-17 09:00:03,726 face_recognition_service 749305 139678770521792 Image: ttt, Similarity: 0.300, Confidence: 0.291
INFO 2025-09-17 09:00:03,726 face_recognition_service 749305 139678770521792 Image: Alex, Similarity: 0.140, Confidence: 0.133
INFO 2025-09-17 09:00:03,726 face_recognition_service 749305 139678770521792 Image: Wanted, Similarity: 0.200, Confidence: 0.204
INFO 2025-09-17 09:00:03,728 basehttp 749305 139678770521792 "POST /api/recognize/ HTTP/1.1" 200 2773
INFO 2025-09-17 09:00:08,653 face_recognition_service 749305 139678770521792 Image: Mr Alex Owusu, Similarity: 0.240, Confidence: 0.238
INFO 2025-09-17 09:00:08,654 face_recognition_service 749305 139678770521792 Image: Apprehend upon being seen, Similarity: 0.300, Confidence: 0.297
INFO 2025-09-17 09:00:08,654 face_recognition_service 749305 139678770521792 Image: ttt, Similarity: 0.300, Confidence: 0.291
INFO 2025-09-17 09:00:08,654 face_recognition_service 749305 139678770521792 Image: Alex, Similarity: 0.140, Confidence: 0.149
INFO 2025-09-17 09:00:08,654 face_recognition_service 749305 139678770521792 Image: Wanted, Similarity: 0.200, Confidence: 0.195
INFO 2025-09-17 09:00:08,656 basehttp 749305 139678770521792 "POST /api/recognize/ HTTP/1.1" 200 2769
INFO 2025-09-17 09:00:13,144 face_recognition_service 749305 139678770521792 Image: Mr Alex Owusu, Similarity: 0.240, Confidence: 0.239
INFO 2025-09-17 09:00:13,144 face_recognition_service 749305 139678770521792 Image: Apprehend upon being seen, Similarity: 0.300, Confidence: 0.300
INFO 2025-09-17 09:00:13,145 face_recognition_service 749305 139678770521792 Image: ttt, Similarity: 0.300, Confidence: 0.292
INFO 2025-09-17 09:00:13,145 face_recognition_service 749305 139678770521792 Image: Alex, Similarity: 0.140, Confidence: 0.137
INFO 2025-09-17 09:00:13,145 face_recognition_service 749305 139678770521792 Image: Wanted, Similarity: 0.200, Confidence: 0.196
INFO 2025-09-17 09:00:13,146 basehttp 749305 139678770521792 "POST /api/recognize/ HTTP/1.1" 200 2769
INFO 2025-09-17 09:00:16,702 face_recognition_service 749305 139678770521792 Image: Mr Alex Owusu, Similarity: 0.240, Confidence: 0.239
INFO 2025-09-17 09:00:16,702 face_recognition_service 749305 139678770521792 Image: Apprehend upon being seen, Similarity: 0.300, Confidence: 0.295
INFO 2025-09-17 09:00:16,703 face_recognition_service 749305 139678770521792 Image: ttt, Similarity: 0.300, Confidence: 0.294
INFO 2025-09-17 09:00:16,703 face_recognition_service 749305 139678770521792 Image: Alex, Similarity: 0.140, Confidence: 0.147
INFO 2025-09-17 09:00:16,705 face_recognition_service 749305 139678770521792 Image: Wanted, Similarity: 0.200, Confidence: 0.202
INFO 2025-09-17 09:00:16,709 basehttp 749305 139678770521792 "POST /api/recognize/ HTTP/1.1" 200 2771
INFO 2025-09-17 09:00:17,661 face_recognition_service 749305 139678770521792 Image: Mr Alex Owusu, Similarity: 0.240, Confidence: 0.247
INFO 2025-09-17 09:00:17,662 face_recognition_service 749305 139678770521792 Image: Apprehend upon being seen, Similarity: 0.300, Confidence: 0.309
INFO 2025-09-17 09:00:17,662 face_recognition_service 749305 139678770521792 Image: ttt, Similarity: 0.300, Confidence: 0.297
INFO 2025-09-17 09:00:17,662 face_recognition_service 749305 139678770521792 Image: Alex, Similarity: 0.140, Confidence: 0.136
INFO 2025-09-17 09:00:17,662 face_recognition_service 749305 139678770521792 Image: Wanted, Similarity: 0.200, Confidence: 0.207
INFO 2025-09-17 09:00:17,664 basehttp 749305 139678770521792 "POST /api/recognize/ HTTP/1.1" 200 2771
INFO 2025-09-17 09:00:22,687 face_recognition_service 749305 139678770521792 Image: Mr Alex Owusu, Similarity: 0.240, Confidence: 0.241
INFO 2025-09-17 09:00:22,689 face_recognition_service 749305 139678770521792 Image: Apprehend upon being seen, Similarity: 0.300, Confidence: 0.292
INFO 2025-09-17 09:00:22,689 face_recognition_service 749305 139678770521792 Image: ttt, Similarity: 0.300, Confidence: 0.296
INFO 2025-09-17 09:00:22,690 face_recognition_service 749305 139678770521792 Image: Alex, Similarity: 0.140, Confidence: 0.149
INFO 2025-09-17 09:00:22,690 face_recognition_service 749305 139678770521792 Image: Wanted, Similarity: 0.200, Confidence: 0.202
INFO 2025-09-17 09:00:22,691 basehttp 749305 139678770521792 "POST /api/recognize/ HTTP/1.1" 200 2710
INFO 2025-09-17 09:00:24,006 face_recognition_service 749305 139678770521792 Image: Mr Alex Owusu, Similarity: 0.240, Confidence: 0.248
INFO 2025-09-17 09:00:24,006 face_recognition_service 749305 139678770521792 Image: Apprehend upon being seen, Similarity: 0.300, Confidence: 0.309
INFO 2025-09-17 09:00:24,006 face_recognition_service 749305 139678770521792 Image: ttt, Similarity: 0.300, Confidence: 0.307
INFO 2025-09-17 09:00:24,007 face_recognition_service 749305 139678770521792 Image: Alex, Similarity: 0.140, Confidence: 0.137
INFO 2025-09-17 09:00:24,007 face_recognition_service 749305 139678770521792 Image: Wanted, Similarity: 0.200, Confidence: 0.210
INFO 2025-09-17 09:00:24,010 basehttp 749305 139678770521792 "POST /api/recognize/ HTTP/1.1" 200 2771
INFO 2025-09-17 10:36:57,547 basehttp 749305 139678770521792 "GET /api/face-recognition/ HTTP/1.1" 200 18047
INFO 2025-09-17 10:36:57,852 basehttp 749305 139678770521792 "GET /static/core/js/app.js HTTP/1.1" 304 0
WARNING 2025-09-17 10:36:58,095 log 749305 139678770521792 Not Found: /favicon.ico
INFO 2025-09-17 10:37:02,253 basehttp 749305 139678778914496 "GET /api/officer-dashboard/ HTTP/1.1" 200 31110
INFO 2025-09-17 10:37:03,575 basehttp 749305 139678778914496 "GET /api/login-page/ HTTP/1.1" 200 7896
INFO 2025-09-17 10:37:24,428 basehttp 749305 139678778914496 "GET /api/admin-dashboard/ HTTP/1.1" 200 63402
INFO 2025-09-17 10:37:25,651 basehttp 749305 139678778914496 "GET /api/login-page/ HTTP/1.1" 200 7896
INFO 2025-09-17 10:37:59,787 basehttp 749305 139678778914496 "POST /api/token/ HTTP/1.1" 200 491
INFO 2025-09-17 10:37:59,820 basehttp 749305 139678778914496 "GET /api/profile/ HTTP/1.1" 200 482
INFO 2025-09-17 10:38:02,304 basehttp 749305 139678778914496 "GET /api/officer-dashboard/ HTTP/1.1" 200 31110
INFO 2025-09-17 10:38:06,655 basehttp 749305 139678778914496 "POST /api/token/ HTTP/1.1" 200 491
INFO 2025-09-17 10:38:06,682 basehttp 749305 139678778914496 "GET /api/profile/ HTTP/1.1" 200 479
INFO 2025-09-17 10:38:08,286 basehttp 749305 139678778914496 "GET /api/admin-dashboard/ HTTP/1.1" 200 63402
INFO 2025-09-17 10:39:41,810 basehttp 749305 139678778914496 "GET /api/face-recognition/ HTTP/1.1" 200 18047
INFO 2025-09-17 10:39:54,924 face_recognition_service 749305 139678778914496 Image: Mr Alex Owusu, Similarity: 0.240, Confidence: 0.248
INFO 2025-09-17 10:39:54,926 face_recognition_service 749305 139678778914496 Image: Apprehend upon being seen, Similarity: 0.300, Confidence: 0.309
INFO 2025-09-17 10:39:54,928 face_recognition_service 749305 139678778914496 Image: ttt, Similarity: 0.300, Confidence: 0.299
INFO 2025-09-17 10:39:54,928 face_recognition_service 749305 139678778914496 Image: Alex, Similarity: 0.140, Confidence: 0.134
INFO 2025-09-17 10:39:54,928 face_recognition_service 749305 139678778914496 Image: Wanted, Similarity: 0.200, Confidence: 0.204
INFO 2025-09-17 10:39:54,930 basehttp 749305 139678778914496 "POST /api/recognize/ HTTP/1.1" 200 2773
INFO 2025-09-17 10:39:59,472 face_recognition_service 749305 139678778914496 Image: Mr Alex Owusu, Similarity: 0.240, Confidence: 0.247
INFO 2025-09-17 10:39:59,472 face_recognition_service 749305 139678778914496 Image: Apprehend upon being seen, Similarity: 0.300, Confidence: 0.307
INFO 2025-09-17 10:39:59,473 face_recognition_service 749305 139678778914496 Image: ttt, Similarity: 0.300, Confidence: 0.292
INFO 2025-09-17 10:39:59,473 face_recognition_service 749305 139678778914496 Image: Alex, Similarity: 0.140, Confidence: 0.145
INFO 2025-09-17 10:39:59,473 face_recognition_service 749305 139678778914496 Image: Wanted, Similarity: 0.200, Confidence: 0.197
INFO 2025-09-17 10:39:59,474 basehttp 749305 139678778914496 "POST /api/recognize/ HTTP/1.1" 200 2771
INFO 2025-09-17 10:40:09,184 face_recognition_service 749305 139678778914496 Image: Mr Alex Owusu, Similarity: 0.240, Confidence: 0.243
INFO 2025-09-17 10:40:09,184 face_recognition_service 749305 139678778914496 Image: Apprehend upon being seen, Similarity: 0.300, Confidence: 0.292
INFO 2025-09-17 10:40:09,184 face_recognition_service 749305 139678778914496 Image: ttt, Similarity: 0.300, Confidence: 0.293
INFO 2025-09-17 10:40:09,185 face_recognition_service 749305 139678778914496 Image: Alex, Similarity: 0.140, Confidence: 0.132
INFO 2025-09-17 10:40:09,185 face_recognition_service 749305 139678778914496 Image: Wanted, Similarity: 0.200, Confidence: 0.201
INFO 2025-09-17 10:40:09,186 basehttp 749305 139678778914496 "POST /api/recognize/ HTTP/1.1" 200 2708
INFO 2025-09-17 10:40:19,070 face_recognition_service 749305 139678778914496 Image: Mr Alex Owusu, Similarity: 0.240, Confidence: 0.250
INFO 2025-09-17 10:40:19,070 face_recognition_service 749305 139678778914496 Image: Apprehend upon being seen, Similarity: 0.300, Confidence: 0.302
INFO 2025-09-17 10:40:19,071 face_recognition_service 749305 139678778914496 Image: ttt, Similarity: 0.300, Confidence: 0.295
INFO 2025-09-17 10:40:19,071 face_recognition_service 749305 139678778914496 Image: Alex, Similarity: 0.140, Confidence: 0.149
INFO 2025-09-17 10:40:19,071 face_recognition_service 749305 139678778914496 Image: Wanted, Similarity: 0.200, Confidence: 0.200
INFO 2025-09-17 10:40:19,072 basehttp 749305 139678778914496 "POST /api/recognize/ HTTP/1.1" 200 2770
INFO 2025-09-17 10:40:30,418 basehttp 749305 139678778914496 "GET /api/image-management/ HTTP/1.1" 200 16705
INFO 2025-09-17 10:40:30,728 basehttp 749305 139678778914496 "GET /api/images/?page=1&page_size=12 HTTP/1.1" 200 2166
INFO 2025-09-17 10:40:30,738 basehttp 749305 139678770521792 "GET /api/images/ HTTP/1.1" 200 2166
INFO 2025-09-17 10:40:30,777 basehttp 749305 139678770521792 "GET /media/uploads/images/2025/09/17/Untitled.jpeg HTTP/1.1" 304 0
INFO 2025-09-17 10:40:30,787 basehttp 749305 139678778914496 "GET /media/uploads/images/2025/09/17/1122.jpeg HTTP/1.1" 304 0
INFO 2025-09-17 10:41:12,935 basehttp 749305 139678778914496 "GET /api/image-upload/ HTTP/1.1" 200 19865
INFO 2025-09-17 10:41:13,132 basehttp 749305 139678770521792 "GET /api/images/?page=1&page_size=12 HTTP/1.1" 200 2166
INFO 2025-09-17 10:43:26,274 basehttp 749305 139678778914496 "POST /api/upload-image/ HTTP/1.1" 200 476
INFO 2025-09-17 10:43:26,323 basehttp 749305 139678778914496 "GET /api/images/?page=1&page_size=12 HTTP/1.1" 200 2599
INFO 2025-09-17 10:43:26,383 basehttp 749305 139678778914496 "GET /media/uploads/images/2025/09/17/3qswcres.jpeg HTTP/1.1" 200 204768
INFO 2025-09-17 10:43:36,595 face_recognition_service 749305 139678778914496 Image: Mr Edwin, Similarity: 0.270, Confidence: 0.270
INFO 2025-09-17 10:43:36,595 face_recognition_service 749305 139678778914496 Image: Mr Alex Owusu, Similarity: 0.240, Confidence: 0.249
INFO 2025-09-17 10:43:36,595 face_recognition_service 749305 139678778914496 Image: Apprehend upon being seen, Similarity: 0.300, Confidence: 0.305
INFO 2025-09-17 10:43:36,595 face_recognition_service 749305 139678778914496 Image: ttt, Similarity: 0.300, Confidence: 0.307
INFO 2025-09-17 10:43:36,596 face_recognition_service 749305 139678778914496 Image: Alex, Similarity: 0.140, Confidence: 0.135
INFO 2025-09-17 10:43:36,596 face_recognition_service 749305 139678778914496 Image: Wanted, Similarity: 0.200, Confidence: 0.193
INFO 2025-09-17 10:43:36,598 basehttp 749305 139678778914496 "POST /api/recognize/ HTTP/1.1" 200 2735
INFO 2025-09-17 10:43:38,640 face_recognition_service 749305 139678778914496 Image: Mr Edwin, Similarity: 0.270, Confidence: 0.270
INFO 2025-09-17 10:43:38,640 face_recognition_service 749305 139678778914496 Image: Mr Alex Owusu, Similarity: 0.240, Confidence: 0.230
INFO 2025-09-17 10:43:38,640 face_recognition_service 749305 139678778914496 Image: Apprehend upon being seen, Similarity: 0.300, Confidence: 0.310
INFO 2025-09-17 10:43:38,640 face_recognition_service 749305 139678778914496 Image: ttt, Similarity: 0.300, Confidence: 0.306
INFO 2025-09-17 10:43:38,641 face_recognition_service 749305 139678778914496 Image: Alex, Similarity: 0.140, Confidence: 0.145
INFO 2025-09-17 10:43:38,641 face_recognition_service 749305 139678778914496 Image: Wanted, Similarity: 0.200, Confidence: 0.196
INFO 2025-09-17 10:43:38,642 basehttp 749305 139678778914496 "POST /api/recognize/ HTTP/1.1" 200 2789
INFO 2025-09-17 10:43:49,998 basehttp 749305 139678778914496 "GET /api/face-recognition/ HTTP/1.1" 200 18047
INFO 2025-09-17 10:43:53,443 face_recognition_service 749305 139678778914496 Image: Mr Edwin, Similarity: 0.270, Confidence: 0.265
INFO 2025-09-17 10:43:53,443 face_recognition_service 749305 139678778914496 Image: Mr Alex Owusu, Similarity: 0.240, Confidence: 0.247
INFO 2025-09-17 10:43:53,443 face_recognition_service 749305 139678778914496 Image: Apprehend upon being seen, Similarity: 0.300, Confidence: 0.299
INFO 2025-09-17 10:43:53,444 face_recognition_service 749305 139678778914496 Image: ttt, Similarity: 0.300, Confidence: 0.298
INFO 2025-09-17 10:43:53,444 face_recognition_service 749305 139678778914496 Image: Alex, Similarity: 0.140, Confidence: 0.141
INFO 2025-09-17 10:43:53,444 face_recognition_service 749305 139678778914496 Image: Wanted, Similarity: 0.200, Confidence: 0.202
INFO 2025-09-17 10:43:53,446 basehttp 749305 139678778914496 "POST /api/recognize/ HTTP/1.1" 200 2796
INFO 2025-09-17 10:43:59,269 face_recognition_service 749305 139678778914496 Image: Mr Edwin, Similarity: 0.270, Confidence: 0.274
INFO 2025-09-17 10:43:59,269 face_recognition_service 749305 139678778914496 Image: Mr Alex Owusu, Similarity: 0.240, Confidence: 0.246
INFO 2025-09-17 10:43:59,270 face_recognition_service 749305 139678778914496 Image: Apprehend upon being seen, Similarity: 0.300, Confidence: 0.299
INFO 2025-09-17 10:43:59,270 face_recognition_service 749305 139678778914496 Image: ttt, Similarity: 0.300, Confidence: 0.291
INFO 2025-09-17 10:43:59,271 face_recognition_service 749305 139678778914496 Image: Alex, Similarity: 0.140, Confidence: 0.139
INFO 2025-09-17 10:43:59,271 face_recognition_service 749305 139678778914496 Image: Wanted, Similarity: 0.200, Confidence: 0.194
INFO 2025-09-17 10:43:59,274 basehttp 749305 139678778914496 "POST /api/recognize/ HTTP/1.1" 200 2792
INFO 2025-09-17 10:45:53,958 basehttp 749305 139678778914496 "GET /api/officer-dashboard/ HTTP/1.1" 200 31110
INFO 2025-09-17 10:45:54,098 basehttp 749305 139678778914496 "GET /static/core/js/dashboard.js HTTP/1.1" 304 0
INFO 2025-09-17 10:46:28,976 basehttp 749305 139678778914496 "GET /api/admin-dashboard/ HTTP/1.1" 200 63402
INFO 2025-09-17 10:46:39,590 basehttp 749305 139678778914496 "GET /api/user-management/ HTTP/1.1" 200 26816
INFO 2025-09-17 10:46:39,896 basehttp 749305 139678778914496 "GET /static/core/js/user-management.js HTTP/1.1" 304 0
INFO 2025-09-17 10:46:40,016 basehttp 749305 139678778914496 "GET /api/users/ HTTP/1.1" 200 966
INFO 2025-09-17 10:46:40,037 basehttp 749305 139678770521792 "GET /api/users/ HTTP/1.1" 200 966
INFO 2025-09-17 10:46:51,828 basehttp 749305 139678778914496 "GET /api/users/ HTTP/1.1" 200 966
INFO 2025-09-17 10:46:51,845 basehttp 749305 139678778914496 "GET /api/users/ HTTP/1.1" 200 966
INFO 2025-09-17 10:46:52,940 basehttp 749305 139678778914496 "GET /api/users/ HTTP/1.1" 200 966
INFO 2025-09-17 10:46:52,970 basehttp 749305 139678778914496 "GET /api/users/ HTTP/1.1" 200 966
INFO 2025-09-17 10:47:04,564 basehttp 749305 139678778914496 "GET /api/login-page/ HTTP/1.1" 200 7896
INFO 2025-09-17 10:47:14,029 basehttp 749305 139678778914496 "POST /api/token/ HTTP/1.1" 200 491
INFO 2025-09-17 10:47:14,062 basehttp 749305 139678770521792 "GET /api/profile/ HTTP/1.1" 200 482
INFO 2025-09-17 10:47:15,695 basehttp 749305 139678778914496 "GET /api/officer-dashboard/ HTTP/1.1" 200 31110
INFO 2025-09-17 10:47:26,594 basehttp 749305 139678778914496 "GET /api/users/ HTTP/1.1" 200 510
INFO 2025-09-17 10:47:26,625 basehttp 749305 139678778914496 "GET /api/users/ HTTP/1.1" 200 510
INFO 2025-09-17 10:47:30,142 basehttp 749305 139678778914496 "GET /api/user-management/ HTTP/1.1" 200 26816
INFO 2025-09-17 10:47:30,314 basehttp 749305 139678770521792 "GET /api/users/ HTTP/1.1" 200 510
INFO 2025-09-17 10:47:30,369 basehttp 749305 139678770521792 "GET /api/users/ HTTP/1.1" 200 510
INFO 2025-09-17 10:47:31,367 basehttp 749305 139678778914496 "GET /api/user-management/ HTTP/1.1" 200 26816
INFO 2025-09-17 10:47:31,529 basehttp 749305 139678770521792 "GET /api/users/ HTTP/1.1" 200 510
INFO 2025-09-17 10:47:31,579 basehttp 749305 139678770521792 "GET /api/users/ HTTP/1.1" 200 510
INFO 2025-09-17 10:47:34,172 basehttp 749305 139678770521792 "GET /api/user-management/ HTTP/1.1" 200 26816
INFO 2025-09-17 10:47:34,252 basehttp 749305 139678770521792 "GET /static/core/css/dashboard-styles.css HTTP/1.1" 200 61825
INFO 2025-09-17 10:47:34,259 basehttp 749305 139678770521792 "GET /static/core/js/user-management.js HTTP/1.1" 200 25063
WARNING 2025-09-17 10:47:34,340 log 749305 139678770521792 Not Found: /favicon.ico
WARNING 2025-09-17 10:47:34,341 basehttp 749305 139678770521792 "GET /favicon.ico HTTP/1.1" 404 3000
INFO 2025-09-17 10:47:34,360 basehttp 749305 139679131211456 "GET /api/users/ HTTP/1.1" 200 510
INFO 2025-09-17 10:47:34,369 basehttp 749305 139678778914496 "GET /api/users/ HTTP/1.1" 200 510
INFO 2025-09-17 10:47:39,491 basehttp 749305 139678770521792 "GET /api/admin-dashboard/ HTTP/1.1" 200 63402
INFO 2025-09-17 10:47:45,964 basehttp 749305 139678770521792 "GET /api/user-management/ HTTP/1.1" 200 26816
INFO 2025-09-17 10:47:46,251 basehttp 749305 139679131211456 "GET /api/users/ HTTP/1.1" 200 510
INFO 2025-09-17 10:47:46,285 basehttp 749305 139678778914496 "GET /api/users/ HTTP/1.1" 200 510
INFO 2025-09-17 10:47:50,047 basehttp 749305 139678770521792 "GET /api/admin-dashboard/ HTTP/1.1" 200 63402
INFO 2025-09-17 10:47:55,294 basehttp 749305 139678770521792 "GET /api/login-page/ HTTP/1.1" 200 7896
INFO 2025-09-17 10:48:08,529 basehttp 749305 139678770521792 "POST /api/token/ HTTP/1.1" 200 491
INFO 2025-09-17 10:48:08,556 basehttp 749305 139679131211456 "GET /api/profile/ HTTP/1.1" 200 479
INFO 2025-09-17 10:48:10,155 basehttp 749305 139678770521792 "GET /api/admin-dashboard/ HTTP/1.1" 200 63402
INFO 2025-09-17 10:48:15,519 basehttp 749305 139678770521792 "GET /api/user-management/ HTTP/1.1" 200 26816
INFO 2025-09-17 10:48:15,827 basehttp 749305 139678778914496 "GET /api/users/ HTTP/1.1" 200 966
INFO 2025-09-17 10:48:15,852 basehttp 749305 139678778914496 "GET /api/users/ HTTP/1.1" 200 966
INFO 2025-09-17 10:48:22,299 basehttp 749305 139678770521792 "GET /api/users/14/ HTTP/1.1" 200 458
INFO 2025-09-17 10:48:28,579 basehttp 749305 139678770521792 "PUT /api/users/14/ HTTP/1.1" 200 458
INFO 2025-09-17 10:48:28,607 basehttp 749305 139678778914496 "GET /api/users/ HTTP/1.1" 200 966
INFO 2025-09-17 10:48:28,650 basehttp 749305 139678778914496 "GET /api/users/ HTTP/1.1" 200 966
INFO 2025-09-17 10:48:35,798 basehttp 749305 139678770521792 "GET /api/admin-dashboard/ HTTP/1.1" 200 63402
INFO 2025-09-17 10:48:50,474 basehttp 749305 139678770521792 "GET /api/login-page/ HTTP/1.1" 200 7896
INFO 2025-09-17 10:49:14,338 basehttp 749305 139678770521792 "GET /admin/ HTTP/1.1" 302 0
INFO 2025-09-17 10:49:14,400 basehttp 749305 139678770521792 "GET /admin/login/?next=/admin/ HTTP/1.1" 200 4181
INFO 2025-09-17 10:49:14,515 basehttp 749305 139678778914496 "GET /static/admin/css/login.css HTTP/1.1" 304 0
INFO 2025-09-17 10:49:18,251 basehttp 749305 139678770521792 "POST /admin/login/?next=/admin/ HTTP/1.1" 302 0
INFO 2025-09-17 10:49:18,332 basehttp 749305 139678770521792 "GET /admin/ HTTP/1.1" 200 8887
INFO 2025-09-17 10:49:18,467 basehttp 749305 139678778914496 "GET /static/admin/img/icon-addlink.svg HTTP/1.1" 200 331
INFO 2025-09-17 10:49:18,475 basehttp 749305 139678778914496 "GET /static/admin/img/icon-changelink.svg HTTP/1.1" 200 380
INFO 2025-09-17 10:49:18,484 basehttp 749305 139679131211456 "GET /static/admin/img/icon-viewlink.svg HTTP/1.1" 200 581
INFO 2025-09-17 10:49:24,522 basehttp 749305 139678770521792 "GET /admin/core/passwordresetrequest/ HTTP/1.1" 200 11514
INFO 2025-09-17 10:49:24,650 basehttp 749305 139678778914496 "GET /static/admin/img/search.svg HTTP/1.1" 200 458
INFO 2025-09-17 10:49:24,675 basehttp 749305 139678778914496 "GET /static/admin/js/filters.js HTTP/1.1" 200 978
INFO 2025-09-17 10:49:24,685 basehttp 749305 139679131211456 "GET /admin/jsi18n/ HTTP/1.1" 200 3343
INFO 2025-09-17 10:49:24,768 basehttp 749305 139679131211456 "GET /static/admin/img/tooltag-add.svg HTTP/1.1" 200 331
INFO 2025-09-17 10:49:46,095 basehttp 749305 139678770521792 "POST /api/token/ HTTP/1.1" 200 491
INFO 2025-09-17 10:49:46,195 basehttp 749305 139679131211456 "GET /api/profile/ HTTP/1.1" 200 479
INFO 2025-09-17 10:49:47,918 basehttp 749305 139678770521792 "GET /api/admin-dashboard/ HTTP/1.1" 200 63402
INFO 2025-09-17 10:50:11,400 basehttp 749305 139678770521792 "GET /admin/core/auditlog/ HTTP/1.1" 200 66122
INFO 2025-09-17 10:50:11,490 basehttp 749305 139679131211456 "GET /admin/jsi18n/ HTTP/1.1" 200 3343
INFO 2025-09-17 10:50:11,588 basehttp 749305 139679131211456 "GET /static/admin/img/sorting-icons.svg HTTP/1.1" 200 1097
INFO 2025-09-17 10:50:50,319 basehttp 749305 139678770521792 "GET /admin/core/auditlog/?p=8 HTTP/1.1" 200 43957
INFO 2025-09-17 10:50:50,426 basehttp 749305 139679131211456 "GET /admin/jsi18n/ HTTP/1.1" 200 3343
INFO 2025-09-17 10:50:57,516 basehttp 749305 139678770521792 "GET /admin/core/auditlog/?p=1 HTTP/1.1" 200 68712
INFO 2025-09-17 10:50:57,608 basehttp 749305 139679131211456 "GET /admin/jsi18n/ HTTP/1.1" 200 3343
INFO 2025-09-17 10:52:18,697 basehttp 749305 139678770521792 "GET /admin/core/user/ HTTP/1.1" 200 15643
INFO 2025-09-17 10:52:18,805 basehttp 749305 139679131211456 "GET /admin/jsi18n/ HTTP/1.1" 200 3343
INFO 2025-09-17 10:52:18,813 basehttp 749305 139679131211456 "GET /static/admin/img/icon-no.svg HTTP/1.1" 200 560
INFO 2025-09-17 10:52:28,232 basehttp 749305 139678770521792 "GET /admin/core/usersession/ HTTP/1.1" 200 10856
INFO 2025-09-17 10:52:28,327 basehttp 749305 139679131211456 "GET /admin/jsi18n/ HTTP/1.1" 200 3343
INFO 2025-09-17 10:52:29,689 basehttp 749305 139678770521792 "GET /admin/core/uploadedimage/ HTTP/1.1" 200 16992
INFO 2025-09-17 10:52:29,805 basehttp 749305 139679131211456 "GET /admin/jsi18n/ HTTP/1.1" 200 3343
INFO 2025-09-17 10:52:29,825 basehttp 749305 139679131211456 "GET /static/admin/img/icon-yes.svg HTTP/1.1" 200 436
INFO 2025-09-17 10:52:54,244 basehttp 749305 139678770521792 "GET /admin/core/uploadedimage/?o=6 HTTP/1.1" 200 17320
INFO 2025-09-17 10:52:54,346 basehttp 749305 139679131211456 "GET /admin/jsi18n/ HTTP/1.1" 200 3343
INFO 2025-09-17 10:52:55,767 basehttp 749305 139678770521792 "GET /admin/core/uploadedimage/?o=-6 HTTP/1.1" 200 17348
INFO 2025-09-17 10:52:55,860 basehttp 749305 139679131211456 "GET /admin/jsi18n/ HTTP/1.1" 200 3343
INFO 2025-09-17 10:53:05,086 basehttp 749305 139678770521792 "GET /admin/core/systemconfiguration/ HTTP/1.1" 200 11357
INFO 2025-09-17 10:53:05,183 basehttp 749305 139679131211456 "GET /admin/jsi18n/ HTTP/1.1" 200 3343
INFO 2025-09-17 10:53:06,581 basehttp 749305 139678770521792 "GET /admin/core/passwordresetrequest/ HTTP/1.1" 200 11514
INFO 2025-09-17 10:53:06,656 basehttp 749305 139679131211456 "GET /admin/jsi18n/ HTTP/1.1" 200 3343
INFO 2025-09-17 10:53:08,723 basehttp 749305 139678770521792 "GET /admin/core/notification/ HTTP/1.1" 200 12165
INFO 2025-09-17 10:53:08,817 basehttp 749305 139679131211456 "GET /admin/jsi18n/ HTTP/1.1" 200 3343
INFO 2025-09-17 10:53:10,645 basehttp 749305 139678770521792 "GET /admin/core/auditlog/ HTTP/1.1" 200 66109
INFO 2025-09-17 10:53:10,733 basehttp 749305 139679131211456 "GET /admin/jsi18n/ HTTP/1.1" 200 3343
INFO 2025-09-17 10:53:12,601 basehttp 749305 139678770521792 "GET /admin/core/analyticsdata/ HTTP/1.1" 200 11336
INFO 2025-09-17 10:53:12,678 basehttp 749305 139679131211456 "GET /admin/jsi18n/ HTTP/1.1" 200 3343
INFO 2025-09-17 10:54:15,237 basehttp 749305 139678770521792 "GET /admin/ HTTP/1.1" 200 8887
INFO 2025-09-17 10:54:17,629 basehttp 749305 139678770521792 "GET /admin/core/auditlog/ HTTP/1.1" 200 66112
INFO 2025-09-17 10:54:17,727 basehttp 749305 139679131211456 "GET /admin/jsi18n/ HTTP/1.1" 200 3343
INFO 2025-09-17 10:54:58,376 basehttp 749305 139678770521792 "GET /admin/core/auditlog/?q= HTTP/1.1" 200 68870
INFO 2025-09-17 10:54:58,490 basehttp 749305 139679131211456 "GET /admin/jsi18n/ HTTP/1.1" 200 3343
INFO 2025-09-17 10:55:11,451 basehttp 749305 139678770521792 "GET /admin/core/auditlog/?action__exact=create&q= HTTP/1.1" 200 38420
INFO 2025-09-17 10:55:11,543 basehttp 749305 139679131211456 "GET /admin/jsi18n/ HTTP/1.1" 200 3343
INFO 2025-09-17 10:55:15,026 basehttp 749305 139678770521792 "GET /admin/core/auditlog/?action__exact=reset_password&q= HTTP/1.1" 200 13114
INFO 2025-09-17 10:55:15,107 basehttp 749305 139679131211456 "GET /admin/jsi18n/ HTTP/1.1" 200 3343
INFO 2025-09-17 10:55:19,290 basehttp 749305 139678770521792 "GET /admin/core/ HTTP/1.1" 200 8138
INFO 2025-09-17 10:55:21,642 basehttp 749305 139678770521792 "GET /admin/core/analyticsdata/ HTTP/1.1" 200 11336
INFO 2025-09-17 10:55:21,720 basehttp 749305 139679131211456 "GET /admin/jsi18n/ HTTP/1.1" 200 3343
INFO 2025-09-17 10:55:23,800 basehttp 749305 139678770521792 "GET /admin/core/analyticsdata/ HTTP/1.1" 200 11336
INFO 2025-09-17 10:55:23,869 basehttp 749305 139679131211456 "GET /admin/jsi18n/ HTTP/1.1" 200 3343
INFO 2025-09-17 10:55:27,872 basehttp 749305 139678770521792 "GET /admin/core/ HTTP/1.1" 200 8138
INFO 2025-09-17 10:55:32,935 basehttp 749305 139678770521792 "GET /admin/ HTTP/1.1" 200 8887
INFO 2025-09-17 10:55:39,460 basehttp 749305 139678770521792 "GET / HTTP/1.1" 302 0
INFO 2025-09-17 10:55:39,503 basehttp 749305 139678770521792 "GET /api/login-page/ HTTP/1.1" 200 7896
INFO 2025-09-17 10:56:13,798 basehttp 749305 139678770521792 "POST /api/token/ HTTP/1.1" 200 491
INFO 2025-09-17 10:56:13,880 basehttp 749305 139679131211456 "GET /api/profile/ HTTP/1.1" 200 482
INFO 2025-09-17 10:56:15,515 basehttp 749305 139678770521792 "GET /api/officer-dashboard/ HTTP/1.1" 200 31110
INFO 2025-09-17 11:05:58,360 basehttp 749305 139679131211456 "GET /admin/ HTTP/1.1" 200 8887
INFO 2025-09-19 05:37:56,319 basehttp 467017 140150283511488 "GET / HTTP/1.1" 302 0
INFO 2025-09-19 05:37:56,364 basehttp 467017 140150283511488 "GET /api/login-page/ HTTP/1.1" 200 7896
INFO 2025-09-19 05:37:56,589 basehttp 467017 140150283511488 "GET /static/core/css/login-styles.css HTTP/1.1" 200 19008
INFO 2025-09-19 05:37:56,594 basehttp 467017 140150274070208 "GET /static/core/js/login.js?v=4.0 HTTP/1.1" 200 22402
WARNING 2025-09-19 05:37:57,810 log 467017 140150274070208 Not Found: /favicon.ico
WARNING 2025-09-19 05:37:57,811 basehttp 467017 140150274070208 "GET /favicon.ico HTTP/1.1" 404 3000
WARNING 2025-09-19 05:38:14,057 log 467017 140150274070208 Unauthorized: /api/token/
WARNING 2025-09-19 05:38:14,058 basehttp 467017 140150274070208 "POST /api/token/ HTTP/1.1" 401 63
WARNING 2025-09-19 05:39:22,390 log 467017 140150274070208 Unauthorized: /api/token/
WARNING 2025-09-19 05:39:22,396 basehttp 467017 140150274070208 "POST /api/token/ HTTP/1.1" 401 63
WARNING 2025-09-19 05:39:38,066 log 467017 140150274070208 Unauthorized: /api/token/
WARNING 2025-09-19 05:39:38,070 basehttp 467017 140150274070208 "POST /api/token/ HTTP/1.1" 401 63
INFO 2025-09-19 05:41:00,741 basehttp 467017 140150274070208 "GET /api/login-page/ HTTP/1.1" 200 7896
INFO 2025-09-19 05:41:16,907 basehttp 467017 140150274070208 "POST /api/token/ HTTP/1.1" 200 491
INFO 2025-09-19 05:41:16,964 basehttp 467017 140150274070208 "GET /api/profile/ HTTP/1.1" 200 482
INFO 2025-09-19 05:41:18,578 basehttp 467017 140150274070208 "GET /api/officer-dashboard/ HTTP/1.1" 200 31110
INFO 2025-09-19 05:41:18,614 basehttp 467017 140150283511488 "GET /static/core/js/dashboard.js HTTP/1.1" 200 94912
INFO 2025-09-19 05:41:18,637 basehttp 467017 140150274070208 "GET /static/core/css/dashboard-styles.css HTTP/1.1" 200 61825
INFO 2025-09-19 05:56:08,263 basehttp 467017 140150274070208 "GET /api/image-upload/ HTTP/1.1" 200 19865
WARNING 2025-09-19 05:56:30,854 log 467017 140150260098752 Unauthorized: /api/images/
WARNING 2025-09-19 05:56:30,855 basehttp 467017 140150260098752 "GET /api/images/ HTTP/1.1" 401 58
WARNING 2025-09-19 05:56:53,268 log 467017 140150251706048 Unauthorized: /api/login/
WARNING 2025-09-19 05:56:53,269 basehttp 467017 140150251706048 "POST /api/login/ HTTP/1.1" 401 49
WARNING 2025-09-19 05:58:21,482 log 467017 140150243313344 Unauthorized: /api/login/
WARNING 2025-09-19 05:58:21,483 basehttp 467017 140150243313344 "POST /api/login/ HTTP/1.1" 401 49
INFO 2025-09-19 06:00:17,089 basehttp 467017 140150251706048 "POST /api/login/ HTTP/1.1" 200 1011
INFO 2025-09-19 06:00:17,288 basehttp 467017 140150260098752 "GET /api/images/ HTTP/1.1" 200 932
INFO 2025-09-19 06:00:57,958 basehttp 467017 140150274070208 "POST /api/login/ HTTP/1.1" 200 1011
INFO 2025-09-19 06:03:15,665 basehttp 467017 140150283511488 "POST /api/login/ HTTP/1.1" 200 1011
INFO 2025-09-19 06:03:16,227 basehttp 467017 140150274070208 "POST /api/upload-image/ HTTP/1.1" 200 515
INFO 2025-09-19 06:03:16,443 basehttp 467017 140150274070208 "GET /api/images/ HTTP/1.1" 200 1404
INFO 2025-09-19 06:14:10,941 basehttp 467017 140150274070208 "GET /api/officer-dashboard/ HTTP/1.1" 200 31110
INFO 2025-09-19 06:14:12,159 basehttp 467017 140150274070208 "GET /api/login-page/ HTTP/1.1" 200 7896
WARNING 2025-09-19 06:14:12,455 log 467017 140150274070208 Not Found: /favicon.ico
WARNING 2025-09-19 06:14:12,460 basehttp 467017 140150274070208 "GET /favicon.ico HTTP/1.1" 404 3000
WARNING 2025-09-19 06:14:32,976 log 467017 140150274070208 Unauthorized: /api/token/
WARNING 2025-09-19 06:14:32,978 basehttp 467017 140150274070208 "POST /api/token/ HTTP/1.1" 401 63
WARNING 2025-09-19 06:14:45,874 log 467017 140150274070208 Unauthorized: /api/token/
WARNING 2025-09-19 06:14:45,876 basehttp 467017 140150274070208 "POST /api/token/ HTTP/1.1" 401 63
WARNING 2025-09-19 06:15:05,055 log 467017 140150274070208 Unauthorized: /api/token/
WARNING 2025-09-19 06:15:05,058 basehttp 467017 140150274070208 "POST /api/token/ HTTP/1.1" 401 63
INFO 2025-09-19 06:15:08,128 basehttp 467017 140150274070208 "GET /api/login-page/ HTTP/1.1" 200 7896
WARNING 2025-09-19 06:15:28,752 log 467017 140150274070208 Unauthorized: /api/token/
WARNING 2025-09-19 06:15:28,753 basehttp 467017 140150274070208 "POST /api/token/ HTTP/1.1" 401 63
INFO 2025-09-19 06:15:52,938 basehttp 467017 140150283511488 "GET /api/login-page/ HTTP/1.1" 200 7896
INFO 2025-09-19 06:15:54,088 basehttp 467017 140150260098752 "GET /static/core/js/login.js?v=4.0 HTTP/1.1" 304 0
INFO 2025-09-19 06:15:54,089 basehttp 467017 140150283511488 "GET /static/core/css/login-styles.css HTTP/1.1" 200 19008
WARNING 2025-09-19 06:15:55,525 log 467017 140150260098752 Not Found: /favicon.ico
WARNING 2025-09-19 06:16:05,447 log 467017 140150283511488 Unauthorized: /api/token/
WARNING 2025-09-19 06:16:05,450 basehttp 467017 140150283511488 "POST /api/token/ HTTP/1.1" 401 63
WARNING 2025-09-19 06:16:12,116 log 467017 140150283511488 Unauthorized: /api/token/
WARNING 2025-09-19 06:16:12,117 basehttp 467017 140150283511488 "POST /api/token/ HTTP/1.1" 401 63
WARNING 2025-09-19 06:16:19,200 log 467017 140150283511488 Unauthorized: /api/token/
WARNING 2025-09-19 06:16:19,205 basehttp 467017 140150283511488 "POST /api/token/ HTTP/1.1" 401 63
INFO 2025-09-19 06:16:38,676 basehttp 467017 140150283511488 "GET /api/login-page/ HTTP/1.1" 200 7896
INFO 2025-09-19 06:16:44,249 basehttp 467017 140150283511488 "POST /api/token/ HTTP/1.1" 200 491
INFO 2025-09-19 06:16:44,353 basehttp 467017 140150283511488 "GET /api/profile/ HTTP/1.1" 200 479
INFO 2025-09-19 06:16:46,068 basehttp 467017 140150283511488 "GET /api/admin-dashboard/ HTTP/1.1" 200 63402
INFO 2025-09-19 06:16:46,578 basehttp 467017 140150283511488 "GET /static/core/css/dashboard-styles.css HTTP/1.1" 200 61825
INFO 2025-09-19 06:16:46,603 basehttp 467017 140150283511488 "GET /static/core/js/dashboard.js HTTP/1.1" 200 95309
INFO 2025-09-19 06:16:54,663 basehttp 467017 140150283511488 "GET /admin/ HTTP/1.1" 200 8887
INFO 2025-09-19 06:16:55,011 basehttp 467017 140150283511488 "GET /static/admin/img/icon-addlink.svg HTTP/1.1" 200 331
INFO 2025-09-19 06:16:55,014 basehttp 467017 140150251706048 "GET /static/admin/img/icon-changelink.svg HTTP/1.1" 200 380
INFO 2025-09-19 06:16:55,023 basehttp 467017 140150232823488 "GET /static/admin/img/icon-viewlink.svg HTTP/1.1" 200 581
INFO 2025-09-19 06:16:57,745 basehttp 467017 140150232823488 "GET /admin/core/passwordresetrequest/ HTTP/1.1" 200 11514
INFO 2025-09-19 06:16:58,093 basehttp 467017 140150232823488 "GET /static/admin/img/search.svg HTTP/1.1" 200 458
INFO 2025-09-19 06:16:58,102 basehttp 467017 140150260098752 "GET /static/admin/js/filters.js HTTP/1.1" 200 978
INFO 2025-09-19 06:16:58,120 basehttp 467017 140150251706048 "GET /admin/jsi18n/ HTTP/1.1" 200 3343
INFO 2025-09-19 06:16:58,363 basehttp 467017 140150232823488 "GET /static/admin/img/tooltag-add.svg HTTP/1.1" 200 331
INFO 2025-09-19 06:17:02,109 basehttp 467017 140150232823488 "GET /admin/core/user/ HTTP/1.1" 200 15643
INFO 2025-09-19 06:17:02,374 basehttp 467017 140150232823488 "GET /admin/jsi18n/ HTTP/1.1" 200 3343
INFO 2025-09-19 06:17:02,400 basehttp 467017 140150232823488 "GET /static/admin/img/icon-no.svg HTTP/1.1" 200 560
INFO 2025-09-19 06:17:02,404 basehttp 467017 140150251706048 "GET /static/admin/img/icon-yes.svg HTTP/1.1" 200 436
INFO 2025-09-19 06:17:02,643 basehttp 467017 140150232823488 "GET /static/admin/img/sorting-icons.svg HTTP/1.1" 200 1097
INFO 2025-09-19 06:17:16,945 basehttp 467017 140150232823488 "GET /admin/core/usersession/ HTTP/1.1" 200 10856
INFO 2025-09-19 06:17:17,246 basehttp 467017 140150232823488 "GET /admin/jsi18n/ HTTP/1.1" 200 3343
INFO 2025-09-19 06:17:18,956 basehttp 467017 140150232823488 "GET /admin/core/user/add/ HTTP/1.1" 200 15438
INFO 2025-09-19 06:17:19,316 basehttp 467017 140150232823488 "GET /admin/jsi18n/ HTTP/1.1" 200 3343
INFO 2025-09-19 06:17:19,370 basehttp 467017 140150232823488 "GET /static/admin/css/forms.css HTTP/1.1" 304 0
INFO 2025-09-19 06:17:19,388 basehttp 467017 140150232823488 "GET /static/admin/js/change_form.js HTTP/1.1" 200 606
INFO 2025-09-19 06:17:19,391 basehttp 467017 140150251706048 "GET /static/admin/js/prepopulate_init.js HTTP/1.1" 200 586
INFO 2025-09-19 06:17:19,502 basehttp 467017 140150232823488 "GET /static/admin/css/widgets.css HTTP/1.1" 200 11921
INFO 2025-09-19 06:17:27,861 basehttp 467017 140150232823488 "GET /api/analytics-page/ HTTP/1.1" 200 8765
INFO 2025-09-19 06:17:28,167 basehttp 467017 140150232823488 "GET /static/core/js/analytics.js HTTP/1.1" 200 8174
INFO 2025-09-19 06:17:29,310 basehttp 467017 140150232823488 "GET /api/analytics/?days=30 HTTP/1.1" 200 233
INFO 2025-09-19 06:17:29,633 basehttp 467017 140150232823488 "GET /api/images/?limit=12 HTTP/1.1" 200 3071
INFO 2025-09-19 06:17:29,803 basehttp 467017 140150232823488 "GET /media/uploads/images/2025/09/19/test_image.jpg HTTP/1.1" 200 825
INFO 2025-09-19 06:17:29,847 basehttp 467017 140150232823488 "GET /media/uploads/images/2025/09/17/3qswcres.jpeg HTTP/1.1" 304 0
INFO 2025-09-19 06:17:29,876 basehttp 467017 140150283511488 "GET /media/uploads/images/2025/09/16/Untitled.jpeg HTTP/1.1" 304 0
INFO 2025-09-19 06:17:29,895 basehttp 467017 140150251706048 "GET /media/uploads/images/2025/09/17/Untitled.jpeg HTTP/1.1" 200 191336
INFO 2025-09-19 06:17:29,905 basehttp 467017 140149874747072 "GET /media/uploads/images/2025/09/16/RUID856147bd6dbc437d81035a5f030d17c1.jpg HTTP/1.1" 304 0
INFO 2025-09-19 06:17:29,909 basehttp 467017 140150260098752 "GET /media/uploads/images/2025/09/17/1122.jpeg HTTP/1.1" 200 168225
INFO 2025-09-19 06:17:29,927 basehttp 467017 140149883139776 "GET /media/uploads/images/2025/09/16/ny.jpeg HTTP/1.1" 200 189550
INFO 2025-09-19 06:17:47,041 basehttp 467017 140150251706048 "GET /api/analytics/?days=30 HTTP/1.1" 200 233
INFO 2025-09-19 06:17:47,162 basehttp 467017 140150251706048 "GET /api/images/?limit=12 HTTP/1.1" 200 3071
INFO 2025-09-19 06:17:49,772 basehttp 467017 140150251706048 "GET /api/analytics/?days=7 HTTP/1.1" 200 232
INFO 2025-09-19 06:17:49,958 basehttp 467017 140150251706048 "GET /api/images/?limit=12 HTTP/1.1" 200 3071
INFO 2025-09-19 06:18:14,183 basehttp 467017 140150251706048 "GET /api/audit-logs-page/ HTTP/1.1" 200 14684
INFO 2025-09-19 06:18:14,897 basehttp 467017 140150251706048 "GET /static/core/js/audit-logs.js HTTP/1.1" 304 0
INFO 2025-09-19 06:18:15,479 basehttp 467017 140150260098752 "GET /api/users/ HTTP/1.1" 200 965
INFO 2025-09-19 06:18:16,121 basehttp 467017 140150251706048 "GET /api/audit-logs/ HTTP/1.1" 200 16724
INFO 2025-09-19 06:18:16,147 basehttp 467017 140149883139776 "GET /api/audit-logs/ HTTP/1.1" 200 16724
INFO 2025-09-19 06:18:23,196 basehttp 467017 140150251706048 "GET /api/admin-dashboard/ HTTP/1.1" 200 63402
INFO 2025-09-19 06:18:23,422 basehttp 467017 140150251706048 "GET /static/core/js/dashboard.js HTTP/1.1" 304 0
INFO 2025-09-19 06:18:33,940 basehttp 467017 140150251706048 "GET /api/login-page/ HTTP/1.1" 200 7896
WARNING 2025-09-19 06:18:43,183 log 467017 140150251706048 Unauthorized: /api/token/
WARNING 2025-09-19 06:18:43,184 basehttp 467017 140150251706048 "POST /api/token/ HTTP/1.1" 401 63
INFO 2025-09-19 06:18:46,321 basehttp 467017 140150251706048 "GET /api/login-page/ HTTP/1.1" 200 7896
WARNING 2025-09-19 06:18:52,857 log 467017 140150251706048 Unauthorized: /api/token/
WARNING 2025-09-19 06:18:52,858 basehttp 467017 140150251706048 "POST /api/token/ HTTP/1.1" 401 63
WARNING 2025-09-19 06:19:04,714 log 467017 140150251706048 Unauthorized: /api/token/
WARNING 2025-09-19 06:19:04,716 basehttp 467017 140150251706048 "POST /api/token/ HTTP/1.1" 401 63
INFO 2025-09-19 06:19:15,967 basehttp 467017 140150251706048 "GET /admin/core/usersession/ HTTP/1.1" 200 10856
INFO 2025-09-19 06:19:16,331 basehttp 467017 140150251706048 "GET /admin/jsi18n/ HTTP/1.1" 200 3343
INFO 2025-09-19 06:19:19,138 basehttp 467017 140150251706048 "GET /admin/core/uploadedimage/ HTTP/1.1" 200 17588
INFO 2025-09-19 06:19:19,430 basehttp 467017 140150251706048 "GET /admin/jsi18n/ HTTP/1.1" 200 3343
INFO 2025-09-19 06:19:28,420 basehttp 467017 140150251706048 "GET /admin/core/systemconfiguration/ HTTP/1.1" 200 11357
INFO 2025-09-19 06:19:28,767 basehttp 467017 140150251706048 "GET /admin/jsi18n/ HTTP/1.1" 200 3343
INFO 2025-09-19 06:19:31,026 basehttp 467017 140150251706048 "GET /admin/core/passwordresetrequest/add/ HTTP/1.1" 200 19887
INFO 2025-09-19 06:19:31,341 basehttp 467017 140150251706048 "GET /admin/jsi18n/ HTTP/1.1" 200 3343
INFO 2025-09-19 06:19:31,357 basehttp 467017 140150251706048 "GET /static/admin/img/icon-deletelink.svg HTTP/1.1" 200 392
INFO 2025-09-19 06:19:31,379 basehttp 467017 140149883139776 "GET /static/admin/js/calendar.js HTTP/1.1" 304 0
INFO 2025-09-19 06:19:31,387 basehttp 467017 140149883139776 "GET /static/admin/js/admin/DateTimeShortcuts.js HTTP/1.1" 304 0
INFO 2025-09-19 06:19:31,763 basehttp 467017 140150251706048 "GET /static/admin/img/icon-calendar.svg HTTP/1.1" 200 1086
INFO 2025-09-19 06:19:31,786 basehttp 467017 140150251706048 "GET /static/admin/img/icon-clock.svg HTTP/1.1" 200 677
INFO 2025-09-19 06:20:01,328 basehttp 467017 140150251706048 "GET /static/admin/img/calendar-icons.svg HTTP/1.1" 200 1094
INFO 2025-09-19 06:20:13,416 basehttp 467017 140150251706048 "POST /admin/core/passwordresetrequest/add/ HTTP/1.1" 200 20086
INFO 2025-09-19 06:20:13,669 basehttp 467017 140150251706048 "GET /admin/jsi18n/ HTTP/1.1" 200 3343
INFO 2025-09-19 06:20:24,477 basehttp 467017 140150251706048 "POST /admin/core/passwordresetrequest/add/ HTTP/1.1" 302 0
INFO 2025-09-19 06:20:24,634 basehttp 467017 140150251706048 "GET /admin/core/passwordresetrequest/ HTTP/1.1" 200 14282
INFO 2025-09-19 06:20:24,985 basehttp 467017 140150251706048 "GET /admin/jsi18n/ HTTP/1.1" 200 3343
WARNING 2025-09-19 06:20:35,724 log 467017 140150251706048 Unauthorized: /api/token/
WARNING 2025-09-19 06:20:35,725 basehttp 467017 140150251706048 "POST /api/token/ HTTP/1.1" 401 63
INFO 2025-09-19 06:20:40,044 basehttp 467017 140150251706048 "GET /api/login-page/ HTTP/1.1" 200 7896
WARNING 2025-09-19 06:20:44,989 log 467017 140150251706048 Unauthorized: /api/token/
WARNING 2025-09-19 06:20:44,990 basehttp 467017 140150251706048 "POST /api/token/ HTTP/1.1" 401 63
INFO 2025-09-19 06:20:55,350 basehttp 467017 140149883139776 "GET /admin/core/passwordresetrequest/7093583c-5097-4aef-9974-7394c30cac27/change/ HTTP/1.1" 200 20324
INFO 2025-09-19 06:20:55,800 basehttp 467017 140149883139776 "GET /admin/jsi18n/ HTTP/1.1" 200 3343
INFO 2025-09-19 06:20:59,667 basehttp 467017 140149883139776 "GET /admin/core/user/ HTTP/1.1" 200 15643
INFO 2025-09-19 06:20:59,944 basehttp 467017 140149883139776 "GET /admin/jsi18n/ HTTP/1.1" 200 3343
INFO 2025-09-19 06:21:02,525 basehttp 467017 140149883139776 "GET /admin/core/user/14/change/ HTTP/1.1" 200 37682
INFO 2025-09-19 06:21:02,785 basehttp 467017 140149883139776 "GET /admin/jsi18n/ HTTP/1.1" 200 3343
INFO 2025-09-19 06:21:02,809 basehttp 467017 140149883139776 "GET /static/admin/js/SelectBox.js HTTP/1.1" 304 0
INFO 2025-09-19 06:21:02,814 basehttp 467017 140150251706048 "GET /static/admin/js/SelectFilter2.js HTTP/1.1" 304 0
INFO 2025-09-19 06:21:03,179 basehttp 467017 140150251706048 "GET /static/admin/img/selector-icons.svg HTTP/1.1" 200 3291
INFO 2025-09-19 06:21:03,182 basehttp 467017 140149883139776 "GET /static/admin/img/icon-unknown.svg HTTP/1.1" 200 655
INFO 2025-09-19 06:21:03,186 basehttp 467017 140150260098752 "GET /static/admin/img/icon-unknown-alt.svg HTTP/1.1" 200 655
INFO 2025-09-19 06:21:32,437 basehttp 467017 140149883139776 "GET /admin/core/user/14/password/ HTTP/1.1" 200 9516
INFO 2025-09-19 06:21:53,796 basehttp 467017 140149883139776 "POST /admin/core/user/14/password/ HTTP/1.1" 200 9669
INFO 2025-09-19 06:22:12,465 basehttp 467017 140149883139776 "POST /admin/core/user/14/password/ HTTP/1.1" 200 9663
WARNING 2025-09-19 06:22:23,491 log 467017 140149883139776 Unauthorized: /api/token/
WARNING 2025-09-19 06:22:23,493 basehttp 467017 140149883139776 "POST /api/token/ HTTP/1.1" 401 63
INFO 2025-09-19 06:22:32,526 basehttp 467017 140149883139776 "GET /admin/core/user/ HTTP/1.1" 200 15643
INFO 2025-09-19 06:22:32,875 basehttp 467017 140149883139776 "GET /admin/jsi18n/ HTTP/1.1" 200 3343
INFO 2025-09-19 06:22:35,465 basehttp 467017 140149883139776 "GET /admin/core/user/14/change/ HTTP/1.1" 200 37682
INFO 2025-09-19 06:22:35,841 basehttp 467017 140149883139776 "GET /admin/jsi18n/ HTTP/1.1" 200 3343
INFO 2025-09-19 06:22:55,961 basehttp 467017 140149883139776 "POST /admin/core/user/14/change/ HTTP/1.1" 302 0
INFO 2025-09-19 06:22:56,121 basehttp 467017 140149883139776 "GET /admin/core/user/ HTTP/1.1" 200 15854
INFO 2025-09-19 06:22:56,578 basehttp 467017 140149883139776 "GET /admin/jsi18n/ HTTP/1.1" 200 3343
WARNING 2025-09-19 06:23:04,741 log 467017 140149883139776 Unauthorized: /api/token/
WARNING 2025-09-19 06:23:04,747 basehttp 467017 140149883139776 "POST /api/token/ HTTP/1.1" 401 63
INFO 2025-09-19 06:23:08,402 basehttp 467017 140149883139776 "GET /api/login-page/ HTTP/1.1" 200 7896
WARNING 2025-09-19 06:23:22,037 log 467017 140149883139776 Unauthorized: /api/token/
WARNING 2025-09-19 06:23:22,039 basehttp 467017 140149883139776 "POST /api/token/ HTTP/1.1" 401 63
INFO 2025-09-19 06:23:27,829 basehttp 467017 140149883139776 "GET /admin/core/user/add/ HTTP/1.1" 200 15438
INFO 2025-09-19 06:23:28,159 basehttp 467017 140149883139776 "GET /admin/jsi18n/ HTTP/1.1" 200 3343
INFO 2025-09-19 06:24:37,287 basehttp 467017 140149883139776 "POST /admin/core/user/add/ HTTP/1.1" 200 15716
INFO 2025-09-19 06:24:37,714 basehttp 467017 140149883139776 "GET /admin/jsi18n/ HTTP/1.1" 200 3343
INFO 2025-09-19 06:25:02,988 basehttp 467017 140149883139776 "POST /admin/core/user/add/ HTTP/1.1" 200 15715
INFO 2025-09-19 06:25:03,402 basehttp 467017 140149883139776 "GET /admin/jsi18n/ HTTP/1.1" 200 3343
INFO 2025-09-19 06:25:44,526 basehttp 467017 140149883139776 "POST /admin/core/user/add/ HTTP/1.1" 302 0
INFO 2025-09-19 06:25:44,916 basehttp 467017 140149883139776 "GET /admin/core/user/15/change/ HTTP/1.1" 200 37799
INFO 2025-09-19 06:25:45,471 basehttp 467017 140149883139776 "GET /admin/jsi18n/ HTTP/1.1" 200 3343
INFO 2025-09-19 06:25:48,569 basehttp 467017 140149883139776 "GET /admin/core/user/ HTTP/1.1" 200 16240
INFO 2025-09-19 06:25:48,833 basehttp 467017 140149883139776 "GET /admin/jsi18n/ HTTP/1.1" 200 3343
WARNING 2025-09-19 06:26:06,243 log 467017 140149883139776 Unauthorized: /api/token/
WARNING 2025-09-19 06:26:06,246 basehttp 467017 140149883139776 "POST /api/token/ HTTP/1.1" 401 63
WARNING 2025-09-19 06:26:20,847 log 467017 140149883139776 Unauthorized: /api/token/
WARNING 2025-09-19 06:26:20,853 basehttp 467017 140149883139776 "POST /api/token/ HTTP/1.1" 401 63
INFO 2025-09-19 06:26:25,145 basehttp 467017 140149883139776 "GET /api/login-page/ HTTP/1.1" 200 7896
INFO 2025-09-19 06:26:35,077 basehttp 467017 140149883139776 "GET /admin/core/systemconfiguration/ HTTP/1.1" 200 11357
INFO 2025-09-19 06:26:35,381 basehttp 467017 140149883139776 "GET /admin/jsi18n/ HTTP/1.1" 200 3343
INFO 2025-09-19 06:26:36,987 basehttp 467017 140149883139776 "GET /admin/core/usersession/ HTTP/1.1" 200 10856
INFO 2025-09-19 06:26:37,318 basehttp 467017 140149883139776 "GET /admin/jsi18n/ HTTP/1.1" 200 3343
INFO 2025-09-19 06:26:40,318 basehttp 467017 140149883139776 "GET /admin/core/usersession/add/ HTTP/1.1" 200 15619
INFO 2025-09-19 06:26:40,591 basehttp 467017 140149883139776 "GET /admin/jsi18n/ HTTP/1.1" 200 3343
WARNING 2025-09-19 06:27:07,247 log 467017 140150274070208 Unauthorized: /api/token/
WARNING 2025-09-19 06:27:07,250 basehttp 467017 140150274070208 "POST /api/token/ HTTP/1.1" 401 63
WARNING 2025-09-19 06:27:17,543 log 467017 140150274070208 Unauthorized: /api/token/
WARNING 2025-09-19 06:27:17,545 basehttp 467017 140150274070208 "POST /api/token/ HTTP/1.1" 401 63
INFO 2025-09-19 06:29:33,048 basehttp 467017 140150274070208 "GET /api/login-page/ HTTP/1.1" 200 7896
INFO 2025-09-19 06:29:48,264 basehttp 467017 140150274070208 "POST /api/token/ HTTP/1.1" 200 491
INFO 2025-09-19 06:29:48,324 basehttp 467017 140150274070208 "GET /api/profile/ HTTP/1.1" 200 473
INFO 2025-09-19 06:29:49,963 basehttp 467017 140150274070208 "GET /api/officer-dashboard/ HTTP/1.1" 200 31110
INFO 2025-09-19 06:30:16,041 basehttp 467017 140150274070208 "GET /api HTTP/1.1" 301 0
INFO 2025-09-19 06:30:16,067 basehttp 467017 140150251706048 "GET /api/ HTTP/1.1" 200 4507
INFO 2025-09-19 06:30:16,150 basehttp 467017 140150251706048 "GET /static/core/css/styles.css HTTP/1.1" 200 14366
WARNING 2025-09-19 06:30:16,257 log 467017 140150260098752 Not Found: /api/app.js
WARNING 2025-09-19 06:30:16,264 basehttp 467017 140150260098752 "GET /api/app.js HTTP/1.1" 404 8639
WARNING 2025-09-19 06:30:20,083 log 467017 140150260098752 Not Found: /api/officer-dashboard.html
WARNING 2025-09-19 06:30:20,085 basehttp 467017 140150260098752 "GET /api/officer-dashboard.html HTTP/1.1" 404 8687
INFO 2025-09-19 06:30:27,279 basehttp 467017 140150260098752 "GET / HTTP/1.1" 302 0
INFO 2025-09-19 06:30:27,339 basehttp 467017 140150260098752 "GET /api/login-page/ HTTP/1.1" 200 7896
WARNING 2025-09-19 06:30:48,761 log 467017 140150260098752 Unauthorized: /api/token/
WARNING 2025-09-19 06:30:48,777 basehttp 467017 140150260098752 "POST /api/token/ HTTP/1.1" 401 63
INFO 2025-09-19 06:31:26,384 basehttp 467017 140150274070208 "POST /api/token/ HTTP/1.1" 200 491
INFO 2025-09-19 06:31:26,539 basehttp 467017 140150274070208 "GET /api/profile/ HTTP/1.1" 200 479
INFO 2025-09-19 06:31:28,234 basehttp 467017 140150274070208 "GET /api/admin-dashboard/ HTTP/1.1" 200 63402
INFO 2025-09-19 06:31:28,784 basehttp 467017 140150274070208 "GET /static/core/js/dashboard.js HTTP/1.1" 304 0
INFO 2025-09-19 06:31:35,342 basehttp 467017 140150274070208 "GET /api/image-management/ HTTP/1.1" 200 16705
INFO 2025-09-19 06:31:35,665 basehttp 467017 140150274070208 "GET /static/core/js/image-management.js HTTP/1.1" 304 0
INFO 2025-09-19 06:31:36,128 basehttp 467017 140150274070208 "GET /api/images/?page=1&page_size=12 HTTP/1.1" 200 3071
INFO 2025-09-19 06:31:36,138 basehttp 467017 140149883139776 "GET /api/images/ HTTP/1.1" 200 3071
INFO 2025-09-19 06:31:36,250 basehttp 467017 140149883139776 "GET /media/uploads/images/2025/09/19/test_image.jpg HTTP/1.1" 304 0
INFO 2025-09-19 06:32:00,430 basehttp 467017 140150274070208 "GET /api/images/?page=1&page_size=12 HTTP/1.1" 200 3071
INFO 2025-09-19 06:32:00,468 basehttp 467017 140149883139776 "GET /api/images/ HTTP/1.1" 200 3071
INFO 2025-09-19 06:32:05,775 basehttp 467017 140150274070208 "GET /api/admin-dashboard/ HTTP/1.1" 200 63402
INFO 2025-09-19 06:32:33,862 basehttp 467017 140150274070208 "GET / HTTP/1.1" 302 0
INFO 2025-09-19 06:32:34,054 basehttp 467017 140150274070208 "GET /api/login-page/ HTTP/1.1" 200 7896
INFO 2025-09-19 06:32:53,334 basehttp 467017 140150274070208 "POST /api/token/ HTTP/1.1" 200 491
INFO 2025-09-19 06:32:53,521 basehttp 467017 140149883139776 "GET /api/profile/ HTTP/1.1" 200 473
INFO 2025-09-19 06:32:55,678 basehttp 467017 140150274070208 "GET /api/officer-dashboard/ HTTP/1.1" 200 31110
INFO 2025-09-19 06:33:33,161 basehttp 467017 140150274070208 "GET /api/face-recognition/ HTTP/1.1" 200 18081
INFO 2025-09-19 06:33:33,732 basehttp 467017 140149883139776 "GET /static/core/js/app.js HTTP/1.1" 304 0
WARNING 2025-09-19 06:40:40,233 log 467017 140149883139776 Not Found: /favicon.ico
INFO 2025-09-19 06:45:17,843 basehttp 467017 140150232823488 "GET /api/face-recognition/ HTTP/1.1" 200 18081
INFO 2025-09-19 06:45:44,406 face_recognition_service 467017 140150232823488 Mock face detection initialized
INFO 2025-09-19 06:45:44,407 face_recognition_service 467017 140150232823488 Image: Test Officer Upload, Similarity: 0.220, Confidence: 0.229
INFO 2025-09-19 06:45:44,407 face_recognition_service 467017 140150232823488 Image: Mr Edwin, Similarity: 0.260, Confidence: 0.261
INFO 2025-09-19 06:45:44,408 face_recognition_service 467017 140150232823488 Image: Mr Alex Owusu, Similarity: 0.110, Confidence: 0.113
INFO 2025-09-19 06:45:44,408 face_recognition_service 467017 140150232823488 Image: Apprehend upon being seen, Similarity: 0.250, Confidence: 0.241
INFO 2025-09-19 06:45:44,408 face_recognition_service 467017 140150232823488 Image: ttt, Similarity: 0.260, Confidence: 0.262
INFO 2025-09-19 06:45:44,408 face_recognition_service 467017 140150232823488 Image: Alex, Similarity: 0.180, Confidence: 0.179
INFO 2025-09-19 06:45:44,408 face_recognition_service 467017 140150232823488 Image: Wanted, Similarity: 0.140, Confidence: 0.138
INFO 2025-09-19 06:45:44,411 basehttp 467017 140150232823488 "POST /api/recognize/ HTTP/1.1" 200 2735
INFO 2025-09-19 06:46:00,146 basehttp 467017 140150232823488 "GET /api/face-recognition/ HTTP/1.1" 200 18081
INFO 2025-09-19 06:46:04,086 basehttp 467017 140150232823488 "GET /api/face-recognition/ HTTP/1.1" 200 18081
INFO 2025-09-19 06:46:04,248 basehttp 467017 140150232823488 "GET /static/core/js/app.js HTTP/1.1" 200 27683
WARNING 2025-09-19 06:46:05,718 log 467017 140150232823488 Not Found: /favicon.ico
WARNING 2025-09-19 06:46:05,720 basehttp 467017 140150232823488 "GET /favicon.ico HTTP/1.1" 404 3000
INFO 2025-09-19 06:46:26,667 basehttp 467017 140150232823488 "GET /api/face-recognition/ HTTP/1.1" 200 18081
INFO 2025-09-19 06:46:28,998 basehttp 467017 140150232823488 "GET /api/face-recognition/ HTTP/1.1" 200 18081
INFO 2025-09-19 06:46:34,477 face_recognition_service 467017 140150232823488 Image: Test Officer Upload, Similarity: 0.220, Confidence: 0.215
INFO 2025-09-19 06:46:34,494 face_recognition_service 467017 140150232823488 Image: Mr Edwin, Similarity: 0.260, Confidence: 0.266
INFO 2025-09-19 06:46:34,500 face_recognition_service 467017 140150232823488 Image: Mr Alex Owusu, Similarity: 0.110, Confidence: 0.120
INFO 2025-09-19 06:46:34,509 face_recognition_service 467017 140150232823488 Image: Apprehend upon being seen, Similarity: 0.250, Confidence: 0.247
INFO 2025-09-19 06:46:34,521 face_recognition_service 467017 140150232823488 Image: ttt, Similarity: 0.260, Confidence: 0.260
INFO 2025-09-19 06:46:34,521 face_recognition_service 467017 140150232823488 Image: Alex, Similarity: 0.180, Confidence: 0.174
INFO 2025-09-19 06:46:34,522 face_recognition_service 467017 140150232823488 Image: Wanted, Similarity: 0.140, Confidence: 0.137
INFO 2025-09-19 06:46:34,529 basehttp 467017 140150232823488 "POST /api/recognize/ HTTP/1.1" 200 2777
INFO 2025-09-19 06:46:39,825 face_recognition_service 467017 140150232823488 Image: Test Officer Upload, Similarity: 0.220, Confidence: 0.222
INFO 2025-09-19 06:46:39,830 face_recognition_service 467017 140150232823488 Image: Mr Edwin, Similarity: 0.260, Confidence: 0.261
INFO 2025-09-19 06:46:39,844 face_recognition_service 467017 140150232823488 Image: Mr Alex Owusu, Similarity: 0.110, Confidence: 0.115
INFO 2025-09-19 06:46:39,844 face_recognition_service 467017 140150232823488 Image: Apprehend upon being seen, Similarity: 0.250, Confidence: 0.247
INFO 2025-09-19 06:46:39,845 face_recognition_service 467017 140150232823488 Image: ttt, Similarity: 0.260, Confidence: 0.262
INFO 2025-09-19 06:46:39,845 face_recognition_service 467017 140150232823488 Image: Alex, Similarity: 0.180, Confidence: 0.185
INFO 2025-09-19 06:46:39,845 face_recognition_service 467017 140150232823488 Image: Wanted, Similarity: 0.140, Confidence: 0.135
INFO 2025-09-19 06:46:39,846 basehttp 467017 140150232823488 "POST /api/recognize/ HTTP/1.1" 200 2740
INFO 2025-09-19 06:46:41,764 face_recognition_service 467017 140150232823488 Image: Test Officer Upload, Similarity: 0.220, Confidence: 0.222
INFO 2025-09-19 06:46:41,764 face_recognition_service 467017 140150232823488 Image: Mr Edwin, Similarity: 0.260, Confidence: 0.256
INFO 2025-09-19 06:46:41,765 face_recognition_service 467017 140150232823488 Image: Mr Alex Owusu, Similarity: 0.110, Confidence: 0.118
INFO 2025-09-19 06:46:41,765 face_recognition_service 467017 140150232823488 Image: Apprehend upon being seen, Similarity: 0.250, Confidence: 0.247
INFO 2025-09-19 06:46:41,765 face_recognition_service 467017 140150232823488 Image: ttt, Similarity: 0.260, Confidence: 0.252
INFO 2025-09-19 06:46:41,765 face_recognition_service 467017 140150232823488 Image: Alex, Similarity: 0.180, Confidence: 0.171
INFO 2025-09-19 06:46:41,772 face_recognition_service 467017 140150232823488 Image: Wanted, Similarity: 0.140, Confidence: 0.147
INFO 2025-09-19 06:46:41,774 basehttp 467017 140150232823488 "POST /api/recognize/ HTTP/1.1" 200 2772
INFO 2025-09-19 06:46:42,634 face_recognition_service 467017 140150232823488 Image: Test Officer Upload, Similarity: 0.220, Confidence: 0.228
INFO 2025-09-19 06:46:42,635 face_recognition_service 467017 140150232823488 Image: Mr Edwin, Similarity: 0.260, Confidence: 0.259
INFO 2025-09-19 06:46:42,635 face_recognition_service 467017 140150232823488 Image: Mr Alex Owusu, Similarity: 0.110, Confidence: 0.104
INFO 2025-09-19 06:46:42,635 face_recognition_service 467017 140150232823488 Image: Apprehend upon being seen, Similarity: 0.250, Confidence: 0.240
INFO 2025-09-19 06:46:42,635 face_recognition_service 467017 140150232823488 Image: ttt, Similarity: 0.260, Confidence: 0.251
INFO 2025-09-19 06:46:42,635 face_recognition_service 467017 140150232823488 Image: Alex, Similarity: 0.180, Confidence: 0.173
INFO 2025-09-19 06:46:42,635 face_recognition_service 467017 140150232823488 Image: Wanted, Similarity: 0.140, Confidence: 0.130
INFO 2025-09-19 06:46:42,638 basehttp 467017 140150232823488 "POST /api/recognize/ HTTP/1.1" 200 2775
INFO 2025-09-19 06:46:44,570 face_recognition_service 467017 140150232823488 Image: Test Officer Upload, Similarity: 0.220, Confidence: 0.229
INFO 2025-09-19 06:46:44,573 face_recognition_service 467017 140150232823488 Image: Mr Edwin, Similarity: 0.260, Confidence: 0.257
INFO 2025-09-19 06:46:44,574 face_recognition_service 467017 140150232823488 Image: Mr Alex Owusu, Similarity: 0.110, Confidence: 0.115
INFO 2025-09-19 06:46:44,574 face_recognition_service 467017 140150232823488 Image: Apprehend upon being seen, Similarity: 0.250, Confidence: 0.253
INFO 2025-09-19 06:46:44,574 face_recognition_service 467017 140150232823488 Image: ttt, Similarity: 0.260, Confidence: 0.264
INFO 2025-09-19 06:46:44,576 face_recognition_service 467017 140150232823488 Image: Alex, Similarity: 0.180, Confidence: 0.185
INFO 2025-09-19 06:46:44,584 face_recognition_service 467017 140150232823488 Image: Wanted, Similarity: 0.140, Confidence: 0.150
INFO 2025-09-19 06:46:44,590 basehttp 467017 140150232823488 "POST /api/recognize/ HTTP/1.1" 200 2737
INFO 2025-09-19 06:46:45,054 face_recognition_service 467017 140150232823488 Image: Test Officer Upload, Similarity: 0.220, Confidence: 0.229
INFO 2025-09-19 06:46:45,054 face_recognition_service 467017 140150232823488 Image: Mr Edwin, Similarity: 0.260, Confidence: 0.251
INFO 2025-09-19 06:46:45,071 face_recognition_service 467017 140150232823488 Image: Mr Alex Owusu, Similarity: 0.110, Confidence: 0.110
INFO 2025-09-19 06:46:45,071 face_recognition_service 467017 140150232823488 Image: Apprehend upon being seen, Similarity: 0.250, Confidence: 0.256
INFO 2025-09-19 06:46:45,072 face_recognition_service 467017 140150232823488 Image: ttt, Similarity: 0.260, Confidence: 0.262
INFO 2025-09-19 06:46:45,072 face_recognition_service 467017 140150232823488 Image: Alex, Similarity: 0.180, Confidence: 0.188
INFO 2025-09-19 06:46:45,073 face_recognition_service 467017 140150232823488 Image: Wanted, Similarity: 0.140, Confidence: 0.131
INFO 2025-09-19 06:46:45,081 basehttp 467017 140150232823488 "POST /api/recognize/ HTTP/1.1" 200 2740
INFO 2025-09-19 06:46:45,676 face_recognition_service 467017 140150232823488 Image: Test Officer Upload, Similarity: 0.220, Confidence: 0.229
INFO 2025-09-19 06:46:45,676 face_recognition_service 467017 140150232823488 Image: Mr Edwin, Similarity: 0.260, Confidence: 0.264
INFO 2025-09-19 06:46:45,676 face_recognition_service 467017 140150232823488 Image: Mr Alex Owusu, Similarity: 0.110, Confidence: 0.108
INFO 2025-09-19 06:46:45,676 face_recognition_service 467017 140150232823488 Image: Apprehend upon being seen, Similarity: 0.250, Confidence: 0.246
INFO 2025-09-19 06:46:45,676 face_recognition_service 467017 140150232823488 Image: ttt, Similarity: 0.260, Confidence: 0.250
INFO 2025-09-19 06:46:45,677 face_recognition_service 467017 140150232823488 Image: Alex, Similarity: 0.180, Confidence: 0.182
INFO 2025-09-19 06:46:45,677 face_recognition_service 467017 140150232823488 Image: Wanted, Similarity: 0.140, Confidence: 0.149
INFO 2025-09-19 06:46:45,679 basehttp 467017 140150232823488 "POST /api/recognize/ HTTP/1.1" 200 2779
INFO 2025-09-19 06:46:45,939 face_recognition_service 467017 140150232823488 Image: Test Officer Upload, Similarity: 0.220, Confidence: 0.227
INFO 2025-09-19 06:46:45,940 face_recognition_service 467017 140150232823488 Image: Mr Edwin, Similarity: 0.260, Confidence: 0.254
INFO 2025-09-19 06:46:45,941 face_recognition_service 467017 140150232823488 Image: Mr Alex Owusu, Similarity: 0.110, Confidence: 0.115
INFO 2025-09-19 06:46:45,941 face_recognition_service 467017 140150232823488 Image: Apprehend upon being seen, Similarity: 0.250, Confidence: 0.245
INFO 2025-09-19 06:46:45,941 face_recognition_service 467017 140150232823488 Image: ttt, Similarity: 0.260, Confidence: 0.264
INFO 2025-09-19 06:46:45,941 face_recognition_service 467017 140150232823488 Image: Alex, Similarity: 0.180, Confidence: 0.172
INFO 2025-09-19 06:46:45,942 face_recognition_service 467017 140150232823488 Image: Wanted, Similarity: 0.140, Confidence: 0.132
INFO 2025-09-19 06:46:45,944 basehttp 467017 140150232823488 "POST /api/recognize/ HTTP/1.1" 200 2738
INFO 2025-09-19 06:46:46,345 face_recognition_service 467017 140150232823488 Image: Test Officer Upload, Similarity: 0.220, Confidence: 0.219
INFO 2025-09-19 06:46:46,345 face_recognition_service 467017 140150232823488 Image: Mr Edwin, Similarity: 0.260, Confidence: 0.262
INFO 2025-09-19 06:46:46,345 face_recognition_service 467017 140150232823488 Image: Mr Alex Owusu, Similarity: 0.110, Confidence: 0.116
INFO 2025-09-19 06:46:46,345 face_recognition_service 467017 140150232823488 Image: Apprehend upon being seen, Similarity: 0.250, Confidence: 0.241
INFO 2025-09-19 06:46:46,346 face_recognition_service 467017 140150232823488 Image: ttt, Similarity: 0.260, Confidence: 0.264
INFO 2025-09-19 06:46:46,346 face_recognition_service 467017 140150232823488 Image: Alex, Similarity: 0.180, Confidence: 0.172
INFO 2025-09-19 06:46:46,346 face_recognition_service 467017 140150232823488 Image: Wanted, Similarity: 0.140, Confidence: 0.131
INFO 2025-09-19 06:46:46,347 basehttp 467017 140150232823488 "POST /api/recognize/ HTTP/1.1" 200 2738
INFO 2025-09-19 06:46:46,700 face_recognition_service 467017 140150232823488 Image: Test Officer Upload, Similarity: 0.220, Confidence: 0.215
INFO 2025-09-19 06:46:46,701 face_recognition_service 467017 140150232823488 Image: Mr Edwin, Similarity: 0.260, Confidence: 0.264
INFO 2025-09-19 06:46:46,702 face_recognition_service 467017 140150232823488 Image: Mr Alex Owusu, Similarity: 0.110, Confidence: 0.113
INFO 2025-09-19 06:46:46,703 face_recognition_service 467017 140150232823488 Image: Apprehend upon being seen, Similarity: 0.250, Confidence: 0.249
INFO 2025-09-19 06:46:46,703 face_recognition_service 467017 140150232823488 Image: ttt, Similarity: 0.260, Confidence: 0.264
INFO 2025-09-19 06:46:46,703 face_recognition_service 467017 140150232823488 Image: Alex, Similarity: 0.180, Confidence: 0.178
INFO 2025-09-19 06:46:46,703 face_recognition_service 467017 140150232823488 Image: Wanted, Similarity: 0.140, Confidence: 0.133
INFO 2025-09-19 06:46:46,705 basehttp 467017 140150232823488 "POST /api/recognize/ HTTP/1.1" 200 2741
INFO 2025-09-19 06:46:47,076 face_recognition_service 467017 140150232823488 Image: Test Officer Upload, Similarity: 0.220, Confidence: 0.211
INFO 2025-09-19 06:46:47,077 face_recognition_service 467017 140150232823488 Image: Mr Edwin, Similarity: 0.260, Confidence: 0.266
INFO 2025-09-19 06:46:47,078 face_recognition_service 467017 140150232823488 Image: Mr Alex Owusu, Similarity: 0.110, Confidence: 0.106
INFO 2025-09-19 06:46:47,079 face_recognition_service 467017 140150232823488 Image: Apprehend upon being seen, Similarity: 0.250, Confidence: 0.257
INFO 2025-09-19 06:46:47,079 face_recognition_service 467017 140150232823488 Image: ttt, Similarity: 0.260, Confidence: 0.268
INFO 2025-09-19 06:46:47,080 face_recognition_service 467017 140150232823488 Image: Alex, Similarity: 0.180, Confidence: 0.187
INFO 2025-09-19 06:46:47,080 face_recognition_service 467017 140150232823488 Image: Wanted, Similarity: 0.140, Confidence: 0.148
INFO 2025-09-19 06:46:47,087 basehttp 467017 140150232823488 "POST /api/recognize/ HTTP/1.1" 200 2740
INFO 2025-09-19 06:46:48,027 face_recognition_service 467017 140150232823488 Image: Test Officer Upload, Similarity: 0.220, Confidence: 0.211
INFO 2025-09-19 06:46:48,027 face_recognition_service 467017 140150232823488 Image: Mr Edwin, Similarity: 0.260, Confidence: 0.259
INFO 2025-09-19 06:46:48,043 face_recognition_service 467017 140150232823488 Image: Mr Alex Owusu, Similarity: 0.110, Confidence: 0.106
INFO 2025-09-19 06:46:48,044 face_recognition_service 467017 140150232823488 Image: Apprehend upon being seen, Similarity: 0.250, Confidence: 0.242
INFO 2025-09-19 06:46:48,044 face_recognition_service 467017 140150232823488 Image: ttt, Similarity: 0.260, Confidence: 0.251
INFO 2025-09-19 06:46:48,044 face_recognition_service 467017 140150232823488 Image: Alex, Similarity: 0.180, Confidence: 0.184
INFO 2025-09-19 06:46:48,045 face_recognition_service 467017 140150232823488 Image: Wanted, Similarity: 0.140, Confidence: 0.141
INFO 2025-09-19 06:46:48,063 basehttp 467017 140150232823488 "POST /api/recognize/ HTTP/1.1" 200 2778
INFO 2025-09-19 06:49:46,508 basehttp 543807 139786866128576 "GET /api/face-recognition/ HTTP/1.1" 200 18091
INFO 2025-09-19 06:59:19,145 basehttp 543807 139786857735872 "GET /api/face-recognition/ HTTP/1.1" 200 18091
INFO 2025-09-19 06:59:28,543 basehttp 543807 139786849343168 "GET /api/face-recognition/ HTTP/1.1" 200 18091
INFO 2025-09-19 06:59:28,802 basehttp 543807 139786849343168 "GET /static/core/js/app.js HTTP/1.1" 200 27683
INFO 2025-09-19 06:59:29,937 basehttp 543807 139786866128576 "GET /api/face-recognition/ HTTP/1.1" 200 18091
INFO 2025-09-19 06:59:30,050 basehttp 543807 139786866128576 "GET /static/core/js/app.js HTTP/1.1" 200 27683
WARNING 2025-09-19 06:59:30,405 log 543807 139786866128576 Not Found: /favicon.ico
WARNING 2025-09-19 06:59:30,406 basehttp 543807 139786866128576 "GET /favicon.ico HTTP/1.1" 404 3000
INFO 2025-09-19 06:59:43,202 basehttp 543807 139786866128576 "GET /api/face-recognition/ HTTP/1.1" 200 18091
INFO 2025-09-19 06:59:47,443 face_recognition_service 543807 139786866128576 Mock face detection initialized
INFO 2025-09-19 06:59:47,443 face_recognition_service 543807 139786866128576 Image: Test Officer Upload, Similarity: 0.260, Confidence: 0.251
INFO 2025-09-19 06:59:47,444 face_recognition_service 543807 139786866128576 Image: Mr Edwin, Similarity: 0.290, Confidence: 0.296
INFO 2025-09-19 06:59:47,444 face_recognition_service 543807 139786866128576 Image: Mr Alex Owusu, Similarity: 0.130, Confidence: 0.136
INFO 2025-09-19 06:59:47,445 face_recognition_service 543807 139786866128576 Image: Apprehend upon being seen, Similarity: 0.170, Confidence: 0.166
INFO 2025-09-19 06:59:47,447 face_recognition_service 543807 139786866128576 Image: ttt, Similarity: 0.220, Confidence: 0.212
INFO 2025-09-19 06:59:47,449 face_recognition_service 543807 139786866128576 Image: Alex, Similarity: 0.240, Confidence: 0.230
INFO 2025-09-19 06:59:47,450 face_recognition_service 543807 139786866128576 Image: Wanted, Similarity: 0.130, Confidence: 0.131
INFO 2025-09-19 06:59:47,457 basehttp 543807 139786866128576 "POST /api/recognize/ HTTP/1.1" 200 2823
INFO 2025-09-19 07:07:18,101 basehttp 543807 139786866128576 "GET /api/face-recognition/ HTTP/1.1" 200 18091
INFO 2025-09-19 07:12:37,942 basehttp 561072 139953000412864 "GET /api/face-recognition/ HTTP/1.1" 200 18122
INFO 2025-09-19 07:12:54,571 face_recognition_service 561072 139953000412864 Mock face detection initialized
INFO 2025-09-19 07:12:54,571 face_recognition_service 561072 139953000412864 Image: Test Officer Upload, Similarity: 0.230, Confidence: 0.233
INFO 2025-09-19 07:12:54,572 face_recognition_service 561072 139953000412864 Image: Mr Edwin, Similarity: 0.270, Confidence: 0.266
INFO 2025-09-19 07:12:54,572 face_recognition_service 561072 139953000412864 Image: Mr Alex Owusu, Similarity: 0.250, Confidence: 0.255
INFO 2025-09-19 07:12:54,572 face_recognition_service 561072 139953000412864 Image: Apprehend upon being seen, Similarity: 0.210, Confidence: 0.201
INFO 2025-09-19 07:12:54,576 face_recognition_service 561072 139953000412864 Image: ttt, Similarity: 0.240, Confidence: 0.231
INFO 2025-09-19 07:12:54,576 face_recognition_service 561072 139953000412864 Image: Alex, Similarity: 0.120, Confidence: 0.110
INFO 2025-09-19 07:12:54,577 face_recognition_service 561072 139953000412864 Image: Wanted, Similarity: 0.210, Confidence: 0.212
INFO 2025-09-19 07:12:54,579 basehttp 561072 139953000412864 "POST /api/recognize/ HTTP/1.1" 200 2762
INFO 2025-09-19 08:49:13,853 basehttp 18841 139672001967808 "GET /api/face-recognition/ HTTP/1.1" 200 18125
INFO 2025-09-19 08:49:28,571 basehttp 18841 139671993575104 "GET /api/officer-dashboard/ HTTP/1.1" 200 31661
INFO 2025-09-19 08:49:28,711 basehttp 18841 139671993575104 "GET /static/core/js/dashboard.js HTTP/1.1" 304 0
INFO 2025-09-19 08:49:28,994 basehttp 18841 139671993575104 "GET /api/login-page/ HTTP/1.1" 200 7896
INFO 2025-09-19 08:49:36,047 basehttp 18841 139671985182400 "GET /api/login-page/ HTTP/1.1" 200 7896
INFO 2025-09-19 08:49:36,245 basehttp 18841 139671985182400 "GET /static/core/css/login-styles.css HTTP/1.1" 200 19008
INFO 2025-09-19 08:49:36,266 basehttp 18841 139671985182400 "GET /static/core/js/login.js?v=4.0 HTTP/1.1" 200 22402
INFO 2025-09-19 08:49:36,949 basehttp 18841 139671975741120 "GET /api/login-page/ HTTP/1.1" 200 7896
INFO 2025-09-19 08:49:37,079 basehttp 18841 139671975741120 "GET /static/core/css/login-styles.css HTTP/1.1" 200 19008
INFO 2025-09-19 08:49:37,096 basehttp 18841 139671975741120 "GET /static/core/js/login.js?v=4.0 HTTP/1.1" 200 22402
WARNING 2025-09-19 08:49:38,021 log 18841 139671975741120 Not Found: /favicon.ico
WARNING 2025-09-19 08:49:38,029 basehttp 18841 139671975741120 "GET /favicon.ico HTTP/1.1" 404 3000
INFO 2025-09-19 08:49:45,647 basehttp 18841 139671975741120 "POST /api/token/ HTTP/1.1" 200 491
INFO 2025-09-19 08:49:45,741 basehttp 18841 139671975741120 "GET /api/profile/ HTTP/1.1" 200 473
INFO 2025-09-19 08:49:47,345 basehttp 18841 139671975741120 "GET /api/officer-dashboard/ HTTP/1.1" 200 31661
INFO 2025-09-19 08:49:51,949 basehttp 18841 139671975741120 "GET /api/face-recognition/ HTTP/1.1" 200 18125
INFO 2025-09-19 08:50:33,625 basehttp 18841 139671975741120 "GET /api/face-recognition/ HTTP/1.1" 200 18125
INFO 2025-09-19 08:50:33,818 basehttp 18841 139671975741120 "GET /static/core/js/app.js HTTP/1.1" 200 27683
WARNING 2025-09-19 08:50:36,193 log 18841 139671975741120 Not Found: /favicon.ico
WARNING 2025-09-19 08:50:36,196 basehttp 18841 139671975741120 "GET /favicon.ico HTTP/1.1" 404 3000
INFO 2025-09-19 08:50:36,496 basehttp 18841 139672001967808 "GET /api/face-recognition/ HTTP/1.1" 200 18125
INFO 2025-09-19 08:50:36,594 basehttp 18841 139672001967808 "GET /static/core/js/app.js HTTP/1.1" 200 27683
INFO 2025-09-19 08:50:37,382 basehttp 18841 139671953729216 "GET /api/face-recognition/ HTTP/1.1" 200 18125
INFO 2025-09-19 08:50:37,595 basehttp 18841 139671985182400 "GET /api/face-recognition/ HTTP/1.1" 200 18125
INFO 2025-09-19 08:50:37,673 basehttp 18841 139671985182400 "GET /static/core/js/app.js HTTP/1.1" 200 27683
WARNING 2025-09-19 08:50:43,573 log 18841 139671985182400 Not Found: /favicon.ico
WARNING 2025-09-19 08:50:43,574 basehttp 18841 139671985182400 "GET /favicon.ico HTTP/1.1" 404 3000
INFO 2025-09-19 08:50:49,971 basehttp 18841 139671985182400 "GET /api/officer-dashboard/ HTTP/1.1" 200 31661
INFO 2025-09-19 08:50:58,995 basehttp 18841 139671985182400 "GET /api/login-page/ HTTP/1.1" 200 7896
INFO 2025-09-19 08:51:05,536 basehttp 18841 139671985182400 "POST /api/token/ HTTP/1.1" 200 491
INFO 2025-09-19 08:51:05,625 basehttp 18841 139671985182400 "GET /api/profile/ HTTP/1.1" 200 473
INFO 2025-09-19 08:51:07,314 basehttp 18841 139671985182400 "GET /api/officer-dashboard/ HTTP/1.1" 200 31661
INFO 2025-09-19 08:51:12,013 basehttp 18841 139671985182400 "GET /api/face-recognition/ HTTP/1.1" 200 18125
INFO 2025-09-19 08:52:34,455 basehttp 23707 139726343370432 "GET /api/face-recognition/ HTTP/1.1" 200 18128
INFO 2025-09-19 08:52:37,259 basehttp 23707 139726343370432 "GET /api/face-recognition/ HTTP/1.1" 200 18128
INFO 2025-09-19 08:52:58,212 basehttp 23707 139726343370432 "GET /api/face-recognition/ HTTP/1.1" 200 18128
INFO 2025-09-19 08:53:38,969 basehttp 23707 139726343370432 "GET /api/officer-dashboard/ HTTP/1.1" 200 31661
INFO 2025-09-19 08:53:44,022 basehttp 23707 139726343370432 "GET /api/image-upload/ HTTP/1.1" 200 19865
INFO 2025-09-19 08:53:44,301 basehttp 23707 139726343370432 "GET /static/core/js/image-upload.js HTTP/1.1" 304 0
INFO 2025-09-19 08:53:44,442 basehttp 23707 139726343370432 "GET /api/images/?page=1&page_size=12 HTTP/1.1" 200 1404
INFO 2025-09-19 08:53:44,471 basehttp 23707 139726343370432 "GET /media/uploads/images/2025/09/19/test_image.jpg HTTP/1.1" 304 0
INFO 2025-09-19 09:03:40,217 basehttp 23707 139726343370432 "GET /api/images/?page=1&page_size=12 HTTP/1.1" 200 1404
INFO 2025-09-19 09:03:41,236 basehttp 23707 139726343370432 "GET /api/images/?page=1&page_size=12 HTTP/1.1" 200 1404
INFO 2025-09-19 09:03:44,795 basehttp 23707 139726343370432 "GET /api/image-upload/ HTTP/1.1" 200 19865
INFO 2025-09-19 09:03:44,988 basehttp 23707 139726343370432 "GET /api/images/?page=1&page_size=12 HTTP/1.1" 200 1404
INFO 2025-09-19 09:03:52,148 basehttp 23707 139726343370432 "GET /api/admin-dashboard/ HTTP/1.1" 200 63402
INFO 2025-09-19 09:03:56,150 basehttp 23707 139726343370432 "GET /api/image-management/ HTTP/1.1" 200 16705
INFO 2025-09-19 09:03:56,486 basehttp 23707 139726343370432 "GET /api/images/?page=1&page_size=12 HTTP/1.1" 200 1404
INFO 2025-09-19 09:03:56,495 basehttp 23707 139726329738944 "GET /api/images/ HTTP/1.1" 200 1404
INFO 2025-09-19 09:03:58,617 basehttp 23707 139726329738944 "GET /api/images/ HTTP/1.1" 200 1404
INFO 2025-09-19 09:03:58,622 basehttp 23707 139726343370432 "GET /api/images/?page=1&page_size=12 HTTP/1.1" 200 1404
INFO 2025-09-19 09:03:59,415 basehttp 23707 139726329738944 "GET /api/images/ HTTP/1.1" 200 1404
INFO 2025-09-19 09:03:59,417 basehttp 23707 139726343370432 "GET /api/images/?page=1&page_size=12 HTTP/1.1" 200 1404
INFO 2025-09-19 09:04:00,072 basehttp 23707 139726343370432 "GET /api/images/?page=1&page_size=12 HTTP/1.1" 200 1404
INFO 2025-09-19 09:04:00,074 basehttp 23707 139726329738944 "GET /api/images/ HTTP/1.1" 200 1404
INFO 2025-09-19 09:04:01,432 basehttp 23707 139726343370432 "GET /api/image-upload/ HTTP/1.1" 200 19865
INFO 2025-09-19 09:04:01,661 basehttp 23707 139726329738944 "GET /api/images/?page=1&page_size=12 HTTP/1.1" 200 1404
INFO 2025-09-19 09:04:36,298 basehttp 32211 140331278399168 "GET /api/image-upload/ HTTP/1.1" 200 19865
INFO 2025-09-19 09:04:36,511 basehttp 32211 140331278399168 "GET /api/images/?page=1&page_size=12 HTTP/1.1" 200 1404
INFO 2025-09-19 09:04:37,710 basehttp 32211 140331278399168 "GET /api/image-upload/ HTTP/1.1" 200 19865
INFO 2025-09-19 09:04:37,868 basehttp 32211 140331278399168 "GET /api/images/?page=1&page_size=12 HTTP/1.1" 200 1404
INFO 2025-09-19 09:04:53,335 basehttp 32211 140331278399168 "GET /api/admin-dashboard/ HTTP/1.1" 200 63402
INFO 2025-09-19 09:04:58,277 basehttp 32211 140331278399168 "GET /api/login-page/ HTTP/1.1" 200 7896
INFO 2025-09-19 09:05:03,888 basehttp 32211 140331278399168 "POST /api/token/ HTTP/1.1" 200 491
INFO 2025-09-19 09:05:03,964 basehttp 32211 140331278399168 "GET /api/profile/ HTTP/1.1" 200 473
INFO 2025-09-19 09:05:05,577 basehttp 32211 140331278399168 "GET /api/officer-dashboard/ HTTP/1.1" 200 31661
INFO 2025-09-19 09:05:10,367 basehttp 32211 140331278399168 "GET /api/image-upload/ HTTP/1.1" 200 19865
INFO 2025-09-19 09:05:10,678 basehttp 32211 140331278399168 "GET /api/images/?page=1&page_size=12 HTTP/1.1" 200 1404
INFO 2025-09-19 09:05:43,591 basehttp 32211 140331278399168 "POST /api/upload-image/ HTTP/1.1" 200 472
INFO 2025-09-19 09:05:43,643 basehttp 32211 140331278399168 "GET /api/images/?page=1&page_size=12 HTTP/1.1" 200 1833
INFO 2025-09-19 09:05:43,708 basehttp 32211 140331278399168 "GET /media/uploads/images/2025/09/19/RUID84f658ada43249d8a21d88f00a20d3c3.jpg HTTP/1.1" 200 49509
INFO 2025-09-19 09:06:09,925 basehttp 32211 140331278399168 "POST /api/upload-image/ HTTP/1.1" 200 469
INFO 2025-09-19 09:06:09,995 basehttp 32211 140331278399168 "GET /api/images/?page=1&page_size=12 HTTP/1.1" 200 2259
INFO 2025-09-19 09:06:10,051 basehttp 32211 140331278399168 "GET /media/uploads/images/2025/09/19/RUIDffaec4affa424babbb65b8812450e7e6.jpg HTTP/1.1" 200 162606
INFO 2025-09-19 09:06:28,291 basehttp 32211 140331278399168 "POST /api/upload-image/ HTTP/1.1" 200 473
INFO 2025-09-19 09:06:28,362 basehttp 32211 140331278399168 "GET /api/images/?page=1&page_size=12 HTTP/1.1" 200 2689
INFO 2025-09-19 09:06:28,421 basehttp 32211 140331278399168 "GET /media/uploads/images/2025/09/19/RUID0bbd44491e394716a8fc61fe538cf649.jpg HTTP/1.1" 200 217569
INFO 2025-09-19 09:06:47,488 basehttp 32211 140331278399168 "POST /api/upload-image/ HTTP/1.1" 200 465
INFO 2025-09-19 09:06:47,549 basehttp 32211 140331278399168 "GET /api/images/?page=1&page_size=12 HTTP/1.1" 200 3111
INFO 2025-09-19 09:06:47,617 basehttp 32211 140331278399168 "GET /media/uploads/images/2025/09/19/RUID5ed73381f4594a31ba91025fc322ff75.jpg HTTP/1.1" 200 61624
INFO 2025-09-19 09:07:08,261 basehttp 32211 140331278399168 "POST /api/upload-image/ HTTP/1.1" 200 473
INFO 2025-09-19 09:07:08,334 basehttp 32211 140331278399168 "GET /api/images/?page=1&page_size=12 HTTP/1.1" 200 3541
INFO 2025-09-19 09:07:08,415 basehttp 32211 140331278399168 "GET /media/uploads/images/2025/09/19/RUID1f1a436d84104fbcb5436b83ee3baebe.jpg HTTP/1.1" 200 115308
INFO 2025-09-19 09:07:22,164 basehttp 32211 140331278399168 "POST /api/upload-image/ HTTP/1.1" 200 468
INFO 2025-09-19 09:07:22,236 basehttp 32211 140331278399168 "GET /api/images/?page=1&page_size=12 HTTP/1.1" 200 3966
INFO 2025-09-19 09:07:22,313 basehttp 32211 140331278399168 "GET /media/uploads/images/2025/09/19/RUID9e8e16cc0628400688bfb9a7d8dd86ac.jpg HTTP/1.1" 200 70690
INFO 2025-09-19 09:07:36,981 basehttp 32211 140331278399168 "POST /api/upload-image/ HTTP/1.1" 200 469
INFO 2025-09-19 09:07:37,070 basehttp 32211 140331278399168 "GET /api/images/?page=1&page_size=12 HTTP/1.1" 200 4393
INFO 2025-09-19 09:07:37,150 basehttp 32211 140331278399168 "GET /media/uploads/images/2025/09/19/RUID99bc0d893c01438499e419feae507d8b.jpg HTTP/1.1" 200 122546
INFO 2025-09-19 09:07:50,711 basehttp 32211 140331278399168 "POST /api/upload-image/ HTTP/1.1" 200 466
INFO 2025-09-19 09:07:50,816 basehttp 32211 140331278399168 "GET /api/images/?page=1&page_size=12 HTTP/1.1" 200 4816
INFO 2025-09-19 09:07:50,905 basehttp 32211 140331278399168 "GET /media/uploads/images/2025/09/19/RUID9efae9dde35e4be1877ac90dc6646ae7.jpg HTTP/1.1" 200 169881
INFO 2025-09-19 09:08:12,738 basehttp 32211 140331278399168 "POST /api/upload-image/ HTTP/1.1" 200 469
INFO 2025-09-19 09:08:12,825 basehttp 32211 140331278399168 "GET /api/images/?page=1&page_size=12 HTTP/1.1" 200 5242
INFO 2025-09-19 09:08:12,890 basehttp 32211 140331278399168 "GET /media/uploads/images/2025/09/19/RUID07dd87ef3ff24023bf378ab17ed51692.jpg HTTP/1.1" 200 212565
INFO 2025-09-19 09:08:29,740 basehttp 32211 140331278399168 "POST /api/upload-image/ HTTP/1.1" 200 469
INFO 2025-09-19 09:08:29,825 basehttp 32211 140331278399168 "GET /api/images/?page=1&page_size=12 HTTP/1.1" 200 5216
INFO 2025-09-19 09:08:29,889 basehttp 32211 140331278399168 "GET /media/uploads/images/2025/09/19/RUID7cfb20ae9cd5440fb5c84880b922eb00.jpg HTTP/1.1" 200 129572
INFO 2025-09-19 09:08:45,093 basehttp 32211 140331278399168 "POST /api/upload-image/ HTTP/1.1" 200 467
INFO 2025-09-19 09:08:45,162 basehttp 32211 140331278399168 "GET /api/images/?page=1&page_size=12 HTTP/1.1" 200 5223
INFO 2025-09-19 09:08:45,290 basehttp 32211 140331278399168 "GET /media/uploads/images/2025/09/19/RUID30a34535e4a6462fa3b0410cfea02c74.jpg HTTP/1.1" 200 21369
INFO 2025-09-19 09:09:03,611 basehttp 32211 140331278399168 "POST /api/upload-image/ HTTP/1.1" 200 469
INFO 2025-09-19 09:09:03,709 basehttp 32211 140331278399168 "GET /api/images/?page=1&page_size=12 HTTP/1.1" 200 5177
INFO 2025-09-19 09:09:03,791 basehttp 32211 140331278399168 "GET /media/uploads/images/2025/09/19/RUID675d58be7de949fa9c7822a93f991d09.jpg HTTP/1.1" 200 115470
INFO 2025-09-19 09:09:16,354 basehttp 32211 140331278399168 "GET / HTTP/1.1" 302 0
INFO 2025-09-19 09:09:16,395 basehttp 32211 140331278399168 "GET /api/login-page/ HTTP/1.1" 200 7896
INFO 2025-09-19 09:09:25,235 basehttp 32211 140331278399168 "POST /api/token/ HTTP/1.1" 200 491
INFO 2025-09-19 09:09:25,283 basehttp 32211 140331278399168 "GET /api/profile/ HTTP/1.1" 200 479
INFO 2025-09-19 09:09:26,966 basehttp 32211 140331278399168 "GET /api/admin-dashboard/ HTTP/1.1" 200 63402
INFO 2025-09-19 09:09:27,204 basehttp 32211 140331278399168 "GET /static/core/js/dashboard.js HTTP/1.1" 304 0
INFO 2025-09-19 09:09:30,572 basehttp 32211 140331278399168 "GET /api/image-management/ HTTP/1.1" 200 16705
INFO 2025-09-19 09:09:30,881 basehttp 32211 140331278399168 "GET /api/images/?page=1&page_size=12 HTTP/1.1" 200 5177
INFO 2025-09-19 09:09:30,892 basehttp 32211 140331261621952 "GET /api/images/ HTTP/1.1" 200 5177
INFO 2025-09-19 09:09:30,899 basehttp 32211 140331261621952 "GET /media/uploads/images/2025/09/19/RUID675d58be7de949fa9c7822a93f991d09.jpg HTTP/1.1" 304 0
INFO 2025-09-19 09:09:30,910 basehttp 32211 140331278399168 "GET /media/uploads/images/2025/09/19/RUID30a34535e4a6462fa3b0410cfea02c74.jpg HTTP/1.1" 304 0
INFO 2025-09-19 09:09:30,917 basehttp 32211 140331253229248 "GET /media/uploads/images/2025/09/19/RUID7cfb20ae9cd5440fb5c84880b922eb00.jpg HTTP/1.1" 304 0
INFO 2025-09-19 09:09:30,922 basehttp 32211 140331244836544 "GET /media/uploads/images/2025/09/19/RUID07dd87ef3ff24023bf378ab17ed51692.jpg HTTP/1.1" 304 0
INFO 2025-09-19 09:09:30,931 basehttp 32211 140331253229248 "GET /media/uploads/images/2025/09/19/RUID9efae9dde35e4be1877ac90dc6646ae7.jpg HTTP/1.1" 304 0
INFO 2025-09-19 09:09:30,939 basehttp 32211 140331244836544 "GET /media/uploads/images/2025/09/19/RUID99bc0d893c01438499e419feae507d8b.jpg HTTP/1.1" 304 0
INFO 2025-09-19 09:09:30,941 basehttp 32211 140331236443840 "GET /media/uploads/images/2025/09/19/RUID9e8e16cc0628400688bfb9a7d8dd86ac.jpg HTTP/1.1" 304 0
INFO 2025-09-19 09:09:30,944 basehttp 32211 140331228051136 "GET /media/uploads/images/2025/09/19/RUID1f1a436d84104fbcb5436b83ee3baebe.jpg HTTP/1.1" 304 0
INFO 2025-09-19 09:09:30,950 basehttp 32211 140331261621952 "GET /media/uploads/images/2025/09/19/RUID5ed73381f4594a31ba91025fc322ff75.jpg HTTP/1.1" 304 0
INFO 2025-09-19 09:09:30,970 basehttp 32211 140331236443840 "GET /media/uploads/images/2025/09/19/RUID0bbd44491e394716a8fc61fe538cf649.jpg HTTP/1.1" 304 0
INFO 2025-09-19 09:09:30,978 basehttp 32211 140331228051136 "GET /media/uploads/images/2025/09/19/RUIDffaec4affa424babbb65b8812450e7e6.jpg HTTP/1.1" 304 0
INFO 2025-09-19 09:09:30,962 basehttp 32211 140331278399168 "GET /media/uploads/images/2025/09/19/RUID84f658ada43249d8a21d88f00a20d3c3.jpg HTTP/1.1" 304 0
INFO 2025-09-19 09:09:38,083 basehttp 32211 140331278399168 "GET /api/image-upload/ HTTP/1.1" 200 19865
INFO 2025-09-19 09:09:38,317 basehttp 32211 140331261621952 "GET /api/images/?page=1&page_size=12 HTTP/1.1" 200 5177
INFO 2025-09-19 09:09:38,333 basehttp 32211 140331261621952 "GET /media/uploads/images/2025/09/19/RUID675d58be7de949fa9c7822a93f991d09.jpg HTTP/1.1" 304 0
INFO 2025-09-19 09:09:38,343 basehttp 32211 140331253229248 "GET /media/uploads/images/2025/09/19/RUID30a34535e4a6462fa3b0410cfea02c74.jpg HTTP/1.1" 304 0
INFO 2025-09-19 09:09:38,346 basehttp 32211 140331244836544 "GET /media/uploads/images/2025/09/19/RUID7cfb20ae9cd5440fb5c84880b922eb00.jpg HTTP/1.1" 304 0
INFO 2025-09-19 09:09:38,352 basehttp 32211 140331236443840 "GET /media/uploads/images/2025/09/19/RUID07dd87ef3ff24023bf378ab17ed51692.jpg HTTP/1.1" 304 0
INFO 2025-09-19 09:10:00,149 basehttp 32211 140331278399168 "POST /api/upload-image/ HTTP/1.1" 200 469
INFO 2025-09-19 09:10:00,226 basehttp 32211 140331261621952 "GET /api/images/?page=1&page_size=12 HTTP/1.1" 200 5174
INFO 2025-09-19 09:10:00,246 basehttp 32211 140331261621952 "GET /media/uploads/images/2025/09/19/RUID96301e53345e4bd49f387647095ef867.jpg HTTP/1.1" 200 42704
INFO 2025-09-19 09:10:00,266 basehttp 32211 140331253229248 "GET /media/uploads/images/2025/09/19/RUID99bc0d893c01438499e419feae507d8b.jpg HTTP/1.1" 304 0
INFO 2025-09-19 09:10:00,268 basehttp 32211 140331228051136 "GET /media/uploads/images/2025/09/19/RUID9efae9dde35e4be1877ac90dc6646ae7.jpg HTTP/1.1" 304 0
INFO 2025-09-19 09:10:00,275 basehttp 32211 140331244836544 "GET /media/uploads/images/2025/09/19/RUID9e8e16cc0628400688bfb9a7d8dd86ac.jpg HTTP/1.1" 304 0
INFO 2025-09-19 09:10:00,278 basehttp 32211 140331236443840 "GET /media/uploads/images/2025/09/19/RUID1f1a436d84104fbcb5436b83ee3baebe.jpg HTTP/1.1" 304 0
INFO 2025-09-19 09:10:00,306 basehttp 32211 140331253229248 "GET /media/uploads/images/2025/09/19/RUID0bbd44491e394716a8fc61fe538cf649.jpg HTTP/1.1" 304 0
INFO 2025-09-19 09:10:00,313 basehttp 32211 140331244836544 "GET /media/uploads/images/2025/09/19/RUIDffaec4affa424babbb65b8812450e7e6.jpg HTTP/1.1" 304 0
INFO 2025-09-19 09:10:00,313 basehttp 32211 140331228051136 "GET /media/uploads/images/2025/09/19/RUID5ed73381f4594a31ba91025fc322ff75.jpg HTTP/1.1" 304 0
INFO 2025-09-19 09:10:22,014 basehttp 32211 140331278399168 "POST /api/upload-image/ HTTP/1.1" 200 471
INFO 2025-09-19 09:10:22,106 basehttp 32211 140331261621952 "GET /api/images/?page=1&page_size=12 HTTP/1.1" 200 5176
INFO 2025-09-19 09:10:22,123 basehttp 32211 140331261621952 "GET /media/uploads/images/2025/09/19/RUID68939cf387f847e4a75c23dc75dd9022.jpg HTTP/1.1" 200 81194
INFO 2025-09-19 09:10:25,558 basehttp 32211 140331278399168 "GET /api/image-upload/ HTTP/1.1" 200 19865
INFO 2025-09-19 09:10:25,774 basehttp 32211 140331261621952 "GET /api/images/?page=1&page_size=12 HTTP/1.1" 200 5176
INFO 2025-09-19 09:10:25,795 basehttp 32211 140331261621952 "GET /media/uploads/images/2025/09/19/RUID68939cf387f847e4a75c23dc75dd9022.jpg HTTP/1.1" 304 0
INFO 2025-09-19 09:10:25,800 basehttp 32211 140331236443840 "GET /media/uploads/images/2025/09/19/RUID96301e53345e4bd49f387647095ef867.jpg HTTP/1.1" 304 0
INFO 2025-09-19 09:10:25,811 basehttp 32211 140331228051136 "GET /media/uploads/images/2025/09/19/RUID675d58be7de949fa9c7822a93f991d09.jpg HTTP/1.1" 304 0
INFO 2025-09-19 09:10:25,819 basehttp 32211 140331253229248 "GET /media/uploads/images/2025/09/19/RUID30a34535e4a6462fa3b0410cfea02c74.jpg HTTP/1.1" 304 0
INFO 2025-09-19 09:10:25,850 basehttp 32211 140331261621952 "GET /media/uploads/images/2025/09/19/RUID07dd87ef3ff24023bf378ab17ed51692.jpg HTTP/1.1" 304 0
INFO 2025-09-19 09:10:25,852 basehttp 32211 140331244836544 "GET /media/uploads/images/2025/09/19/RUID7cfb20ae9cd5440fb5c84880b922eb00.jpg HTTP/1.1" 304 0
INFO 2025-09-19 09:10:25,854 basehttp 32211 140331228051136 "GET /media/uploads/images/2025/09/19/RUID99bc0d893c01438499e419feae507d8b.jpg HTTP/1.1" 304 0
INFO 2025-09-19 09:10:25,855 basehttp 32211 140331236443840 "GET /media/uploads/images/2025/09/19/RUID9efae9dde35e4be1877ac90dc6646ae7.jpg HTTP/1.1" 304 0
INFO 2025-09-19 09:10:25,860 basehttp 32211 140331253229248 "GET /media/uploads/images/2025/09/19/RUID9e8e16cc0628400688bfb9a7d8dd86ac.jpg HTTP/1.1" 304 0
INFO 2025-09-19 09:10:25,865 basehttp 32211 140331278399168 "GET /media/uploads/images/2025/09/19/RUID1f1a436d84104fbcb5436b83ee3baebe.jpg HTTP/1.1" 304 0
INFO 2025-09-19 09:10:25,900 basehttp 32211 140331228051136 "GET /media/uploads/images/2025/09/19/RUID0bbd44491e394716a8fc61fe538cf649.jpg HTTP/1.1" 304 0
INFO 2025-09-19 09:10:25,904 basehttp 32211 140331244836544 "GET /media/uploads/images/2025/09/19/RUID5ed73381f4594a31ba91025fc322ff75.jpg HTTP/1.1" 304 0
INFO 2025-09-19 09:10:48,518 basehttp 32211 140331278399168 "POST /api/upload-image/ HTTP/1.1" 200 470
INFO 2025-09-19 09:10:48,582 basehttp 32211 140331261621952 "GET /api/images/?page=1&page_size=12 HTTP/1.1" 200 5173
INFO 2025-09-19 09:10:48,600 basehttp 32211 140331261621952 "GET /media/uploads/images/2025/09/19/RUID178e4cc9713848e396f3425a4bdb9233.jpg HTTP/1.1" 200 70299
INFO 2025-09-19 09:11:06,725 basehttp 32211 140331278399168 "POST /api/upload-image/ HTTP/1.1" 200 469
INFO 2025-09-19 09:11:06,816 basehttp 32211 140331261621952 "GET /api/images/?page=1&page_size=12 HTTP/1.1" 200 5177
INFO 2025-09-19 09:11:06,877 basehttp 32211 140331261621952 "GET /media/uploads/images/2025/09/19/RUID2a7ab36000af4d4ab6a536afe6b48788.jpg HTTP/1.1" 200 152989
INFO 2025-09-19 09:11:11,838 basehttp 32211 140331278399168 "GET /api/images/?page=1&page_size=12 HTTP/1.1" 200 5177
INFO 2025-09-19 09:11:11,849 basehttp 32211 140331261621952 "GET /media/uploads/images/2025/09/19/RUID2a7ab36000af4d4ab6a536afe6b48788.jpg HTTP/1.1" 304 0
INFO 2025-09-19 09:11:11,851 basehttp 32211 140331236443840 "GET /media/uploads/images/2025/09/19/RUID178e4cc9713848e396f3425a4bdb9233.jpg HTTP/1.1" 304 0
INFO 2025-09-19 09:11:39,489 basehttp 32211 140331278399168 "POST /api/upload-image/ HTTP/1.1" 200 470
INFO 2025-09-19 09:11:39,572 basehttp 32211 140331261621952 "GET /api/images/?page=1&page_size=12 HTTP/1.1" 200 5174
INFO 2025-09-19 09:11:39,591 basehttp 32211 140331261621952 "GET /media/uploads/images/2025/09/19/RUID247b98d0660e4465811c60fc9f2e7054.jpg HTTP/1.1" 200 239831
INFO 2025-09-19 09:11:45,589 basehttp 32211 140331261621952 "GET /api/images/?page=1&page_size=12 HTTP/1.1" 200 5174
INFO 2025-09-19 09:11:45,600 basehttp 32211 140331261621952 "GET /media/uploads/images/2025/09/19/RUID247b98d0660e4465811c60fc9f2e7054.jpg HTTP/1.1" 304 0
INFO 2025-09-19 09:11:50,275 basehttp 32211 140331261621952 "GET /api/images/?page=1&page_size=12 HTTP/1.1" 200 5174
INFO 2025-09-19 09:11:54,042 basehttp 32211 140331261621952 "GET /api/admin-dashboard/ HTTP/1.1" 200 63402
INFO 2025-09-19 09:11:57,720 basehttp 32211 140331261621952 "GET /api/image-management/ HTTP/1.1" 200 16705
INFO 2025-09-19 09:11:58,024 basehttp 32211 140331261621952 "GET /api/images/?page=1&page_size=12 HTTP/1.1" 200 5174
INFO 2025-09-19 09:11:58,038 basehttp 32211 140331253229248 "GET /api/images/ HTTP/1.1" 200 5174
INFO 2025-09-19 09:11:58,042 basehttp 32211 140331261621952 "GET /media/uploads/images/2025/09/19/RUID247b98d0660e4465811c60fc9f2e7054.jpg HTTP/1.1" 304 0
INFO 2025-09-19 09:11:58,048 basehttp 32211 140331253229248 "GET /media/uploads/images/2025/09/19/RUID2a7ab36000af4d4ab6a536afe6b48788.jpg HTTP/1.1" 304 0
INFO 2025-09-19 09:11:58,075 basehttp 32211 140331236443840 "GET /media/uploads/images/2025/09/19/RUID96301e53345e4bd49f387647095ef867.jpg HTTP/1.1" 304 0
INFO 2025-09-19 09:11:58,092 basehttp 32211 140331278399168 "GET /media/uploads/images/2025/09/19/RUID675d58be7de949fa9c7822a93f991d09.jpg HTTP/1.1" 304 0
INFO 2025-09-19 09:11:58,093 basehttp 32211 140331228051136 "GET /media/uploads/images/2025/09/19/RUID178e4cc9713848e396f3425a4bdb9233.jpg HTTP/1.1" 304 0
INFO 2025-09-19 09:11:58,113 basehttp 32211 140331261621952 "GET /media/uploads/images/2025/09/19/RUID7cfb20ae9cd5440fb5c84880b922eb00.jpg HTTP/1.1" 304 0
INFO 2025-09-19 09:11:58,135 basehttp 32211 140331236443840 "GET /media/uploads/images/2025/09/19/RUID30a34535e4a6462fa3b0410cfea02c74.jpg HTTP/1.1" 304 0
INFO 2025-09-19 09:11:58,117 basehttp 32211 140331253229248 "GET /media/uploads/images/2025/09/19/RUID99bc0d893c01438499e419feae507d8b.jpg HTTP/1.1" 304 0
INFO 2025-09-19 09:11:58,118 basehttp 32211 140331244836544 "GET /media/uploads/images/2025/09/19/RUID68939cf387f847e4a75c23dc75dd9022.jpg HTTP/1.1" 304 0
INFO 2025-09-19 09:11:58,141 basehttp 32211 140331228051136 "GET /media/uploads/images/2025/09/19/RUID9efae9dde35e4be1877ac90dc6646ae7.jpg HTTP/1.1" 304 0
INFO 2025-09-19 09:11:58,134 basehttp 32211 140331278399168 "GET /media/uploads/images/2025/09/19/RUID07dd87ef3ff24023bf378ab17ed51692.jpg HTTP/1.1" 304 0
INFO 2025-09-19 09:11:58,158 basehttp 32211 140331244836544 "GET /media/uploads/images/2025/09/19/RUID9e8e16cc0628400688bfb9a7d8dd86ac.jpg HTTP/1.1" 304 0
INFO 2025-09-19 09:12:05,285 basehttp 32211 140331261621952 "GET /api/images/?page=2&page_size=12 HTTP/1.1" 200 5209
INFO 2025-09-19 09:12:05,297 basehttp 32211 140331261621952 "GET /media/uploads/images/2025/09/19/RUID1f1a436d84104fbcb5436b83ee3baebe.jpg HTTP/1.1" 304 0
INFO 2025-09-19 09:12:05,305 basehttp 32211 140331253229248 "GET /media/uploads/images/2025/09/19/RUID5ed73381f4594a31ba91025fc322ff75.jpg HTTP/1.1" 304 0
INFO 2025-09-19 09:12:05,318 basehttp 32211 140331253229248 "GET /media/uploads/images/2025/09/19/RUID0bbd44491e394716a8fc61fe538cf649.jpg HTTP/1.1" 304 0
INFO 2025-09-19 09:12:05,329 basehttp 32211 140331228051136 "GET /media/uploads/images/2025/09/19/RUIDffaec4affa424babbb65b8812450e7e6.jpg HTTP/1.1" 304 0
INFO 2025-09-19 09:12:05,329 basehttp 32211 140331236443840 "GET /media/uploads/images/2025/09/19/test_image.jpg HTTP/1.1" 304 0
INFO 2025-09-19 09:12:05,333 basehttp 32211 140331244836544 "GET /media/uploads/images/2025/09/19/RUID84f658ada43249d8a21d88f00a20d3c3.jpg HTTP/1.1" 304 0
INFO 2025-09-19 09:12:10,387 basehttp 32211 140331261621952 "GET /api/images/?page=1&page_size=12 HTTP/1.1" 200 5174
INFO 2025-09-19 09:12:19,845 basehttp 32211 140331261621952 "GET /api/images/?page=2&page_size=12 HTTP/1.1" 200 5209
INFO 2025-09-19 09:12:29,731 basehttp 32211 140331261621952 "GET /api/image-management/ HTTP/1.1" 200 16705
INFO 2025-09-19 09:12:29,965 basehttp 32211 140331253229248 "GET /api/images/ HTTP/1.1" 200 5174
INFO 2025-09-19 09:12:29,969 basehttp 32211 140331261621952 "GET /api/images/?page=1&page_size=12 HTTP/1.1" 200 5174
INFO 2025-09-19 09:12:29,991 basehttp 32211 140331261621952 "GET /media/uploads/images/2025/09/19/RUID247b98d0660e4465811c60fc9f2e7054.jpg HTTP/1.1" 304 0
INFO 2025-09-19 09:12:30,030 basehttp 32211 140331228051136 "GET /media/uploads/images/2025/09/19/RUID9efae9dde35e4be1877ac90dc6646ae7.jpg HTTP/1.1" 304 0
INFO 2025-09-19 09:12:30,037 basehttp 32211 140331228051136 "GET /media/uploads/images/2025/09/19/RUID96301e53345e4bd49f387647095ef867.jpg HTTP/1.1" 304 0
INFO 2025-09-19 09:12:30,033 basehttp 32211 140331278399168 "GET /media/uploads/images/2025/09/19/RUID178e4cc9713848e396f3425a4bdb9233.jpg HTTP/1.1" 304 0
INFO 2025-09-19 09:12:30,044 basehttp 32211 140331261621952 "GET /media/uploads/images/2025/09/19/RUID675d58be7de949fa9c7822a93f991d09.jpg HTTP/1.1" 304 0
INFO 2025-09-19 09:12:30,034 basehttp 32211 140331236443840 "GET /media/uploads/images/2025/09/19/RUID99bc0d893c01438499e419feae507d8b.jpg HTTP/1.1" 304 0
INFO 2025-09-19 09:12:30,032 basehttp 32211 140331253229248 "GET /media/uploads/images/2025/09/19/RUID07dd87ef3ff24023bf378ab17ed51692.jpg HTTP/1.1" 304 0
INFO 2025-09-19 09:12:30,034 basehttp 32211 140331244836544 "GET /media/uploads/images/2025/09/19/RUID2a7ab36000af4d4ab6a536afe6b48788.jpg HTTP/1.1" 304 0
INFO 2025-09-19 09:12:30,054 basehttp 32211 140331236443840 "GET /media/uploads/images/2025/09/19/RUID30a34535e4a6462fa3b0410cfea02c74.jpg HTTP/1.1" 304 0
INFO 2025-09-19 09:12:30,070 basehttp 32211 140331253229248 "GET /media/uploads/images/2025/09/19/RUID68939cf387f847e4a75c23dc75dd9022.jpg HTTP/1.1" 304 0
INFO 2025-09-19 09:12:30,077 basehttp 32211 140331278399168 "GET /media/uploads/images/2025/09/19/RUID7cfb20ae9cd5440fb5c84880b922eb00.jpg HTTP/1.1" 304 0
INFO 2025-09-19 09:12:30,088 basehttp 32211 140331244836544 "GET /media/uploads/images/2025/09/19/RUID9e8e16cc0628400688bfb9a7d8dd86ac.jpg HTTP/1.1" 304 0
INFO 2025-09-19 09:12:31,046 basehttp 32211 140331261621952 "GET /api/image-management/ HTTP/1.1" 200 16705
INFO 2025-09-19 09:12:31,249 basehttp 32211 140331253229248 "GET /api/images/ HTTP/1.1" 200 5174
INFO 2025-09-19 09:12:31,257 basehttp 32211 140331261621952 "GET /api/images/?page=1&page_size=12 HTTP/1.1" 200 5174
INFO 2025-09-19 09:12:40,460 basehttp 32211 140331261621952 "GET /api/images/?page=2&page_size=12 HTTP/1.1" 200 5209
INFO 2025-09-19 09:12:40,480 basehttp 32211 140331261621952 "GET /media/uploads/images/2025/09/19/RUID1f1a436d84104fbcb5436b83ee3baebe.jpg HTTP/1.1" 304 0
INFO 2025-09-19 09:12:40,486 basehttp 32211 140331253229248 "GET /media/uploads/images/2025/09/19/RUID5ed73381f4594a31ba91025fc322ff75.jpg HTTP/1.1" 304 0
INFO 2025-09-19 09:12:40,490 basehttp 32211 140331253229248 "GET /media/uploads/images/2025/09/19/RUID0bbd44491e394716a8fc61fe538cf649.jpg HTTP/1.1" 304 0
INFO 2025-09-19 09:12:40,492 basehttp 32211 140331228051136 "GET /media/uploads/images/2025/09/19/RUIDffaec4affa424babbb65b8812450e7e6.jpg HTTP/1.1" 304 0
INFO 2025-09-19 09:12:55,717 basehttp 32211 140331278399168 "GET /api/images/ HTTP/1.1" 200 5174
INFO 2025-09-19 09:12:55,721 basehttp 32211 140331261621952 "GET /api/images/?page=1&page_size=12 HTTP/1.1" 200 5174
INFO 2025-09-19 09:13:02,632 basehttp 32211 140331261621952 "GET /api/image-management/ HTTP/1.1" 200 16705
INFO 2025-09-19 09:13:02,886 basehttp 32211 140331261621952 "GET /api/images/?page=1&page_size=12 HTTP/1.1" 200 5174
INFO 2025-09-19 09:13:02,886 basehttp 32211 140331253229248 "GET /api/images/ HTTP/1.1" 200 5174
INFO 2025-09-19 09:13:02,910 basehttp 32211 140331261621952 "GET /media/uploads/images/2025/09/19/RUID247b98d0660e4465811c60fc9f2e7054.jpg HTTP/1.1" 304 0
INFO 2025-09-19 09:13:02,913 basehttp 32211 140331236443840 "GET /media/uploads/images/2025/09/19/RUID178e4cc9713848e396f3425a4bdb9233.jpg HTTP/1.1" 304 0
INFO 2025-09-19 09:13:02,915 basehttp 32211 140331253229248 "GET /media/uploads/images/2025/09/19/RUID2a7ab36000af4d4ab6a536afe6b48788.jpg HTTP/1.1" 304 0
INFO 2025-09-19 09:13:02,925 basehttp 32211 140331244836544 "GET /media/uploads/images/2025/09/19/RUID68939cf387f847e4a75c23dc75dd9022.jpg HTTP/1.1" 304 0
INFO 2025-09-19 09:13:02,931 basehttp 32211 140331228051136 "GET /media/uploads/images/2025/09/19/RUID96301e53345e4bd49f387647095ef867.jpg HTTP/1.1" 304 0
INFO 2025-09-19 09:13:03,061 basehttp 32211 140331261621952 "GET /media/uploads/images/2025/09/19/RUID675d58be7de949fa9c7822a93f991d09.jpg HTTP/1.1" 304 0
INFO 2025-09-19 09:13:03,116 basehttp 32211 140331261621952 "GET /media/uploads/images/2025/09/19/RUID30a34535e4a6462fa3b0410cfea02c74.jpg HTTP/1.1" 304 0
INFO 2025-09-19 09:13:03,139 basehttp 32211 140331261621952 "GET /media/uploads/images/2025/09/19/RUID7cfb20ae9cd5440fb5c84880b922eb00.jpg HTTP/1.1" 304 0
INFO 2025-09-19 09:13:03,141 basehttp 32211 140331253229248 "GET /media/uploads/images/2025/09/19/RUID07dd87ef3ff24023bf378ab17ed51692.jpg HTTP/1.1" 304 0
INFO 2025-09-19 09:13:03,142 basehttp 32211 140331236443840 "GET /media/uploads/images/2025/09/19/RUID9efae9dde35e4be1877ac90dc6646ae7.jpg HTTP/1.1" 304 0
INFO 2025-09-19 09:13:03,149 basehttp 32211 140331244836544 "GET /media/uploads/images/2025/09/19/RUID99bc0d893c01438499e419feae507d8b.jpg HTTP/1.1" 304 0
INFO 2025-09-19 09:13:03,153 basehttp 32211 140331253229248 "GET /media/uploads/images/2025/09/19/RUID9e8e16cc0628400688bfb9a7d8dd86ac.jpg HTTP/1.1" 304 0
INFO 2025-09-19 09:13:08,714 basehttp 32211 140331261621952 "GET /api/images/?page=1&page_size=12 HTTP/1.1" 200 5174
INFO 2025-09-19 09:13:08,715 basehttp 32211 140331278399168 "GET /api/images/ HTTP/1.1" 200 5174
INFO 2025-09-19 09:13:09,490 basehttp 32211 140331278399168 "GET /api/images/ HTTP/1.1" 200 5174
INFO 2025-09-19 09:13:09,496 basehttp 32211 140331261621952 "GET /api/images/?page=1&page_size=12 HTTP/1.1" 200 5174
INFO 2025-09-19 09:13:09,628 basehttp 32211 140331261621952 "GET /api/images/?page=1&page_size=12 HTTP/1.1" 200 5174
INFO 2025-09-19 09:13:09,628 basehttp 32211 140331278399168 "GET /api/images/ HTTP/1.1" 200 5174
INFO 2025-09-19 09:13:09,769 basehttp 32211 140331261621952 "GET /api/images/?page=1&page_size=12 HTTP/1.1" 200 5174
INFO 2025-09-19 09:13:09,775 basehttp 32211 140331278399168 "GET /api/images/ HTTP/1.1" 200 5174
INFO 2025-09-19 09:13:09,940 basehttp 32211 140331261621952 "GET /api/images/?page=1&page_size=12 HTTP/1.1" 200 5174
INFO 2025-09-19 09:13:09,955 basehttp 32211 140331278399168 "GET /api/images/ HTTP/1.1" 200 5174
INFO 2025-09-19 09:13:10,136 basehttp 32211 140331261621952 "GET /api/images/?page=1&page_size=12 HTTP/1.1" 200 5174
INFO 2025-09-19 09:13:10,157 basehttp 32211 140331278399168 "GET /api/images/ HTTP/1.1" 200 5174
INFO 2025-09-19 09:13:10,293 basehttp 32211 140331278399168 "GET /api/images/ HTTP/1.1" 200 5174
INFO 2025-09-19 09:13:10,297 basehttp 32211 140331261621952 "GET /api/images/?page=1&page_size=12 HTTP/1.1" 200 5174
INFO 2025-09-19 09:13:10,451 basehttp 32211 140331278399168 "GET /api/images/ HTTP/1.1" 200 5174
INFO 2025-09-19 09:13:10,452 basehttp 32211 140331261621952 "GET /api/images/?page=1&page_size=12 HTTP/1.1" 200 5174
INFO 2025-09-19 09:13:10,696 basehttp 32211 140331261621952 "GET /api/images/?page=1&page_size=12 HTTP/1.1" 200 5174
INFO 2025-09-19 09:13:10,697 basehttp 32211 140331278399168 "GET /api/images/ HTTP/1.1" 200 5174
INFO 2025-09-19 09:13:10,886 basehttp 32211 140331278399168 "GET /api/images/ HTTP/1.1" 200 5174
INFO 2025-09-19 09:13:10,887 basehttp 32211 140331261621952 "GET /api/images/?page=1&page_size=12 HTTP/1.1" 200 5174
INFO 2025-09-19 09:13:11,021 basehttp 32211 140331278399168 "GET /api/images/ HTTP/1.1" 200 5174
INFO 2025-09-19 09:13:11,033 basehttp 32211 140331261621952 "GET /api/images/?page=1&page_size=12 HTTP/1.1" 200 5174
INFO 2025-09-19 09:13:11,168 basehttp 32211 140331278399168 "GET /api/images/ HTTP/1.1" 200 5174
INFO 2025-09-19 09:13:11,172 basehttp 32211 140331261621952 "GET /api/images/?page=1&page_size=12 HTTP/1.1" 200 5174
INFO 2025-09-19 09:13:16,088 basehttp 32211 140331261621952 "GET /api/admin-dashboard/ HTTP/1.1" 200 63402
INFO 2025-09-19 09:13:20,795 basehttp 32211 140331261621952 "GET /admin/ HTTP/1.1" 200 9871
INFO 2025-09-19 09:13:20,994 basehttp 32211 140331261621952 "GET /static/admin/img/icon-addlink.svg HTTP/1.1" 200 331
INFO 2025-09-19 09:13:20,994 basehttp 32211 140331253229248 "GET /static/admin/img/icon-changelink.svg HTTP/1.1" 200 380
INFO 2025-09-19 09:13:20,995 basehttp 32211 140331228051136 "GET /static/admin/img/icon-viewlink.svg HTTP/1.1" 200 581
INFO 2025-09-19 09:13:24,106 basehttp 32211 140331261621952 "GET /admin/core/auditlog/ HTTP/1.1" 200 66043
INFO 2025-09-19 09:13:24,226 basehttp 32211 140331261621952 "GET /static/admin/img/search.svg HTTP/1.1" 200 458
INFO 2025-09-19 09:13:24,241 basehttp 32211 140331261621952 "GET /static/admin/js/filters.js HTTP/1.1" 200 978
INFO 2025-09-19 09:13:24,241 basehttp 32211 140331253229248 "GET /admin/jsi18n/ HTTP/1.1" 200 3343
INFO 2025-09-19 09:13:24,365 basehttp 32211 140331253229248 "GET /static/admin/img/sorting-icons.svg HTTP/1.1" 200 1097
INFO 2025-09-19 09:13:27,217 basehttp 32211 140331278399168 "GET /admin/core/analyticsdata/ HTTP/1.1" 200 11336
INFO 2025-09-19 09:13:27,309 basehttp 32211 140331253229248 "GET /admin/jsi18n/ HTTP/1.1" 200 3343
INFO 2025-09-19 09:13:27,408 basehttp 32211 140331253229248 "GET /static/admin/img/tooltag-add.svg HTTP/1.1" 200 331
INFO 2025-09-19 09:13:29,330 basehttp 32211 140331278399168 "GET / HTTP/1.1" 302 0
INFO 2025-09-19 09:13:29,387 basehttp 32211 140331278399168 "GET /api/login-page/ HTTP/1.1" 200 7896
INFO 2025-09-19 09:13:35,733 basehttp 32211 140331278399168 "POST /api/token/ HTTP/1.1" 200 491
INFO 2025-09-19 09:13:35,783 basehttp 32211 140331253229248 "GET /api/profile/ HTTP/1.1" 200 479
INFO 2025-09-19 09:13:37,435 basehttp 32211 140331278399168 "GET /api/admin-dashboard/ HTTP/1.1" 200 63402
INFO 2025-09-19 09:13:43,426 basehttp 32211 140331278399168 "GET /api/analytics-page/ HTTP/1.1" 200 8765
INFO 2025-09-19 09:13:43,760 basehttp 32211 140331253229248 "GET /api/analytics/?days=30 HTTP/1.1" 200 235
INFO 2025-09-19 09:13:43,835 basehttp 32211 140331253229248 "GET /api/images/?limit=12 HTTP/1.1" 200 5174
INFO 2025-09-19 09:13:43,941 basehttp 32211 140331253229248 "GET /media/uploads/images/2025/09/19/RUID247b98d0660e4465811c60fc9f2e7054.jpg HTTP/1.1" 304 0
INFO 2025-09-19 09:13:43,945 basehttp 32211 140331253229248 "GET /media/uploads/images/2025/09/19/RUID2a7ab36000af4d4ab6a536afe6b48788.jpg HTTP/1.1" 304 0
INFO 2025-09-19 09:13:43,956 basehttp 32211 140331228051136 "GET /media/uploads/images/2025/09/19/RUID178e4cc9713848e396f3425a4bdb9233.jpg HTTP/1.1" 304 0
INFO 2025-09-19 09:13:43,959 basehttp 32211 140331228051136 "GET /media/uploads/images/2025/09/19/RUID68939cf387f847e4a75c23dc75dd9022.jpg HTTP/1.1" 304 0
INFO 2025-09-19 09:13:43,962 basehttp 32211 140331236443840 "GET /media/uploads/images/2025/09/19/RUID96301e53345e4bd49f387647095ef867.jpg HTTP/1.1" 304 0
INFO 2025-09-19 09:13:43,972 basehttp 32211 140331244836544 "GET /media/uploads/images/2025/09/19/RUID675d58be7de949fa9c7822a93f991d09.jpg HTTP/1.1" 304 0
INFO 2025-09-19 09:13:43,977 basehttp 32211 140331236443840 "GET /media/uploads/images/2025/09/19/RUID30a34535e4a6462fa3b0410cfea02c74.jpg HTTP/1.1" 304 0
INFO 2025-09-19 09:13:43,995 basehttp 32211 140331244836544 "GET /media/uploads/images/2025/09/19/RUID7cfb20ae9cd5440fb5c84880b922eb00.jpg HTTP/1.1" 304 0
INFO 2025-09-19 09:13:44,018 basehttp 32211 140331228051136 "GET /media/uploads/images/2025/09/19/RUID9efae9dde35e4be1877ac90dc6646ae7.jpg HTTP/1.1" 304 0
INFO 2025-09-19 09:13:44,019 basehttp 32211 140331253229248 "GET /media/uploads/images/2025/09/19/RUID07dd87ef3ff24023bf378ab17ed51692.jpg HTTP/1.1" 304 0
INFO 2025-09-19 09:13:44,023 basehttp 32211 140331278399168 "GET /media/uploads/images/2025/09/19/RUID99bc0d893c01438499e419feae507d8b.jpg HTTP/1.1" 304 0
INFO 2025-09-19 09:13:44,025 basehttp 32211 140331236443840 "GET /media/uploads/images/2025/09/19/RUID9e8e16cc0628400688bfb9a7d8dd86ac.jpg HTTP/1.1" 304 0
INFO 2025-09-19 09:14:18,395 basehttp 32211 140331278399168 "GET /api/analytics/?days=30 HTTP/1.1" 200 235
INFO 2025-09-19 09:14:18,482 basehttp 32211 140331253229248 "GET /api/images/?limit=12 HTTP/1.1" 200 5174
INFO 2025-09-19 09:14:29,432 basehttp 32211 140331278399168 "GET /api/image-management/ HTTP/1.1" 200 16705
INFO 2025-09-19 09:14:29,767 basehttp 32211 140331228051136 "GET /api/images/ HTTP/1.1" 200 5174
INFO 2025-09-19 09:14:29,777 basehttp 32211 140331253229248 "GET /api/images/?page=1&page_size=12 HTTP/1.1" 200 5174
INFO 2025-09-19 09:14:29,794 basehttp 32211 140331228051136 "GET /media/uploads/images/2025/09/19/RUID247b98d0660e4465811c60fc9f2e7054.jpg HTTP/1.1" 304 0
INFO 2025-09-19 09:14:29,799 basehttp 32211 140331253229248 "GET /media/uploads/images/2025/09/19/RUID2a7ab36000af4d4ab6a536afe6b48788.jpg HTTP/1.1" 304 0
INFO 2025-09-19 09:14:29,805 basehttp 32211 140331244836544 "GET /media/uploads/images/2025/09/19/RUID178e4cc9713848e396f3425a4bdb9233.jpg HTTP/1.1" 304 0
INFO 2025-09-19 09:14:29,819 basehttp 32211 140331244836544 "GET /media/uploads/images/2025/09/19/RUID96301e53345e4bd49f387647095ef867.jpg HTTP/1.1" 304 0
INFO 2025-09-19 09:14:29,831 basehttp 32211 140331278399168 "GET /media/uploads/images/2025/09/19/RUID675d58be7de949fa9c7822a93f991d09.jpg HTTP/1.1" 304 0
INFO 2025-09-19 09:14:29,824 basehttp 32211 140331236443840 "GET /media/uploads/images/2025/09/19/RUID68939cf387f847e4a75c23dc75dd9022.jpg HTTP/1.1" 304 0
INFO 2025-09-19 09:14:29,847 basehttp 32211 140331261621952 "GET /media/uploads/images/2025/09/19/RUID7cfb20ae9cd5440fb5c84880b922eb00.jpg HTTP/1.1" 304 0
INFO 2025-09-19 09:14:29,858 basehttp 32211 140331228051136 "GET /media/uploads/images/2025/09/19/RUID07dd87ef3ff24023bf378ab17ed51692.jpg HTTP/1.1" 304 0
INFO 2025-09-19 09:14:29,865 basehttp 32211 140331236443840 "GET /media/uploads/images/2025/09/19/RUID30a34535e4a6462fa3b0410cfea02c74.jpg HTTP/1.1" 304 0
INFO 2025-09-19 09:14:29,869 basehttp 32211 140331261621952 "GET /media/uploads/images/2025/09/19/RUID99bc0d893c01438499e419feae507d8b.jpg HTTP/1.1" 304 0
INFO 2025-09-19 09:14:29,890 basehttp 32211 140331253229248 "GET /media/uploads/images/2025/09/19/RUID9efae9dde35e4be1877ac90dc6646ae7.jpg HTTP/1.1" 304 0
INFO 2025-09-19 09:14:29,907 basehttp 32211 140331244836544 "GET /media/uploads/images/2025/09/19/RUID9e8e16cc0628400688bfb9a7d8dd86ac.jpg HTTP/1.1" 304 0
INFO 2025-09-19 09:14:37,232 basehttp 32211 140331278399168 "GET /api/images/?page=2&page_size=12 HTTP/1.1" 200 5209
INFO 2025-09-19 09:14:37,247 basehttp 32211 140331228051136 "GET /media/uploads/images/2025/09/19/RUID1f1a436d84104fbcb5436b83ee3baebe.jpg HTTP/1.1" 200 115308
INFO 2025-09-19 09:14:37,249 basehttp 32211 140331253229248 "GET /media/uploads/images/2025/09/19/RUID5ed73381f4594a31ba91025fc322ff75.jpg HTTP/1.1" 304 0
INFO 2025-09-19 09:14:37,258 basehttp 32211 140331228051136 "GET /media/uploads/images/2025/09/19/RUID84f658ada43249d8a21d88f00a20d3c3.jpg HTTP/1.1" 304 0
INFO 2025-09-19 09:14:37,268 basehttp 32211 140331253229248 "GET /media/uploads/images/2025/09/19/RUID0bbd44491e394716a8fc61fe538cf649.jpg HTTP/1.1" 304 0
INFO 2025-09-19 09:14:37,271 basehttp 32211 140331236443840 "GET /media/uploads/images/2025/09/19/RUIDffaec4affa424babbb65b8812450e7e6.jpg HTTP/1.1" 304 0
INFO 2025-09-19 09:14:43,909 basehttp 32211 140331278399168 "GET /api/admin-dashboard/ HTTP/1.1" 200 63402
INFO 2025-09-19 09:14:53,405 basehttp 32211 140331278399168 "GET /api/admin-dashboard/ HTTP/1.1" 200 63402
INFO 2025-09-19 09:14:59,957 basehttp 32211 140331278399168 "GET /api/login-page/ HTTP/1.1" 200 7896
INFO 2025-09-19 09:15:06,372 basehttp 32211 140331278399168 "POST /api/token/ HTTP/1.1" 200 491
INFO 2025-09-19 09:15:06,439 basehttp 32211 140331228051136 "GET /api/profile/ HTTP/1.1" 200 473
INFO 2025-09-19 09:15:08,053 basehttp 32211 140331278399168 "GET /api/officer-dashboard/ HTTP/1.1" 200 31661
INFO 2025-09-19 09:15:12,824 basehttp 32211 140331278399168 "GET /api/face-recognition/ HTTP/1.1" 200 18128
INFO 2025-09-19 09:15:18,525 face_recognition_service 32211 140331278399168 Mock face detection initialized
INFO 2025-09-19 09:15:18,525 face_recognition_service 32211 140331278399168 Image: jg, Similarity: 0.240, Confidence: 0.247
INFO 2025-09-19 09:15:18,525 face_recognition_service 32211 140331278399168 Image: mmj, Similarity: 0.180, Confidence: 0.183
INFO 2025-09-19 09:15:18,526 face_recognition_service 32211 140331278399168 Image: nm, Similarity: 0.120, Confidence: 0.112
INFO 2025-09-19 09:15:18,526 face_recognition_service 32211 140331278399168 Image: w, Similarity: 0.110, Confidence: 0.113
INFO 2025-09-19 09:15:18,526 face_recognition_service 32211 140331278399168 Image: w, Similarity: 0.210, Confidence: 0.213
INFO 2025-09-19 09:15:18,526 face_recognition_service 32211 140331278399168 Image: a, Similarity: 0.100, Confidence: 0.092
INFO 2025-09-19 09:15:18,526 face_recognition_service 32211 140331278399168 Image: s, Similarity: 0.870, Confidence: 0.879
INFO 2025-09-19 09:15:18,527 face_recognition_service 32211 140331278399168 Image: Test Officer Upload, Similarity: 0.290, Confidence: 0.288
INFO 2025-09-19 09:15:18,527 face_recognition_service 32211 140331278399168 Image: Mr Edwin, Similarity: 0.880, Confidence: 0.889
INFO 2025-09-19 09:15:18,527 face_recognition_service 32211 140331278399168 Image: Mr Alex Owusu, Similarity: 0.310, Confidence: 0.316
INFO 2025-09-19 09:15:18,528 face_recognition_service 32211 140331278399168 Image: Apprehend upon being seen, Similarity: 0.100, Confidence: 0.097
INFO 2025-09-19 09:15:18,528 face_recognition_service 32211 140331278399168 Image: ttt, Similarity: 0.120, Confidence: 0.127
INFO 2025-09-19 09:15:18,528 face_recognition_service 32211 140331278399168 Image: Alex, Similarity: 0.300, Confidence: 0.304
INFO 2025-09-19 09:15:18,528 face_recognition_service 32211 140331278399168 Image: Wanted, Similarity: 0.160, Confidence: 0.169
INFO 2025-09-19 09:15:18,534 basehttp 32211 140331278399168 "POST /api/recognize/ HTTP/1.1" 200 2809
INFO 2025-09-19 09:15:22,908 face_recognition_service 32211 140331278399168 Image: jg, Similarity: 0.240, Confidence: 0.248
INFO 2025-09-19 09:15:22,909 face_recognition_service 32211 140331278399168 Image: mmj, Similarity: 0.180, Confidence: 0.179
INFO 2025-09-19 09:15:22,909 face_recognition_service 32211 140331278399168 Image: nm, Similarity: 0.120, Confidence: 0.130
INFO 2025-09-19 09:15:22,909 face_recognition_service 32211 140331278399168 Image: w, Similarity: 0.110, Confidence: 0.101
INFO 2025-09-19 09:15:22,909 face_recognition_service 32211 140331278399168 Image: w, Similarity: 0.210, Confidence: 0.212
INFO 2025-09-19 09:15:22,909 face_recognition_service 32211 140331278399168 Image: a, Similarity: 0.100, Confidence: 0.102
INFO 2025-09-19 09:15:22,909 face_recognition_service 32211 140331278399168 Image: s, Similarity: 0.870, Confidence: 0.873
INFO 2025-09-19 09:15:22,909 face_recognition_service 32211 140331278399168 Image: Test Officer Upload, Similarity: 0.290, Confidence: 0.299
INFO 2025-09-19 09:15:22,909 face_recognition_service 32211 140331278399168 Image: Mr Edwin, Similarity: 0.880, Confidence: 0.878
INFO 2025-09-19 09:15:22,909 face_recognition_service 32211 140331278399168 Image: Mr Alex Owusu, Similarity: 0.310, Confidence: 0.306
INFO 2025-09-19 09:15:22,909 face_recognition_service 32211 140331278399168 Image: Apprehend upon being seen, Similarity: 0.100, Confidence: 0.094
INFO 2025-09-19 09:15:22,910 face_recognition_service 32211 140331278399168 Image: ttt, Similarity: 0.120, Confidence: 0.116
INFO 2025-09-19 09:15:22,910 face_recognition_service 32211 140331278399168 Image: Alex, Similarity: 0.300, Confidence: 0.301
INFO 2025-09-19 09:15:22,910 face_recognition_service 32211 140331278399168 Image: Wanted, Similarity: 0.160, Confidence: 0.166
INFO 2025-09-19 09:15:22,911 basehttp 32211 140331278399168 "POST /api/recognize/ HTTP/1.1" 200 2810
INFO 2025-09-19 09:15:34,150 face_recognition_service 32211 140331278399168 Image: jg, Similarity: 0.240, Confidence: 0.238
INFO 2025-09-19 09:15:34,151 face_recognition_service 32211 140331278399168 Image: mmj, Similarity: 0.180, Confidence: 0.179
INFO 2025-09-19 09:15:34,151 face_recognition_service 32211 140331278399168 Image: nm, Similarity: 0.120, Confidence: 0.112
INFO 2025-09-19 09:15:34,152 face_recognition_service 32211 140331278399168 Image: w, Similarity: 0.110, Confidence: 0.104
INFO 2025-09-19 09:15:34,152 face_recognition_service 32211 140331278399168 Image: w, Similarity: 0.210, Confidence: 0.217
INFO 2025-09-19 09:15:34,153 face_recognition_service 32211 140331278399168 Image: a, Similarity: 0.100, Confidence: 0.099
INFO 2025-09-19 09:15:34,153 face_recognition_service 32211 140331278399168 Image: s, Similarity: 0.870, Confidence: 0.871
INFO 2025-09-19 09:15:34,154 face_recognition_service 32211 140331278399168 Image: Test Officer Upload, Similarity: 0.290, Confidence: 0.284
INFO 2025-09-19 09:15:34,155 face_recognition_service 32211 140331278399168 Image: Mr Edwin, Similarity: 0.880, Confidence: 0.877
INFO 2025-09-19 09:15:34,158 face_recognition_service 32211 140331278399168 Image: Mr Alex Owusu, Similarity: 0.310, Confidence: 0.314
INFO 2025-09-19 09:15:34,159 face_recognition_service 32211 140331278399168 Image: Apprehend upon being seen, Similarity: 0.100, Confidence: 0.098
INFO 2025-09-19 09:15:34,159 face_recognition_service 32211 140331278399168 Image: ttt, Similarity: 0.120, Confidence: 0.111
INFO 2025-09-19 09:15:34,160 face_recognition_service 32211 140331278399168 Image: Alex, Similarity: 0.300, Confidence: 0.293
INFO 2025-09-19 09:15:34,160 face_recognition_service 32211 140331278399168 Image: Wanted, Similarity: 0.160, Confidence: 0.160
INFO 2025-09-19 09:15:34,163 basehttp 32211 140331278399168 "POST /api/recognize/ HTTP/1.1" 200 2811
INFO 2025-09-19 09:15:46,366 face_recognition_service 32211 140331278399168 Image: jg, Similarity: 0.240, Confidence: 0.231
INFO 2025-09-19 09:15:46,367 face_recognition_service 32211 140331278399168 Image: mmj, Similarity: 0.180, Confidence: 0.182
INFO 2025-09-19 09:15:46,367 face_recognition_service 32211 140331278399168 Image: nm, Similarity: 0.120, Confidence: 0.120
INFO 2025-09-19 09:15:46,368 face_recognition_service 32211 140331278399168 Image: w, Similarity: 0.110, Confidence: 0.110
INFO 2025-09-19 09:15:46,368 face_recognition_service 32211 140331278399168 Image: w, Similarity: 0.210, Confidence: 0.215
INFO 2025-09-19 09:15:46,368 face_recognition_service 32211 140331278399168 Image: a, Similarity: 0.100, Confidence: 0.099
INFO 2025-09-19 09:15:46,368 face_recognition_service 32211 140331278399168 Image: s, Similarity: 0.870, Confidence: 0.862
INFO 2025-09-19 09:15:46,369 face_recognition_service 32211 140331278399168 Image: Test Officer Upload, Similarity: 0.290, Confidence: 0.282
INFO 2025-09-19 09:15:46,369 face_recognition_service 32211 140331278399168 Image: Mr Edwin, Similarity: 0.880, Confidence: 0.886
INFO 2025-09-19 09:15:46,369 face_recognition_service 32211 140331278399168 Image: Mr Alex Owusu, Similarity: 0.310, Confidence: 0.304
INFO 2025-09-19 09:15:46,369 face_recognition_service 32211 140331278399168 Image: Apprehend upon being seen, Similarity: 0.100, Confidence: 0.104
INFO 2025-09-19 09:15:46,370 face_recognition_service 32211 140331278399168 Image: ttt, Similarity: 0.120, Confidence: 0.123
INFO 2025-09-19 09:15:46,371 face_recognition_service 32211 140331278399168 Image: Alex, Similarity: 0.300, Confidence: 0.294
INFO 2025-09-19 09:15:46,371 face_recognition_service 32211 140331278399168 Image: Wanted, Similarity: 0.160, Confidence: 0.158
INFO 2025-09-19 09:15:46,373 basehttp 32211 140331278399168 "POST /api/recognize/ HTTP/1.1" 200 2810
INFO 2025-09-19 09:15:51,368 basehttp 32211 140331278399168 "GET /admin/ HTTP/1.1" 200 9871
INFO 2025-09-19 09:16:00,480 basehttp 32211 140331278399168 "GET /admin/ HTTP/1.1" 200 9871
INFO 2025-09-19 09:16:04,859 basehttp 32211 140331278399168 "GET /api/image-management/ HTTP/1.1" 200 16705
INFO 2025-09-19 09:16:05,246 basehttp 32211 140331228051136 "GET /api/images/?page=1&page_size=12 HTTP/1.1" 200 5177
INFO 2025-09-19 09:16:05,246 basehttp 32211 140331253229248 "GET /api/images/ HTTP/1.1" 200 5177
INFO 2025-09-19 09:16:05,266 basehttp 32211 140331228051136 "GET /media/uploads/images/2025/09/19/RUID675d58be7de949fa9c7822a93f991d09.jpg HTTP/1.1" 304 0
INFO 2025-09-19 09:16:05,278 basehttp 32211 140331253229248 "GET /media/uploads/images/2025/09/19/RUID30a34535e4a6462fa3b0410cfea02c74.jpg HTTP/1.1" 304 0
INFO 2025-09-19 09:16:05,289 basehttp 32211 140331261621952 "GET /media/uploads/images/2025/09/19/RUID7cfb20ae9cd5440fb5c84880b922eb00.jpg HTTP/1.1" 304 0
INFO 2025-09-19 09:16:05,321 basehttp 32211 140331228051136 "GET /media/uploads/images/2025/09/19/RUID07dd87ef3ff24023bf378ab17ed51692.jpg HTTP/1.1" 304 0
INFO 2025-09-19 09:16:05,324 basehttp 32211 140331244836544 "GET /media/uploads/images/2025/09/19/RUID9efae9dde35e4be1877ac90dc6646ae7.jpg HTTP/1.1" 304 0
INFO 2025-09-19 09:16:05,346 basehttp 32211 140331253229248 "GET /media/uploads/images/2025/09/19/RUID99bc0d893c01438499e419feae507d8b.jpg HTTP/1.1" 304 0
INFO 2025-09-19 09:16:05,354 basehttp 32211 140331236443840 "GET /media/uploads/images/2025/09/19/RUID9e8e16cc0628400688bfb9a7d8dd86ac.jpg HTTP/1.1" 304 0
INFO 2025-09-19 09:16:05,361 basehttp 32211 140331244836544 "GET /media/uploads/images/2025/09/19/RUID5ed73381f4594a31ba91025fc322ff75.jpg HTTP/1.1" 200 61624
INFO 2025-09-19 09:16:05,363 basehttp 32211 140331261621952 "GET /media/uploads/images/2025/09/19/RUID1f1a436d84104fbcb5436b83ee3baebe.jpg HTTP/1.1" 200 115308
INFO 2025-09-19 09:16:05,391 basehttp 32211 140331236443840 "GET /media/uploads/images/2025/09/19/RUID84f658ada43249d8a21d88f00a20d3c3.jpg HTTP/1.1" 304 0
INFO 2025-09-19 09:16:05,394 basehttp 32211 140331228051136 "GET /media/uploads/images/2025/09/19/RUIDffaec4affa424babbb65b8812450e7e6.jpg HTTP/1.1" 200 162606
INFO 2025-09-19 09:16:05,417 basehttp 32211 140331261621952 "GET /media/uploads/images/2025/09/19/RUID0bbd44491e394716a8fc61fe538cf649.jpg HTTP/1.1" 304 0
INFO 2025-09-19 09:16:12,837 face_recognition_service 32211 140331278399168 Image: jg, Similarity: 0.240, Confidence: 0.244
INFO 2025-09-19 09:16:12,838 face_recognition_service 32211 140331278399168 Image: mmj, Similarity: 0.180, Confidence: 0.176
INFO 2025-09-19 09:16:12,838 face_recognition_service 32211 140331278399168 Image: nm, Similarity: 0.120, Confidence: 0.113
INFO 2025-09-19 09:16:12,838 face_recognition_service 32211 140331278399168 Image: w, Similarity: 0.110, Confidence: 0.120
INFO 2025-09-19 09:16:12,838 face_recognition_service 32211 140331278399168 Image: w, Similarity: 0.210, Confidence: 0.203
INFO 2025-09-19 09:16:12,838 face_recognition_service 32211 140331278399168 Image: a, Similarity: 0.100, Confidence: 0.093
INFO 2025-09-19 09:16:12,838 face_recognition_service 32211 140331278399168 Image: s, Similarity: 0.870, Confidence: 0.876
INFO 2025-09-19 09:16:12,838 face_recognition_service 32211 140331278399168 Image: Test Officer Upload, Similarity: 0.290, Confidence: 0.292
INFO 2025-09-19 09:16:12,838 face_recognition_service 32211 140331278399168 Image: Mr Edwin, Similarity: 0.880, Confidence: 0.877
INFO 2025-09-19 09:16:12,839 face_recognition_service 32211 140331278399168 Image: Mr Alex Owusu, Similarity: 0.310, Confidence: 0.306
INFO 2025-09-19 09:16:12,839 face_recognition_service 32211 140331278399168 Image: Apprehend upon being seen, Similarity: 0.100, Confidence: 0.097
INFO 2025-09-19 09:16:12,839 face_recognition_service 32211 140331278399168 Image: ttt, Similarity: 0.120, Confidence: 0.130
INFO 2025-09-19 09:16:12,839 face_recognition_service 32211 140331278399168 Image: Alex, Similarity: 0.300, Confidence: 0.292
INFO 2025-09-19 09:16:12,839 face_recognition_service 32211 140331278399168 Image: Wanted, Similarity: 0.160, Confidence: 0.161
INFO 2025-09-19 09:16:12,840 basehttp 32211 140331278399168 "POST /api/recognize/ HTTP/1.1" 200 2810
INFO 2025-09-19 09:16:13,936 face_recognition_service 32211 140331278399168 Image: jg, Similarity: 0.240, Confidence: 0.236
INFO 2025-09-19 09:16:13,936 face_recognition_service 32211 140331278399168 Image: mmj, Similarity: 0.180, Confidence: 0.190
INFO 2025-09-19 09:16:13,936 face_recognition_service 32211 140331278399168 Image: nm, Similarity: 0.120, Confidence: 0.110
INFO 2025-09-19 09:16:13,937 face_recognition_service 32211 140331278399168 Image: w, Similarity: 0.110, Confidence: 0.118
INFO 2025-09-19 09:16:13,937 face_recognition_service 32211 140331278399168 Image: w, Similarity: 0.210, Confidence: 0.202
INFO 2025-09-19 09:16:13,937 face_recognition_service 32211 140331278399168 Image: a, Similarity: 0.100, Confidence: 0.104
INFO 2025-09-19 09:16:13,937 face_recognition_service 32211 140331278399168 Image: s, Similarity: 0.870, Confidence: 0.861
INFO 2025-09-19 09:16:13,937 face_recognition_service 32211 140331278399168 Image: Test Officer Upload, Similarity: 0.290, Confidence: 0.283
INFO 2025-09-19 09:16:13,937 face_recognition_service 32211 140331278399168 Image: Mr Edwin, Similarity: 0.880, Confidence: 0.879
INFO 2025-09-19 09:16:13,937 face_recognition_service 32211 140331278399168 Image: Mr Alex Owusu, Similarity: 0.310, Confidence: 0.310
INFO 2025-09-19 09:16:13,937 face_recognition_service 32211 140331278399168 Image: Apprehend upon being seen, Similarity: 0.100, Confidence: 0.091
INFO 2025-09-19 09:16:13,937 face_recognition_service 32211 140331278399168 Image: ttt, Similarity: 0.120, Confidence: 0.119
INFO 2025-09-19 09:16:13,937 face_recognition_service 32211 140331278399168 Image: Alex, Similarity: 0.300, Confidence: 0.295
INFO 2025-09-19 09:16:13,938 face_recognition_service 32211 140331278399168 Image: Wanted, Similarity: 0.160, Confidence: 0.157
INFO 2025-09-19 09:16:13,939 basehttp 32211 140331278399168 "POST /api/recognize/ HTTP/1.1" 200 2810
INFO 2025-09-19 09:16:19,188 face_recognition_service 32211 140331278399168 Image: jg, Similarity: 0.240, Confidence: 0.239
INFO 2025-09-19 09:16:19,189 face_recognition_service 32211 140331278399168 Image: mmj, Similarity: 0.180, Confidence: 0.179
INFO 2025-09-19 09:16:19,189 face_recognition_service 32211 140331278399168 Image: nm, Similarity: 0.120, Confidence: 0.122
INFO 2025-09-19 09:16:19,189 face_recognition_service 32211 140331278399168 Image: w, Similarity: 0.110, Confidence: 0.114
INFO 2025-09-19 09:16:19,189 face_recognition_service 32211 140331278399168 Image: w, Similarity: 0.210, Confidence: 0.204
INFO 2025-09-19 09:16:19,190 face_recognition_service 32211 140331278399168 Image: a, Similarity: 0.100, Confidence: 0.096
INFO 2025-09-19 09:16:19,190 face_recognition_service 32211 140331278399168 Image: s, Similarity: 0.870, Confidence: 0.874
INFO 2025-09-19 09:16:19,190 face_recognition_service 32211 140331278399168 Image: Test Officer Upload, Similarity: 0.290, Confidence: 0.295
INFO 2025-09-19 09:16:19,190 face_recognition_service 32211 140331278399168 Image: Mr Edwin, Similarity: 0.880, Confidence: 0.879
INFO 2025-09-19 09:16:19,190 face_recognition_service 32211 140331278399168 Image: Mr Alex Owusu, Similarity: 0.310, Confidence: 0.302
INFO 2025-09-19 09:16:19,190 face_recognition_service 32211 140331278399168 Image: Apprehend upon being seen, Similarity: 0.100, Confidence: 0.108
INFO 2025-09-19 09:16:19,190 face_recognition_service 32211 140331278399168 Image: ttt, Similarity: 0.120, Confidence: 0.118
INFO 2025-09-19 09:16:19,190 face_recognition_service 32211 140331278399168 Image: Alex, Similarity: 0.300, Confidence: 0.308
INFO 2025-09-19 09:16:19,191 face_recognition_service 32211 140331278399168 Image: Wanted, Similarity: 0.160, Confidence: 0.155
INFO 2025-09-19 09:16:19,192 basehttp 32211 140331278399168 "POST /api/recognize/ HTTP/1.1" 200 2807
INFO 2025-09-19 09:16:22,597 face_recognition_service 32211 140331278399168 Image: jg, Similarity: 0.240, Confidence: 0.241
INFO 2025-09-19 09:16:22,597 face_recognition_service 32211 140331278399168 Image: mmj, Similarity: 0.180, Confidence: 0.181
INFO 2025-09-19 09:16:22,597 face_recognition_service 32211 140331278399168 Image: nm, Similarity: 0.120, Confidence: 0.117
INFO 2025-09-19 09:16:22,597 face_recognition_service 32211 140331278399168 Image: w, Similarity: 0.110, Confidence: 0.104
INFO 2025-09-19 09:16:22,597 face_recognition_service 32211 140331278399168 Image: w, Similarity: 0.210, Confidence: 0.202
INFO 2025-09-19 09:16:22,597 face_recognition_service 32211 140331278399168 Image: a, Similarity: 0.100, Confidence: 0.096
INFO 2025-09-19 09:16:22,597 face_recognition_service 32211 140331278399168 Image: s, Similarity: 0.870, Confidence: 0.866
INFO 2025-09-19 09:16:22,598 face_recognition_service 32211 140331278399168 Image: Test Officer Upload, Similarity: 0.290, Confidence: 0.289
INFO 2025-09-19 09:16:22,598 face_recognition_service 32211 140331278399168 Image: Mr Edwin, Similarity: 0.880, Confidence: 0.877
INFO 2025-09-19 09:16:22,598 face_recognition_service 32211 140331278399168 Image: Mr Alex Owusu, Similarity: 0.310, Confidence: 0.315
INFO 2025-09-19 09:16:22,598 face_recognition_service 32211 140331278399168 Image: Apprehend upon being seen, Similarity: 0.100, Confidence: 0.104
INFO 2025-09-19 09:16:22,598 face_recognition_service 32211 140331278399168 Image: ttt, Similarity: 0.120, Confidence: 0.125
INFO 2025-09-19 09:16:22,598 face_recognition_service 32211 140331278399168 Image: Alex, Similarity: 0.300, Confidence: 0.308
INFO 2025-09-19 09:16:22,598 face_recognition_service 32211 140331278399168 Image: Wanted, Similarity: 0.160, Confidence: 0.155
INFO 2025-09-19 09:16:22,599 basehttp 32211 140331278399168 "POST /api/recognize/ HTTP/1.1" 200 2810
INFO 2025-09-19 09:16:31,497 face_recognition_service 32211 140331278399168 Image: jg, Similarity: 0.240, Confidence: 0.230
INFO 2025-09-19 09:16:31,498 face_recognition_service 32211 140331278399168 Image: mmj, Similarity: 0.180, Confidence: 0.175
INFO 2025-09-19 09:16:31,498 face_recognition_service 32211 140331278399168 Image: nm, Similarity: 0.120, Confidence: 0.118
INFO 2025-09-19 09:16:31,498 face_recognition_service 32211 140331278399168 Image: w, Similarity: 0.110, Confidence: 0.109
INFO 2025-09-19 09:16:31,499 face_recognition_service 32211 140331278399168 Image: w, Similarity: 0.210, Confidence: 0.205
INFO 2025-09-19 09:16:31,499 face_recognition_service 32211 140331278399168 Image: a, Similarity: 0.100, Confidence: 0.095
INFO 2025-09-19 09:16:31,499 face_recognition_service 32211 140331278399168 Image: s, Similarity: 0.870, Confidence: 0.865
INFO 2025-09-19 09:16:31,499 face_recognition_service 32211 140331278399168 Image: Test Officer Upload, Similarity: 0.290, Confidence: 0.298
INFO 2025-09-19 09:16:31,499 face_recognition_service 32211 140331278399168 Image: Mr Edwin, Similarity: 0.880, Confidence: 0.881
INFO 2025-09-19 09:16:31,499 face_recognition_service 32211 140331278399168 Image: Mr Alex Owusu, Similarity: 0.310, Confidence: 0.308
INFO 2025-09-19 09:16:31,499 face_recognition_service 32211 140331278399168 Image: Apprehend upon being seen, Similarity: 0.100, Confidence: 0.108
INFO 2025-09-19 09:16:31,499 face_recognition_service 32211 140331278399168 Image: ttt, Similarity: 0.120, Confidence: 0.113
INFO 2025-09-19 09:16:31,500 face_recognition_service 32211 140331278399168 Image: Alex, Similarity: 0.300, Confidence: 0.301
INFO 2025-09-19 09:16:31,500 face_recognition_service 32211 140331278399168 Image: Wanted, Similarity: 0.160, Confidence: 0.169
INFO 2025-09-19 09:16:31,502 basehttp 32211 140331278399168 "POST /api/recognize/ HTTP/1.1" 200 2808
INFO 2025-09-19 09:16:33,965 face_recognition_service 32211 140331278399168 Image: jg, Similarity: 0.240, Confidence: 0.238
INFO 2025-09-19 09:16:33,966 face_recognition_service 32211 140331278399168 Image: mmj, Similarity: 0.180, Confidence: 0.184
INFO 2025-09-19 09:16:33,966 face_recognition_service 32211 140331278399168 Image: nm, Similarity: 0.120, Confidence: 0.116
INFO 2025-09-19 09:16:33,966 face_recognition_service 32211 140331278399168 Image: w, Similarity: 0.110, Confidence: 0.102
INFO 2025-09-19 09:16:33,966 face_recognition_service 32211 140331278399168 Image: w, Similarity: 0.210, Confidence: 0.214
INFO 2025-09-19 09:16:33,966 face_recognition_service 32211 140331278399168 Image: a, Similarity: 0.100, Confidence: 0.109
INFO 2025-09-19 09:16:33,966 face_recognition_service 32211 140331278399168 Image: s, Similarity: 0.870, Confidence: 0.869
INFO 2025-09-19 09:16:33,966 face_recognition_service 32211 140331278399168 Image: Test Officer Upload, Similarity: 0.290, Confidence: 0.282
INFO 2025-09-19 09:16:33,967 face_recognition_service 32211 140331278399168 Image: Mr Edwin, Similarity: 0.880, Confidence: 0.874
INFO 2025-09-19 09:16:33,967 face_recognition_service 32211 140331278399168 Image: Mr Alex Owusu, Similarity: 0.310, Confidence: 0.304
INFO 2025-09-19 09:16:33,967 face_recognition_service 32211 140331278399168 Image: Apprehend upon being seen, Similarity: 0.100, Confidence: 0.110
INFO 2025-09-19 09:16:33,967 face_recognition_service 32211 140331278399168 Image: ttt, Similarity: 0.120, Confidence: 0.126
INFO 2025-09-19 09:16:33,969 face_recognition_service 32211 140331278399168 Image: Alex, Similarity: 0.300, Confidence: 0.303
INFO 2025-09-19 09:16:33,969 face_recognition_service 32211 140331278399168 Image: Wanted, Similarity: 0.160, Confidence: 0.154
INFO 2025-09-19 09:16:33,970 basehttp 32211 140331278399168 "POST /api/recognize/ HTTP/1.1" 200 2809
INFO 2025-09-19 09:22:23,838 face_recognition_service 32211 140331278399168 Image: jg, Similarity: 0.240, Confidence: 0.243
INFO 2025-09-19 09:22:23,842 face_recognition_service 32211 140331278399168 Image: mmj, Similarity: 0.180, Confidence: 0.188
INFO 2025-09-19 09:22:23,844 face_recognition_service 32211 140331278399168 Image: nm, Similarity: 0.120, Confidence: 0.129
INFO 2025-09-19 09:22:23,845 face_recognition_service 32211 140331278399168 Image: w, Similarity: 0.110, Confidence: 0.102
INFO 2025-09-19 09:22:23,845 face_recognition_service 32211 140331278399168 Image: w, Similarity: 0.210, Confidence: 0.205
INFO 2025-09-19 09:22:23,848 face_recognition_service 32211 140331278399168 Image: a, Similarity: 0.100, Confidence: 0.095
INFO 2025-09-19 09:22:23,848 face_recognition_service 32211 140331278399168 Image: s, Similarity: 0.870, Confidence: 0.864
INFO 2025-09-19 09:22:23,850 face_recognition_service 32211 140331278399168 Image: Test Officer Upload, Similarity: 0.290, Confidence: 0.292
INFO 2025-09-19 09:22:23,854 face_recognition_service 32211 140331278399168 Image: Mr Edwin, Similarity: 0.880, Confidence: 0.873
INFO 2025-09-19 09:22:23,859 face_recognition_service 32211 140331278399168 Image: Mr Alex Owusu, Similarity: 0.310, Confidence: 0.305
INFO 2025-09-19 09:22:23,861 face_recognition_service 32211 140331278399168 Image: Apprehend upon being seen, Similarity: 0.100, Confidence: 0.095
INFO 2025-09-19 09:22:23,862 face_recognition_service 32211 140331278399168 Image: ttt, Similarity: 0.120, Confidence: 0.121
INFO 2025-09-19 09:22:23,863 face_recognition_service 32211 140331278399168 Image: Alex, Similarity: 0.300, Confidence: 0.303
INFO 2025-09-19 09:22:23,864 face_recognition_service 32211 140331278399168 Image: Wanted, Similarity: 0.160, Confidence: 0.166
INFO 2025-09-19 09:22:23,869 basehttp 32211 140331278399168 "POST /api/recognize/ HTTP/1.1" 200 2805
INFO 2025-09-19 09:22:25,404 face_recognition_service 32211 140331278399168 Image: jg, Similarity: 0.240, Confidence: 0.232
INFO 2025-09-19 09:22:25,406 face_recognition_service 32211 140331278399168 Image: mmj, Similarity: 0.180, Confidence: 0.186
INFO 2025-09-19 09:22:25,408 face_recognition_service 32211 140331278399168 Image: nm, Similarity: 0.120, Confidence: 0.127
INFO 2025-09-19 09:22:25,409 face_recognition_service 32211 140331278399168 Image: w, Similarity: 0.110, Confidence: 0.117
INFO 2025-09-19 09:22:25,410 face_recognition_service 32211 140331278399168 Image: w, Similarity: 0.210, Confidence: 0.219
INFO 2025-09-19 09:22:25,410 face_recognition_service 32211 140331278399168 Image: a, Similarity: 0.100, Confidence: 0.108
INFO 2025-09-19 09:22:25,412 face_recognition_service 32211 140331278399168 Image: s, Similarity: 0.870, Confidence: 0.869
INFO 2025-09-19 09:22:25,414 face_recognition_service 32211 140331278399168 Image: Test Officer Upload, Similarity: 0.290, Confidence: 0.290
INFO 2025-09-19 09:22:25,415 face_recognition_service 32211 140331278399168 Image: Mr Edwin, Similarity: 0.880, Confidence: 0.879
INFO 2025-09-19 09:22:25,415 face_recognition_service 32211 140331278399168 Image: Mr Alex Owusu, Similarity: 0.310, Confidence: 0.311
INFO 2025-09-19 09:22:25,415 face_recognition_service 32211 140331278399168 Image: Apprehend upon being seen, Similarity: 0.100, Confidence: 0.108
INFO 2025-09-19 09:22:25,416 face_recognition_service 32211 140331278399168 Image: ttt, Similarity: 0.120, Confidence: 0.119
INFO 2025-09-19 09:22:25,417 face_recognition_service 32211 140331278399168 Image: Alex, Similarity: 0.300, Confidence: 0.305
INFO 2025-09-19 09:22:25,418 face_recognition_service 32211 140331278399168 Image: Wanted, Similarity: 0.160, Confidence: 0.158
INFO 2025-09-19 09:22:25,423 basehttp 32211 140331278399168 "POST /api/recognize/ HTTP/1.1" 200 2805
INFO 2025-09-19 09:22:26,875 face_recognition_service 32211 140331278399168 Image: jg, Similarity: 0.240, Confidence: 0.248
INFO 2025-09-19 09:22:26,877 face_recognition_service 32211 140331278399168 Image: mmj, Similarity: 0.180, Confidence: 0.172
INFO 2025-09-19 09:22:26,878 face_recognition_service 32211 140331278399168 Image: nm, Similarity: 0.120, Confidence: 0.127
INFO 2025-09-19 09:22:26,878 face_recognition_service 32211 140331278399168 Image: w, Similarity: 0.110, Confidence: 0.117
INFO 2025-09-19 09:22:26,878 face_recognition_service 32211 140331278399168 Image: w, Similarity: 0.210, Confidence: 0.211
INFO 2025-09-19 09:22:26,879 face_recognition_service 32211 140331278399168 Image: a, Similarity: 0.100, Confidence: 0.109
INFO 2025-09-19 09:22:26,879 face_recognition_service 32211 140331278399168 Image: s, Similarity: 0.870, Confidence: 0.871
INFO 2025-09-19 09:22:26,879 face_recognition_service 32211 140331278399168 Image: Test Officer Upload, Similarity: 0.290, Confidence: 0.281
INFO 2025-09-19 09:22:26,879 face_recognition_service 32211 140331278399168 Image: Mr Edwin, Similarity: 0.880, Confidence: 0.874
INFO 2025-09-19 09:22:26,879 face_recognition_service 32211 140331278399168 Image: Mr Alex Owusu, Similarity: 0.310, Confidence: 0.307
INFO 2025-09-19 09:22:26,879 face_recognition_service 32211 140331278399168 Image: Apprehend upon being seen, Similarity: 0.100, Confidence: 0.095
INFO 2025-09-19 09:22:26,879 face_recognition_service 32211 140331278399168 Image: ttt, Similarity: 0.120, Confidence: 0.112
INFO 2025-09-19 09:22:26,879 face_recognition_service 32211 140331278399168 Image: Alex, Similarity: 0.300, Confidence: 0.306
INFO 2025-09-19 09:22:26,879 face_recognition_service 32211 140331278399168 Image: Wanted, Similarity: 0.160, Confidence: 0.155
INFO 2025-09-19 09:22:26,881 basehttp 32211 140331278399168 "POST /api/recognize/ HTTP/1.1" 200 2809
INFO 2025-09-19 09:22:28,084 face_recognition_service 32211 140331278399168 Image: jg, Similarity: 0.240, Confidence: 0.246
INFO 2025-09-19 09:22:28,086 face_recognition_service 32211 140331278399168 Image: mmj, Similarity: 0.180, Confidence: 0.184
INFO 2025-09-19 09:22:28,091 face_recognition_service 32211 140331278399168 Image: nm, Similarity: 0.120, Confidence: 0.119
INFO 2025-09-19 09:22:28,096 face_recognition_service 32211 140331278399168 Image: w, Similarity: 0.110, Confidence: 0.100
INFO 2025-09-19 09:22:28,099 face_recognition_service 32211 140331278399168 Image: w, Similarity: 0.210, Confidence: 0.201
INFO 2025-09-19 09:22:28,100 face_recognition_service 32211 140331278399168 Image: a, Similarity: 0.100, Confidence: 0.096
INFO 2025-09-19 09:22:28,101 face_recognition_service 32211 140331278399168 Image: s, Similarity: 0.870, Confidence: 0.873
INFO 2025-09-19 09:22:28,102 face_recognition_service 32211 140331278399168 Image: Test Officer Upload, Similarity: 0.290, Confidence: 0.292
INFO 2025-09-19 09:22:28,103 face_recognition_service 32211 140331278399168 Image: Mr Edwin, Similarity: 0.880, Confidence: 0.886
INFO 2025-09-19 09:22:28,104 face_recognition_service 32211 140331278399168 Image: Mr Alex Owusu, Similarity: 0.310, Confidence: 0.317
INFO 2025-09-19 09:22:28,105 face_recognition_service 32211 140331278399168 Image: Apprehend upon being seen, Similarity: 0.100, Confidence: 0.098
INFO 2025-09-19 09:22:28,106 face_recognition_service 32211 140331278399168 Image: ttt, Similarity: 0.120, Confidence: 0.127
INFO 2025-09-19 09:22:28,106 face_recognition_service 32211 140331278399168 Image: Alex, Similarity: 0.300, Confidence: 0.300
INFO 2025-09-19 09:22:28,109 face_recognition_service 32211 140331278399168 Image: Wanted, Similarity: 0.160, Confidence: 0.164
INFO 2025-09-19 09:22:28,121 basehttp 32211 140331278399168 "POST /api/recognize/ HTTP/1.1" 200 2809
INFO 2025-09-19 09:22:29,269 face_recognition_service 32211 140331278399168 Image: jg, Similarity: 0.240, Confidence: 0.250
INFO 2025-09-19 09:22:29,269 face_recognition_service 32211 140331278399168 Image: mmj, Similarity: 0.180, Confidence: 0.173
INFO 2025-09-19 09:22:29,270 face_recognition_service 32211 140331278399168 Image: nm, Similarity: 0.120, Confidence: 0.122
INFO 2025-09-19 09:22:29,270 face_recognition_service 32211 140331278399168 Image: w, Similarity: 0.110, Confidence: 0.112
INFO 2025-09-19 09:22:29,271 face_recognition_service 32211 140331278399168 Image: w, Similarity: 0.210, Confidence: 0.213
INFO 2025-09-19 09:22:29,271 face_recognition_service 32211 140331278399168 Image: a, Similarity: 0.100, Confidence: 0.092
INFO 2025-09-19 09:22:29,272 face_recognition_service 32211 140331278399168 Image: s, Similarity: 0.870, Confidence: 0.865
INFO 2025-09-19 09:22:29,272 face_recognition_service 32211 140331278399168 Image: Test Officer Upload, Similarity: 0.290, Confidence: 0.292
INFO 2025-09-19 09:22:29,272 face_recognition_service 32211 140331278399168 Image: Mr Edwin, Similarity: 0.880, Confidence: 0.882
INFO 2025-09-19 09:22:29,273 face_recognition_service 32211 140331278399168 Image: Mr Alex Owusu, Similarity: 0.310, Confidence: 0.317
INFO 2025-09-19 09:22:29,274 face_recognition_service 32211 140331278399168 Image: Apprehend upon being seen, Similarity: 0.100, Confidence: 0.108
INFO 2025-09-19 09:22:29,276 face_recognition_service 32211 140331278399168 Image: ttt, Similarity: 0.120, Confidence: 0.121
INFO 2025-09-19 09:22:29,276 face_recognition_service 32211 140331278399168 Image: Alex, Similarity: 0.300, Confidence: 0.309
INFO 2025-09-19 09:22:29,276 face_recognition_service 32211 140331278399168 Image: Wanted, Similarity: 0.160, Confidence: 0.163
INFO 2025-09-19 09:22:29,279 basehttp 32211 140331278399168 "POST /api/recognize/ HTTP/1.1" 200 2803
INFO 2025-09-19 09:22:32,727 face_recognition_service 32211 140331278399168 Image: jg, Similarity: 0.240, Confidence: 0.231
INFO 2025-09-19 09:22:32,727 face_recognition_service 32211 140331278399168 Image: mmj, Similarity: 0.180, Confidence: 0.181
INFO 2025-09-19 09:22:32,728 face_recognition_service 32211 140331278399168 Image: nm, Similarity: 0.120, Confidence: 0.129
INFO 2025-09-19 09:22:32,728 face_recognition_service 32211 140331278399168 Image: w, Similarity: 0.110, Confidence: 0.105
INFO 2025-09-19 09:22:32,729 face_recognition_service 32211 140331278399168 Image: w, Similarity: 0.210, Confidence: 0.220
INFO 2025-09-19 09:22:32,730 face_recognition_service 32211 140331278399168 Image: a, Similarity: 0.100, Confidence: 0.105
INFO 2025-09-19 09:22:32,731 face_recognition_service 32211 140331278399168 Image: s, Similarity: 0.870, Confidence: 0.860
INFO 2025-09-19 09:22:32,732 face_recognition_service 32211 140331278399168 Image: Test Officer Upload, Similarity: 0.290, Confidence: 0.290
INFO 2025-09-19 09:22:32,733 face_recognition_service 32211 140331278399168 Image: Mr Edwin, Similarity: 0.880, Confidence: 0.883
INFO 2025-09-19 09:22:32,734 face_recognition_service 32211 140331278399168 Image: Mr Alex Owusu, Similarity: 0.310, Confidence: 0.317
INFO 2025-09-19 09:22:32,735 face_recognition_service 32211 140331278399168 Image: Apprehend upon being seen, Similarity: 0.100, Confidence: 0.099
INFO 2025-09-19 09:22:32,736 face_recognition_service 32211 140331278399168 Image: ttt, Similarity: 0.120, Confidence: 0.112
INFO 2025-09-19 09:22:32,737 face_recognition_service 32211 140331278399168 Image: Alex, Similarity: 0.300, Confidence: 0.308
INFO 2025-09-19 09:22:32,738 face_recognition_service 32211 140331278399168 Image: Wanted, Similarity: 0.160, Confidence: 0.162
INFO 2025-09-19 09:22:32,740 basehttp 32211 140331278399168 "POST /api/recognize/ HTTP/1.1" 200 2807
INFO 2025-09-19 09:22:42,413 face_recognition_service 32211 140331278399168 Image: jg, Similarity: 0.240, Confidence: 0.239
INFO 2025-09-19 09:22:42,414 face_recognition_service 32211 140331278399168 Image: mmj, Similarity: 0.180, Confidence: 0.173
INFO 2025-09-19 09:22:42,416 face_recognition_service 32211 140331278399168 Image: nm, Similarity: 0.120, Confidence: 0.117
INFO 2025-09-19 09:22:42,421 face_recognition_service 32211 140331278399168 Image: w, Similarity: 0.110, Confidence: 0.104
INFO 2025-09-19 09:22:42,424 face_recognition_service 32211 140331278399168 Image: w, Similarity: 0.210, Confidence: 0.214
INFO 2025-09-19 09:22:42,427 face_recognition_service 32211 140331278399168 Image: a, Similarity: 0.100, Confidence: 0.102
INFO 2025-09-19 09:22:42,428 face_recognition_service 32211 140331278399168 Image: s, Similarity: 0.870, Confidence: 0.868
INFO 2025-09-19 09:22:42,429 face_recognition_service 32211 140331278399168 Image: Test Officer Upload, Similarity: 0.290, Confidence: 0.290
INFO 2025-09-19 09:22:42,430 face_recognition_service 32211 140331278399168 Image: Mr Edwin, Similarity: 0.880, Confidence: 0.877
INFO 2025-09-19 09:22:42,431 face_recognition_service 32211 140331278399168 Image: Mr Alex Owusu, Similarity: 0.310, Confidence: 0.318
INFO 2025-09-19 09:22:42,432 face_recognition_service 32211 140331278399168 Image: Apprehend upon being seen, Similarity: 0.100, Confidence: 0.108
INFO 2025-09-19 09:22:42,433 face_recognition_service 32211 140331278399168 Image: ttt, Similarity: 0.120, Confidence: 0.114
INFO 2025-09-19 09:22:42,434 face_recognition_service 32211 140331278399168 Image: Alex, Similarity: 0.300, Confidence: 0.291
INFO 2025-09-19 09:22:42,435 face_recognition_service 32211 140331278399168 Image: Wanted, Similarity: 0.160, Confidence: 0.157
INFO 2025-09-19 09:22:42,441 basehttp 32211 140331278399168 "POST /api/recognize/ HTTP/1.1" 200 2806
INFO 2025-09-19 09:22:48,581 basehttp 32211 140331278399168 "GET /admin/core/analyticsdata/add/ HTTP/1.1" 200 12503
INFO 2025-09-19 09:22:48,773 basehttp 32211 140331278399168 "GET /admin/jsi18n/ HTTP/1.1" 200 3343
INFO 2025-09-19 09:23:01,485 basehttp 32211 140331278399168 "POST /admin/core/analyticsdata/add/ HTTP/1.1" 200 12656
INFO 2025-09-19 09:23:01,617 basehttp 32211 140331278399168 "GET /admin/jsi18n/ HTTP/1.1" 200 3343
INFO 2025-09-19 09:23:10,500 basehttp 32211 140331278399168 "POST /admin/core/analyticsdata/add/ HTTP/1.1" 200 12653
INFO 2025-09-19 09:23:10,628 basehttp 32211 140331278399168 "GET /admin/jsi18n/ HTTP/1.1" 200 3343
INFO 2025-09-19 09:23:18,122 basehttp 32211 140331278399168 "POST /admin/core/analyticsdata/add/ HTTP/1.1" 200 12653
INFO 2025-09-19 09:23:18,229 basehttp 32211 140331278399168 "GET /admin/jsi18n/ HTTP/1.1" 200 3343
INFO 2025-09-19 09:23:46,710 basehttp 32211 140331278399168 "GET /admin/core/notification/ HTTP/1.1" 200 12165
INFO 2025-09-19 09:23:46,844 basehttp 32211 140331278399168 "GET /admin/jsi18n/ HTTP/1.1" 200 3343
INFO 2025-09-19 09:23:50,145 basehttp 32211 140331278399168 "GET /admin/core/notification/add/ HTTP/1.1" 200 19912
INFO 2025-09-19 09:23:50,299 basehttp 32211 140331236443840 "GET /admin/jsi18n/ HTTP/1.1" 200 3343
INFO 2025-09-19 09:23:50,343 basehttp 32211 140331236443840 "GET /static/admin/img/icon-deletelink.svg HTTP/1.1" 200 392
INFO 2025-09-19 09:23:50,706 basehttp 32211 140331236443840 "GET /static/admin/img/icon-calendar.svg HTTP/1.1" 200 1086
INFO 2025-09-19 09:23:50,766 basehttp 32211 140331236443840 "GET /static/admin/img/icon-clock.svg HTTP/1.1" 200 677
INFO 2025-09-19 09:23:59,808 basehttp 32211 140331278399168 "POST /admin/core/notification/add/ HTTP/1.1" 200 20140
INFO 2025-09-19 09:23:59,948 basehttp 32211 140331236443840 "GET /admin/jsi18n/ HTTP/1.1" 200 3343
INFO 2025-09-19 09:24:12,002 basehttp 32211 140331278399168 "GET /api/face-recognition/ HTTP/1.1" 200 18128
INFO 2025-09-19 09:27:29,126 basehttp 50693 140159807911616 "GET / HTTP/1.1" 302 0
INFO 2025-09-19 09:27:29,171 basehttp 50693 140159807911616 "GET /api/login-page/ HTTP/1.1" 200 7896
WARNING 2025-09-19 09:27:30,367 log 50693 140159807911616 Not Found: /favicon.ico
WARNING 2025-09-19 09:27:30,376 basehttp 50693 140159807911616 "GET /favicon.ico HTTP/1.1" 404 3000
INFO 2025-09-19 09:27:37,401 basehttp 50693 140159798470336 "GET /api/face-recognition/ HTTP/1.1" 200 18128
INFO 2025-09-19 09:27:43,060 face_recognition_service 50693 140159798470336 Mock face detection initialized
INFO 2025-09-19 09:27:43,061 face_recognition_service 50693 140159798470336 Image: jg, Similarity: 0.050, Confidence: 0.002
INFO 2025-09-19 09:27:43,063 face_recognition_service 50693 140159798470336 Image: mmj, Similarity: 0.160, Confidence: 0.148
INFO 2025-09-19 09:27:43,065 face_recognition_service 50693 140159798470336 Image: nm, Similarity: 0.070, Confidence: 0.097
INFO 2025-09-19 09:27:43,067 face_recognition_service 50693 140159798470336 Image: w, Similarity: 0.180, Confidence: 0.215
INFO 2025-09-19 09:27:43,068 face_recognition_service 50693 140159798470336 Image: w, Similarity: 0.180, Confidence: 0.136
INFO 2025-09-19 09:27:43,069 face_recognition_service 50693 140159798470336 Image: a, Similarity: 0.050, Confidence: 0.064
INFO 2025-09-19 09:27:43,069 face_recognition_service 50693 140159798470336 Image: s, Similarity: 0.160, Confidence: 0.186
INFO 2025-09-19 09:27:43,070 face_recognition_service 50693 140159798470336 Image: Test Officer Upload, Similarity: 0.120, Confidence: 0.121
INFO 2025-09-19 09:27:43,070 face_recognition_service 50693 140159798470336 Image: Mr Edwin, Similarity: 0.070, Confidence: 0.102
INFO 2025-09-19 09:27:43,071 face_recognition_service 50693 140159798470336 Image: Mr Alex Owusu, Similarity: 0.100, Confidence: 0.150
INFO 2025-09-19 09:27:43,072 face_recognition_service 50693 140159798470336 Image: Apprehend upon being seen, Similarity: 0.090, Confidence: 0.122
INFO 2025-09-19 09:27:43,073 face_recognition_service 50693 140159798470336 Image: ttt, Similarity: 0.050, Confidence: 0.097
INFO 2025-09-19 09:27:43,074 face_recognition_service 50693 140159798470336 Image: Alex, Similarity: 0.090, Confidence: 0.054
INFO 2025-09-19 09:27:43,076 face_recognition_service 50693 140159798470336 Image: Wanted, Similarity: 0.140, Confidence: 0.142
INFO 2025-09-19 09:27:43,080 basehttp 50693 140159798470336 "POST /api/recognize/ HTTP/1.1" 200 2606
INFO 2025-09-19 09:27:53,316 face_recognition_service 50693 140159798470336 Image: jg, Similarity: 0.050, Confidence: 0.009
INFO 2025-09-19 09:27:53,316 face_recognition_service 50693 140159798470336 Image: mmj, Similarity: 0.160, Confidence: 0.127
INFO 2025-09-19 09:27:53,317 face_recognition_service 50693 140159798470336 Image: nm, Similarity: 0.070, Confidence: 0.066
INFO 2025-09-19 09:27:53,317 face_recognition_service 50693 140159798470336 Image: w, Similarity: 0.180, Confidence: 0.189
INFO 2025-09-19 09:27:53,317 face_recognition_service 50693 140159798470336 Image: w, Similarity: 0.180, Confidence: 0.194
INFO 2025-09-19 09:27:53,317 face_recognition_service 50693 140159798470336 Image: a, Similarity: 0.050, Confidence: 0.009
INFO 2025-09-19 09:27:53,317 face_recognition_service 50693 140159798470336 Image: s, Similarity: 0.160, Confidence: 0.155
INFO 2025-09-19 09:27:53,317 face_recognition_service 50693 140159798470336 Image: Test Officer Upload, Similarity: 0.120, Confidence: 0.159
INFO 2025-09-19 09:27:53,317 face_recognition_service 50693 140159798470336 Image: Mr Edwin, Similarity: 0.070, Confidence: 0.107
INFO 2025-09-19 09:27:53,317 face_recognition_service 50693 140159798470336 Image: Mr Alex Owusu, Similarity: 0.100, Confidence: 0.129
INFO 2025-09-19 09:27:53,318 face_recognition_service 50693 140159798470336 Image: Apprehend upon being seen, Similarity: 0.090, Confidence: 0.131
INFO 2025-09-19 09:27:53,318 face_recognition_service 50693 140159798470336 Image: ttt, Similarity: 0.050, Confidence: 0.055
INFO 2025-09-19 09:27:53,318 face_recognition_service 50693 140159798470336 Image: Alex, Similarity: 0.090, Confidence: 0.070
INFO 2025-09-19 09:27:53,318 face_recognition_service 50693 140159798470336 Image: Wanted, Similarity: 0.140, Confidence: 0.128
INFO 2025-09-19 09:27:53,324 basehttp 50693 140159798470336 "POST /api/recognize/ HTTP/1.1" 200 2730
INFO 2025-09-19 09:28:00,700 face_recognition_service 50693 140159798470336 Image: jg, Similarity: 0.050, Confidence: 0.045
INFO 2025-09-19 09:28:00,701 face_recognition_service 50693 140159798470336 Image: mmj, Similarity: 0.160, Confidence: 0.170
INFO 2025-09-19 09:28:00,702 face_recognition_service 50693 140159798470336 Image: nm, Similarity: 0.070, Confidence: 0.031
INFO 2025-09-19 09:28:00,702 face_recognition_service 50693 140159798470336 Image: w, Similarity: 0.180, Confidence: 0.170
INFO 2025-09-19 09:28:00,702 face_recognition_service 50693 140159798470336 Image: w, Similarity: 0.180, Confidence: 0.203
INFO 2025-09-19 09:28:00,702 face_recognition_service 50693 140159798470336 Image: a, Similarity: 0.050, Confidence: 0.095
INFO 2025-09-19 09:28:00,702 face_recognition_service 50693 140159798470336 Image: s, Similarity: 0.160, Confidence: 0.180
INFO 2025-09-19 09:28:00,703 face_recognition_service 50693 140159798470336 Image: Test Officer Upload, Similarity: 0.120, Confidence: 0.141
INFO 2025-09-19 09:28:00,703 face_recognition_service 50693 140159798470336 Image: Mr Edwin, Similarity: 0.070, Confidence: 0.048
INFO 2025-09-19 09:28:00,703 face_recognition_service 50693 140159798470336 Image: Mr Alex Owusu, Similarity: 0.100, Confidence: 0.086
INFO 2025-09-19 09:28:00,703 face_recognition_service 50693 140159798470336 Image: Apprehend upon being seen, Similarity: 0.090, Confidence: 0.104
INFO 2025-09-19 09:28:00,703 face_recognition_service 50693 140159798470336 Image: ttt, Similarity: 0.050, Confidence: 0.044
INFO 2025-09-19 09:28:00,703 face_recognition_service 50693 140159798470336 Image: Alex, Similarity: 0.090, Confidence: 0.126
INFO 2025-09-19 09:28:00,703 face_recognition_service 50693 140159798470336 Image: Wanted, Similarity: 0.140, Confidence: 0.101
INFO 2025-09-19 09:28:00,705 basehttp 50693 140159798470336 "POST /api/recognize/ HTTP/1.1" 200 2675
INFO 2025-09-19 09:28:13,782 face_recognition_service 50693 140159798470336 Image: jg, Similarity: 0.050, Confidence: 0.040
INFO 2025-09-19 09:28:13,783 face_recognition_service 50693 140159798470336 Image: mmj, Similarity: 0.160, Confidence: 0.164
INFO 2025-09-19 09:28:13,783 face_recognition_service 50693 140159798470336 Image: nm, Similarity: 0.070, Confidence: 0.059
INFO 2025-09-19 09:28:13,783 face_recognition_service 50693 140159798470336 Image: w, Similarity: 0.180, Confidence: 0.225
INFO 2025-09-19 09:28:13,783 face_recognition_service 50693 140159798470336 Image: w, Similarity: 0.180, Confidence: 0.205
INFO 2025-09-19 09:28:13,783 face_recognition_service 50693 140159798470336 Image: a, Similarity: 0.050, Confidence: 0.013
INFO 2025-09-19 09:28:13,784 face_recognition_service 50693 140159798470336 Image: s, Similarity: 0.160, Confidence: 0.142
INFO 2025-09-19 09:28:13,785 face_recognition_service 50693 140159798470336 Image: Test Officer Upload, Similarity: 0.120, Confidence: 0.126
INFO 2025-09-19 09:28:13,786 face_recognition_service 50693 140159798470336 Image: Mr Edwin, Similarity: 0.070, Confidence: 0.056
INFO 2025-09-19 09:28:13,786 face_recognition_service 50693 140159798470336 Image: Mr Alex Owusu, Similarity: 0.100, Confidence: 0.078
INFO 2025-09-19 09:28:13,786 face_recognition_service 50693 140159798470336 Image: Apprehend upon being seen, Similarity: 0.090, Confidence: 0.106
INFO 2025-09-19 09:28:13,786 face_recognition_service 50693 140159798470336 Image: ttt, Similarity: 0.050, Confidence: 0.070
INFO 2025-09-19 09:28:13,786 face_recognition_service 50693 140159798470336 Image: Alex, Similarity: 0.090, Confidence: 0.044
INFO 2025-09-19 09:28:13,787 face_recognition_service 50693 140159798470336 Image: Wanted, Similarity: 0.140, Confidence: 0.120
INFO 2025-09-19 09:28:13,789 basehttp 50693 140159798470336 "POST /api/recognize/ HTTP/1.1" 200 2677
INFO 2025-09-19 09:28:15,532 face_recognition_service 50693 140159798470336 Image: jg, Similarity: 0.050, Confidence: 0.091
INFO 2025-09-19 09:28:15,532 face_recognition_service 50693 140159798470336 Image: mmj, Similarity: 0.160, Confidence: 0.174
INFO 2025-09-19 09:28:15,534 face_recognition_service 50693 140159798470336 Image: nm, Similarity: 0.070, Confidence: 0.079
INFO 2025-09-19 09:28:15,535 face_recognition_service 50693 140159798470336 Image: w, Similarity: 0.180, Confidence: 0.214
INFO 2025-09-19 09:28:15,535 face_recognition_service 50693 140159798470336 Image: w, Similarity: 0.180, Confidence: 0.192
INFO 2025-09-19 09:28:15,535 face_recognition_service 50693 140159798470336 Image: a, Similarity: 0.050, Confidence: 0.011
INFO 2025-09-19 09:28:15,536 face_recognition_service 50693 140159798470336 Image: s, Similarity: 0.160, Confidence: 0.139
INFO 2025-09-19 09:28:15,536 face_recognition_service 50693 140159798470336 Image: Test Officer Upload, Similarity: 0.120, Confidence: 0.144
INFO 2025-09-19 09:28:15,536 face_recognition_service 50693 140159798470336 Image: Mr Edwin, Similarity: 0.070, Confidence: 0.086
INFO 2025-09-19 09:28:15,537 face_recognition_service 50693 140159798470336 Image: Mr Alex Owusu, Similarity: 0.100, Confidence: 0.118
INFO 2025-09-19 09:28:15,538 face_recognition_service 50693 140159798470336 Image: Apprehend upon being seen, Similarity: 0.090, Confidence: 0.093
INFO 2025-09-19 09:28:15,539 face_recognition_service 50693 140159798470336 Image: ttt, Similarity: 0.050, Confidence: 0.094
INFO 2025-09-19 09:28:15,539 face_recognition_service 50693 140159798470336 Image: Alex, Similarity: 0.090, Confidence: 0.052
INFO 2025-09-19 09:28:15,540 face_recognition_service 50693 140159798470336 Image: Wanted, Similarity: 0.140, Confidence: 0.105
INFO 2025-09-19 09:28:15,546 basehttp 50693 140159798470336 "POST /api/recognize/ HTTP/1.1" 200 2678
WARNING 2025-09-19 09:31:54,361 log 55147 139952170989248 Forbidden (CSRF cookie not set.): /api/face-recognition/
WARNING 2025-09-19 09:31:54,367 basehttp 55147 139952170989248 "POST /api/face-recognition/ HTTP/1.1" 403 2870
WARNING 2025-09-19 09:32:07,466 log 55147 139952162596544 Forbidden (CSRF cookie not set.): /api/face-recognition/
WARNING 2025-09-19 09:32:07,479 basehttp 55147 139952162596544 "POST /api/face-recognition/ HTTP/1.1" 403 2870
INFO 2025-09-19 09:33:18,906 basehttp 55147 139952154203840 "GET /api/face-recognition/ HTTP/1.1" 200 18128
INFO 2025-09-19 09:33:25,565 face_recognition_service 55147 139952154203840 Mock face detection initialized
INFO 2025-09-19 09:33:25,566 face_recognition_service 55147 139952154203840 Image: jg, Similarity: 0.143, Confidence: 0.183
INFO 2025-09-19 09:33:25,566 face_recognition_service 55147 139952154203840 Image: mmj, Similarity: 0.230, Confidence: 0.247
INFO 2025-09-19 09:33:25,566 face_recognition_service 55147 139952154203840 Image: nm, Similarity: 0.140, Confidence: 0.090
INFO 2025-09-19 09:33:25,566 face_recognition_service 55147 139952154203840 Image: w, Similarity: 0.240, Confidence: 0.274
INFO 2025-09-19 09:33:25,566 face_recognition_service 55147 139952154203840 Image: w, Similarity: 0.100, Confidence: 0.133
INFO 2025-09-19 09:33:25,567 face_recognition_service 55147 139952154203840 Image: a, Similarity: 0.120, Confidence: 0.111
INFO 2025-09-19 09:33:25,567 face_recognition_service 55147 139952154203840 Image: s, Similarity: 0.120, Confidence: 0.091
INFO 2025-09-19 09:33:25,567 face_recognition_service 55147 139952154203840 Image: Test Officer Upload, Similarity: 0.247, Confidence: 0.245
INFO 2025-09-19 09:33:25,567 face_recognition_service 55147 139952154203840 Image: Mr Edwin, Similarity: 0.265, Confidence: 0.313
INFO 2025-09-19 09:33:25,567 face_recognition_service 55147 139952154203840 Image: Mr Alex Owusu, Similarity: 0.273, Confidence: 0.255
INFO 2025-09-19 09:33:25,567 face_recognition_service 55147 139952154203840 Image: Apprehend upon being seen, Similarity: 0.060, Confidence: 0.037
INFO 2025-09-19 09:33:25,567 face_recognition_service 55147 139952154203840 Image: ttt, Similarity: 0.050, Confidence: 0.036
INFO 2025-09-19 09:33:25,567 face_recognition_service 55147 139952154203840 Image: Alex, Similarity: 0.109, Confidence: 0.157
INFO 2025-09-19 09:33:25,568 face_recognition_service 55147 139952154203840 Image: Wanted, Similarity: 0.078, Confidence: 0.046
INFO 2025-09-19 09:33:25,569 basehttp 55147 139952154203840 "POST /api/recognize/ HTTP/1.1" 200 2795
INFO 2025-09-19 09:33:33,874 face_recognition_service 55147 139952154203840 Image: jg, Similarity: 0.143, Confidence: 0.113
INFO 2025-09-19 09:33:33,874 face_recognition_service 55147 139952154203840 Image: mmj, Similarity: 0.230, Confidence: 0.233
INFO 2025-09-19 09:33:33,874 face_recognition_service 55147 139952154203840 Image: nm, Similarity: 0.140, Confidence: 0.186
INFO 2025-09-19 09:33:33,874 face_recognition_service 55147 139952154203840 Image: w, Similarity: 0.240, Confidence: 0.290
INFO 2025-09-19 09:33:33,878 face_recognition_service 55147 139952154203840 Image: w, Similarity: 0.100, Confidence: 0.051
INFO 2025-09-19 09:33:33,878 face_recognition_service 55147 139952154203840 Image: a, Similarity: 0.120, Confidence: 0.074
INFO 2025-09-19 09:33:33,879 face_recognition_service 55147 139952154203840 Image: s, Similarity: 0.120, Confidence: 0.148
INFO 2025-09-19 09:33:33,879 face_recognition_service 55147 139952154203840 Image: Test Officer Upload, Similarity: 0.247, Confidence: 0.233
INFO 2025-09-19 09:33:33,879 face_recognition_service 55147 139952154203840 Image: Mr Edwin, Similarity: 0.265, Confidence: 0.244
INFO 2025-09-19 09:33:33,880 face_recognition_service 55147 139952154203840 Image: Mr Alex Owusu, Similarity: 0.273, Confidence: 0.266
INFO 2025-09-19 09:33:33,880 face_recognition_service 55147 139952154203840 Image: Apprehend upon being seen, Similarity: 0.060, Confidence: 0.073
INFO 2025-09-19 09:33:33,881 face_recognition_service 55147 139952154203840 Image: ttt, Similarity: 0.050, Confidence: 0.011
INFO 2025-09-19 09:33:33,881 face_recognition_service 55147 139952154203840 Image: Alex, Similarity: 0.109, Confidence: 0.165
INFO 2025-09-19 09:33:33,881 face_recognition_service 55147 139952154203840 Image: Wanted, Similarity: 0.078, Confidence: 0.109
INFO 2025-09-19 09:33:33,883 basehttp 55147 139952154203840 "POST /api/recognize/ HTTP/1.1" 200 2747
INFO 2025-09-19 09:33:43,053 face_recognition_service 55147 139952154203840 Image: jg, Similarity: 0.143, Confidence: 0.190
INFO 2025-09-19 09:33:43,053 face_recognition_service 55147 139952154203840 Image: mmj, Similarity: 0.230, Confidence: 0.268
INFO 2025-09-19 09:33:43,054 face_recognition_service 55147 139952154203840 Image: nm, Similarity: 0.140, Confidence: 0.093
INFO 2025-09-19 09:33:43,054 face_recognition_service 55147 139952154203840 Image: w, Similarity: 0.240, Confidence: 0.232
INFO 2025-09-19 09:33:43,054 face_recognition_service 55147 139952154203840 Image: w, Similarity: 0.100, Confidence: 0.057
INFO 2025-09-19 09:33:43,055 face_recognition_service 55147 139952154203840 Image: a, Similarity: 0.120, Confidence: 0.107
INFO 2025-09-19 09:33:43,057 face_recognition_service 55147 139952154203840 Image: s, Similarity: 0.120, Confidence: 0.078
INFO 2025-09-19 09:33:43,057 face_recognition_service 55147 139952154203840 Image: Test Officer Upload, Similarity: 0.247, Confidence: 0.247
INFO 2025-09-19 09:33:43,058 face_recognition_service 55147 139952154203840 Image: Mr Edwin, Similarity: 0.265, Confidence: 0.286
INFO 2025-09-19 09:33:43,058 face_recognition_service 55147 139952154203840 Image: Mr Alex Owusu, Similarity: 0.273, Confidence: 0.328
INFO 2025-09-19 09:33:43,058 face_recognition_service 55147 139952154203840 Image: Apprehend upon being seen, Similarity: 0.060, Confidence: 0.071
INFO 2025-09-19 09:33:43,059 face_recognition_service 55147 139952154203840 Image: ttt, Similarity: 0.050, Confidence: 0.059
INFO 2025-09-19 09:33:43,059 face_recognition_service 55147 139952154203840 Image: Alex, Similarity: 0.109, Confidence: 0.167
INFO 2025-09-19 09:33:43,059 face_recognition_service 55147 139952154203840 Image: Wanted, Similarity: 0.078, Confidence: 0.080
INFO 2025-09-19 09:33:43,060 basehttp 55147 139952154203840 "POST /api/recognize/ HTTP/1.1" 200 2765
INFO 2025-09-19 09:33:45,486 face_recognition_service 55147 139952154203840 Image: jg, Similarity: 0.143, Confidence: 0.151
INFO 2025-09-19 09:33:45,486 face_recognition_service 55147 139952154203840 Image: mmj, Similarity: 0.230, Confidence: 0.251
INFO 2025-09-19 09:33:45,486 face_recognition_service 55147 139952154203840 Image: nm, Similarity: 0.140, Confidence: 0.163
INFO 2025-09-19 09:33:45,487 face_recognition_service 55147 139952154203840 Image: w, Similarity: 0.240, Confidence: 0.249
INFO 2025-09-19 09:33:45,487 face_recognition_service 55147 139952154203840 Image: w, Similarity: 0.100, Confidence: 0.122
INFO 2025-09-19 09:33:45,487 face_recognition_service 55147 139952154203840 Image: a, Similarity: 0.120, Confidence: 0.134
INFO 2025-09-19 09:33:45,487 face_recognition_service 55147 139952154203840 Image: s, Similarity: 0.120, Confidence: 0.140
INFO 2025-09-19 09:33:45,487 face_recognition_service 55147 139952154203840 Image: Test Officer Upload, Similarity: 0.247, Confidence: 0.327
INFO 2025-09-19 09:33:45,488 face_recognition_service 55147 139952154203840 Image: Mr Edwin, Similarity: 0.265, Confidence: 0.313
INFO 2025-09-19 09:33:45,488 face_recognition_service 55147 139952154203840 Image: Mr Alex Owusu, Similarity: 0.273, Confidence: 0.337
INFO 2025-09-19 09:33:45,489 face_recognition_service 55147 139952154203840 Image: Apprehend upon being seen, Similarity: 0.060, Confidence: 0.037
INFO 2025-09-19 09:33:45,489 face_recognition_service 55147 139952154203840 Image: ttt, Similarity: 0.050, Confidence: 0.079
INFO 2025-09-19 09:33:45,489 face_recognition_service 55147 139952154203840 Image: Alex, Similarity: 0.109, Confidence: 0.072
INFO 2025-09-19 09:33:45,490 face_recognition_service 55147 139952154203840 Image: Wanted, Similarity: 0.078, Confidence: 0.062
INFO 2025-09-19 09:33:45,498 basehttp 55147 139952154203840 "POST /api/recognize/ HTTP/1.1" 200 2766
INFO 2025-09-19 09:39:12,769 basehttp 55147 139952154203840 "GET /api/face-recognition/ HTTP/1.1" 200 18128
INFO 2025-09-19 09:39:32,458 basehttp 55147 139952154203840 "GET /api/face-recognition/ HTTP/1.1" 200 18128
INFO 2025-09-19 09:39:35,521 basehttp 55147 139952162596544 "GET /api/face-recognition/ HTTP/1.1" 200 18128
INFO 2025-09-19 09:39:35,637 basehttp 55147 139952162596544 "GET /static/core/js/app.js HTTP/1.1" 200 28440
INFO 2025-09-19 09:39:36,570 basehttp 55147 139952162596544 "GET /api/face-recognition/ HTTP/1.1" 200 18128
INFO 2025-09-19 09:39:36,699 basehttp 55147 139952162596544 "GET /static/core/js/app.js HTTP/1.1" 200 28440
WARNING 2025-09-19 09:39:37,686 log 55147 139952162596544 Not Found: /favicon.ico
WARNING 2025-09-19 09:39:37,687 basehttp 55147 139952162596544 "GET /favicon.ico HTTP/1.1" 404 3000
INFO 2025-09-19 09:39:46,224 basehttp 55147 139952162596544 "GET /api/officer-dashboard/ HTTP/1.1" 200 31661
INFO 2025-09-19 09:39:46,572 basehttp 55147 139952162596544 "GET /static/core/js/dashboard.js HTTP/1.1" 304 0
INFO 2025-09-19 09:39:46,750 basehttp 55147 139952162596544 "GET /api/login-page/ HTTP/1.1" 200 7896
INFO 2025-09-19 09:39:53,906 basehttp 55147 139952162596544 "POST /api/token/ HTTP/1.1" 200 491
INFO 2025-09-19 09:39:54,038 basehttp 55147 139952162596544 "GET /api/profile/ HTTP/1.1" 200 473
INFO 2025-09-19 09:39:55,758 basehttp 55147 139952162596544 "GET /api/officer-dashboard/ HTTP/1.1" 200 31661
INFO 2025-09-19 09:39:59,182 basehttp 55147 139952162596544 "GET /api/face-recognition/ HTTP/1.1" 200 18128
INFO 2025-09-19 09:39:59,501 basehttp 55147 139952162596544 "GET /static/core/js/app.js HTTP/1.1" 304 0
INFO 2025-09-19 09:40:40,873 basehttp 55147 139952162596544 "GET /api/face-recognition/ HTTP/1.1" 200 18128
INFO 2025-09-19 09:40:40,953 basehttp 55147 139952162596544 "GET /static/core/js/app.js HTTP/1.1" 304 0
INFO 2025-09-19 09:40:43,466 basehttp 55147 139952162596544 "GET /api/face-recognition/ HTTP/1.1" 200 18128
INFO 2025-09-19 09:40:43,664 basehttp 55147 139952162596544 "GET /static/core/js/app.js HTTP/1.1" 200 28440
WARNING 2025-09-19 09:40:44,883 log 55147 139952162596544 Not Found: /favicon.ico
WARNING 2025-09-19 09:40:44,885 basehttp 55147 139952162596544 "GET /favicon.ico HTTP/1.1" 404 3000
INFO 2025-09-19 09:40:48,131 basehttp 55147 139952162596544 "GET /api/officer-dashboard/ HTTP/1.1" 200 31661
INFO 2025-09-19 09:40:53,205 basehttp 55147 139952162596544 "GET /api/face-recognition/ HTTP/1.1" 200 18128
INFO 2025-09-19 09:40:53,618 basehttp 55147 139952162596544 "GET /static/core/js/app.js HTTP/1.1" 304 0
INFO 2025-09-19 09:41:31,302 basehttp 55147 139952162596544 "GET /api/face-recognition/ HTTP/1.1" 200 18128
INFO 2025-09-19 09:41:31,582 basehttp 55147 139952162596544 "GET /static/core/js/app.js HTTP/1.1" 304 0
INFO 2025-09-19 09:42:25,643 basehttp 55147 139952162596544 "GET /api/face-recognition/ HTTP/1.1" 200 18128
INFO 2025-09-19 09:42:26,037 basehttp 55147 139952162596544 "GET /static/core/js/app.js HTTP/1.1" 304 0
INFO 2025-09-19 09:42:45,519 basehttp 65434 140138955929280 "GET /api/face-recognition/ HTTP/1.1" 200 18127
INFO 2025-09-19 09:42:45,746 basehttp 65434 140138955929280 "GET /static/core/js/app.js HTTP/1.1" 304 0
INFO 2025-09-19 09:42:47,608 basehttp 65434 140138955929280 "GET /api/officer-dashboard/ HTTP/1.1" 200 31661
INFO 2025-09-19 09:42:56,090 basehttp 65434 140138955929280 "GET /api/login-page/ HTTP/1.1" 200 7896
INFO 2025-09-19 09:43:04,236 basehttp 65434 140138955929280 "POST /api/token/ HTTP/1.1" 200 491
INFO 2025-09-19 09:43:04,360 basehttp 65434 140138955929280 "GET /api/profile/ HTTP/1.1" 200 473
INFO 2025-09-19 09:43:06,122 basehttp 65434 140138955929280 "GET /api/officer-dashboard/ HTTP/1.1" 200 31661
INFO 2025-09-19 09:43:10,678 basehttp 65434 140138955929280 "GET /api/face-recognition/ HTTP/1.1" 200 18127
INFO 2025-09-19 09:43:10,983 basehttp 65434 140138955929280 "GET /static/core/js/app.js HTTP/1.1" 304 0
INFO 2025-09-19 09:43:21,135 basehttp 65434 140138873091776 "GET / HTTP/1.1" 302 0
INFO 2025-09-19 09:43:21,173 basehttp 65434 140138873091776 "GET /api/login-page/ HTTP/1.1" 200 7896
WARNING 2025-09-19 09:43:22,355 log 65434 140138873091776 Not Found: /favicon.ico
WARNING 2025-09-19 09:43:22,359 basehttp 65434 140138873091776 "GET /favicon.ico HTTP/1.1" 404 3000
INFO 2025-09-19 09:43:39,313 basehttp 65434 140138873091776 "POST /api/token/ HTTP/1.1" 200 491
INFO 2025-09-19 09:43:39,412 basehttp 65434 140138873091776 "GET /api/profile/ HTTP/1.1" 200 473
INFO 2025-09-19 09:43:41,051 basehttp 65434 140138873091776 "GET /api/officer-dashboard/ HTTP/1.1" 200 31661
INFO 2025-09-19 09:43:45,046 basehttp 65434 140138873091776 "GET /api/face-recognition/ HTTP/1.1" 200 18127
INFO 2025-09-19 09:43:45,151 basehttp 65434 140138873091776 "GET /static/core/js/app.js HTTP/1.1" 200 28440
INFO 2025-09-19 09:44:23,326 basehttp 67088 139779731617472 "GET /api/face-recognition/ HTTP/1.1" 200 18127
INFO 2025-09-19 09:44:23,398 basehttp 67088 139779731617472 "GET /static/core/js/app.js HTTP/1.1" 304 0
INFO 2025-09-19 09:44:25,564 basehttp 67088 139779731617472 "GET /api/officer-dashboard/ HTTP/1.1" 200 31661
INFO 2025-09-19 09:44:30,087 basehttp 67088 139779731617472 "GET /api/face-recognition/ HTTP/1.1" 200 18127
INFO 2025-09-19 09:44:36,389 basehttp 67088 139779731617472 "GET / HTTP/1.1" 302 0
INFO 2025-09-19 09:44:36,423 basehttp 67088 139779731617472 "GET /api/login-page/ HTTP/1.1" 200 7896
INFO 2025-09-19 09:44:49,716 basehttp 67088 139779731617472 "POST /api/token/ HTTP/1.1" 200 491
INFO 2025-09-19 09:44:49,787 basehttp 67088 139779731617472 "GET /api/profile/ HTTP/1.1" 200 473
INFO 2025-09-19 09:44:51,428 basehttp 67088 139779731617472 "GET /api/officer-dashboard/ HTTP/1.1" 200 31661
INFO 2025-09-19 09:45:11,808 basehttp 67088 139779731617472 "GET /api/face-recognition/ HTTP/1.1" 200 18127
INFO 2025-09-19 09:45:11,987 basehttp 67088 139779731617472 "GET /static/core/js/app.js HTTP/1.1" 304 0
INFO 2025-09-19 09:45:42,574 basehttp 67088 139779643537088 "GET /api/face-recognition/ HTTP/1.1" 200 18127
INFO 2025-09-19 09:45:42,635 basehttp 67088 139779643537088 "GET /static/core/js/app.js HTTP/1.1" 304 0
INFO 2025-09-19 09:51:00,371 basehttp 67088 139779731617472 "GET /api/face-recognition/ HTTP/1.1" 200 18127
INFO 2025-09-19 09:51:00,765 basehttp 67088 139779731617472 "GET /static/core/js/app.js HTTP/1.1" 200 34956
INFO 2025-09-19 09:51:03,053 basehttp 67088 139779731617472 "GET /api/face-recognition/ HTTP/1.1" 200 18127
INFO 2025-09-19 09:52:22,716 basehttp 67088 139779731617472 "GET /api/face-recognition/ HTTP/1.1" 200 18127
INFO 2025-09-19 09:52:22,960 basehttp 67088 139779731617472 "GET /static/core/js/app.js HTTP/1.1" 304 0
INFO 2025-09-19 09:58:42,532 basehttp 4150 140505952286400 "GET / HTTP/1.1" 302 0
INFO 2025-09-19 09:58:42,587 basehttp 4150 140505952286400 "GET /api/login-page/ HTTP/1.1" 200 7896
WARNING 2025-09-19 09:58:43,268 log 4150 140505943893696 Not Found: /favicon.ico
WARNING 2025-09-19 09:58:43,270 basehttp 4150 140505943893696 "GET /favicon.ico HTTP/1.1" 404 3000
INFO 2025-09-19 09:58:54,367 basehttp 4150 140505934452416 "POST /api/token/ HTTP/1.1" 200 491
INFO 2025-09-19 09:58:54,390 basehttp 4150 140505934452416 "GET /api/profile/ HTTP/1.1" 200 473
INFO 2025-09-19 09:58:55,966 basehttp 4150 140505934452416 "GET /api/officer-dashboard/ HTTP/1.1" 200 31661
INFO 2025-09-19 09:59:14,876 basehttp 4150 140505934452416 "GET /api/face-recognition/ HTTP/1.1" 200 18327
INFO 2025-09-19 09:59:14,962 basehttp 4150 140505934452416 "GET /static/core/js/app.js HTTP/1.1" 200 34956
INFO 2025-09-19 09:59:19,347 basehttp 4150 140505934452416 "GET /api/face-recognition/ HTTP/1.1" 200 18327
INFO 2025-09-19 09:59:39,907 basehttp 4150 140505934452416 "GET /api/face-recognition/ HTTP/1.1" 200 18327
INFO 2025-09-19 09:59:39,959 basehttp 4150 140505934452416 "GET /static/core/js/app.js HTTP/1.1" 304 0
INFO 2025-09-19 10:05:10,620 basehttp 4150 140505943893696 "GET /api/face-recognition/ HTTP/1.1" 200 18327
INFO 2025-09-19 10:05:10,644 basehttp 4150 140505943893696 "GET /static/core/js/app.js HTTP/1.1" 200 44052
INFO 2025-09-19 10:05:11,603 basehttp 4150 140505943893696 "GET /api/face-recognition/ HTTP/1.1" 200 18327
INFO 2025-09-19 10:05:16,863 face_recognition_service 4150 140505943893696 Mock face detection initialized
INFO 2025-09-19 10:05:16,863 face_recognition_service 4150 140505943893696 Image: jg, Similarity: 0.260, Confidence: 0.272
INFO 2025-09-19 10:05:16,863 face_recognition_service 4150 140505943893696 Image: mmj, Similarity: 0.180, Confidence: 0.167
INFO 2025-09-19 10:05:16,864 face_recognition_service 4150 140505943893696 Image: nm, Similarity: 0.150, Confidence: 0.142
INFO 2025-09-19 10:05:16,864 face_recognition_service 4150 140505943893696 Image: w, Similarity: 0.090, Confidence: 0.088
INFO 2025-09-19 10:05:16,864 face_recognition_service 4150 140505943893696 Image: w, Similarity: 0.180, Confidence: 0.188
INFO 2025-09-19 10:05:16,864 face_recognition_service 4150 140505943893696 Image: a, Similarity: 0.110, Confidence: 0.090
INFO 2025-09-19 10:05:16,864 face_recognition_service 4150 140505943893696 Image: s, Similarity: 0.140, Confidence: 0.094
INFO 2025-09-19 10:05:16,864 face_recognition_service 4150 140505943893696 Image: Test Officer Upload, Similarity: 0.221, Confidence: 0.271
INFO 2025-09-19 10:05:16,864 face_recognition_service 4150 140505943893696 Image: Mr Edwin, Similarity: 0.218, Confidence: 0.209
INFO 2025-09-19 10:05:16,864 face_recognition_service 4150 140505943893696 Image: Mr Alex Owusu, Similarity: 0.247, Confidence: 0.241
INFO 2025-09-19 10:05:16,864 face_recognition_service 4150 140505943893696 Image: Apprehend upon being seen, Similarity: 0.072, Confidence: 0.089
INFO 2025-09-19 10:05:16,865 face_recognition_service 4150 140505943893696 Image: ttt, Similarity: 0.180, Confidence: 0.203
INFO 2025-09-19 10:05:16,865 face_recognition_service 4150 140505943893696 Image: Alex, Similarity: 0.250, Confidence: 0.255
INFO 2025-09-19 10:05:16,865 face_recognition_service 4150 140505943893696 Image: Wanted, Similarity: 0.265, Confidence: 0.310
INFO 2025-09-19 10:05:16,866 basehttp 4150 140505943893696 "POST /api/recognize/ HTTP/1.1" 200 2747
INFO 2025-09-19 10:05:21,372 face_recognition_service 4150 140505943893696 Image: jg, Similarity: 0.260, Confidence: 0.284
INFO 2025-09-19 10:05:21,372 face_recognition_service 4150 140505943893696 Image: mmj, Similarity: 0.180, Confidence: 0.198
INFO 2025-09-19 10:05:21,372 face_recognition_service 4150 140505943893696 Image: nm, Similarity: 0.150, Confidence: 0.169
INFO 2025-09-19 10:05:21,372 face_recognition_service 4150 140505943893696 Image: w, Similarity: 0.090, Confidence: 0.095
INFO 2025-09-19 10:05:21,372 face_recognition_service 4150 140505943893696 Image: w, Similarity: 0.180, Confidence: 0.136
INFO 2025-09-19 10:05:21,372 face_recognition_service 4150 140505943893696 Image: a, Similarity: 0.110, Confidence: 0.131
INFO 2025-09-19 10:05:21,372 face_recognition_service 4150 140505943893696 Image: s, Similarity: 0.140, Confidence: 0.107
INFO 2025-09-19 10:05:21,373 face_recognition_service 4150 140505943893696 Image: Test Officer Upload, Similarity: 0.221, Confidence: 0.223
INFO 2025-09-19 10:05:21,373 face_recognition_service 4150 140505943893696 Image: Mr Edwin, Similarity: 0.218, Confidence: 0.214
INFO 2025-09-19 10:05:21,373 face_recognition_service 4150 140505943893696 Image: Mr Alex Owusu, Similarity: 0.247, Confidence: 0.265
INFO 2025-09-19 10:05:21,373 face_recognition_service 4150 140505943893696 Image: Apprehend upon being seen, Similarity: 0.072, Confidence: 0.101
INFO 2025-09-19 10:05:21,373 face_recognition_service 4150 140505943893696 Image: ttt, Similarity: 0.180, Confidence: 0.133
INFO 2025-09-19 10:05:21,373 face_recognition_service 4150 140505943893696 Image: Alex, Similarity: 0.250, Confidence: 0.329
INFO 2025-09-19 10:05:21,373 face_recognition_service 4150 140505943893696 Image: Wanted, Similarity: 0.265, Confidence: 0.238
INFO 2025-09-19 10:05:21,375 basehttp 4150 140505943893696 "POST /api/recognize/ HTTP/1.1" 200 2762
INFO 2025-09-19 10:05:38,058 face_recognition_service 4150 140505943893696 Image: jg, Similarity: 0.260, Confidence: 0.252
INFO 2025-09-19 10:05:38,059 face_recognition_service 4150 140505943893696 Image: mmj, Similarity: 0.180, Confidence: 0.136
INFO 2025-09-19 10:05:38,059 face_recognition_service 4150 140505943893696 Image: nm, Similarity: 0.150, Confidence: 0.116
INFO 2025-09-19 10:05:38,059 face_recognition_service 4150 140505943893696 Image: w, Similarity: 0.090, Confidence: 0.094
INFO 2025-09-19 10:05:38,060 face_recognition_service 4150 140505943893696 Image: w, Similarity: 0.180, Confidence: 0.173
INFO 2025-09-19 10:05:38,060 face_recognition_service 4150 140505943893696 Image: a, Similarity: 0.110, Confidence: 0.133
INFO 2025-09-19 10:05:38,061 face_recognition_service 4150 140505943893696 Image: s, Similarity: 0.140, Confidence: 0.139
INFO 2025-09-19 10:05:38,062 face_recognition_service 4150 140505943893696 Image: Test Officer Upload, Similarity: 0.221, Confidence: 0.197
INFO 2025-09-19 10:05:38,064 face_recognition_service 4150 140505943893696 Image: Mr Edwin, Similarity: 0.218, Confidence: 0.293
INFO 2025-09-19 10:05:38,065 face_recognition_service 4150 140505943893696 Image: Mr Alex Owusu, Similarity: 0.247, Confidence: 0.290
INFO 2025-09-19 10:05:38,065 face_recognition_service 4150 140505943893696 Image: Apprehend upon being seen, Similarity: 0.072, Confidence: 0.073
INFO 2025-09-19 10:05:38,066 face_recognition_service 4150 140505943893696 Image: ttt, Similarity: 0.180, Confidence: 0.147
INFO 2025-09-19 10:05:38,067 face_recognition_service 4150 140505943893696 Image: Alex, Similarity: 0.250, Confidence: 0.312
INFO 2025-09-19 10:05:38,069 face_recognition_service 4150 140505943893696 Image: Wanted, Similarity: 0.265, Confidence: 0.314
INFO 2025-09-19 10:05:38,070 basehttp 4150 140505943893696 "POST /api/recognize/ HTTP/1.1" 200 2702
INFO 2025-09-19 10:05:49,031 basehttp 4150 140505943893696 "GET /api/officer-dashboard/ HTTP/1.1" 200 31661
INFO 2025-09-19 10:06:00,829 basehttp 4150 140505943893696 "GET /api/face-recognition/ HTTP/1.1" 200 18327
INFO 2025-09-19 10:06:00,889 basehttp 4150 140505943893696 "GET /static/core/js/app.js HTTP/1.1" 304 0
INFO 2025-09-19 10:06:09,089 face_recognition_service 4150 140505943893696 Image: jg, Similarity: 0.260, Confidence: 0.248
INFO 2025-09-19 10:06:09,090 face_recognition_service 4150 140505943893696 Image: mmj, Similarity: 0.180, Confidence: 0.183
INFO 2025-09-19 10:06:09,091 face_recognition_service 4150 140505943893696 Image: nm, Similarity: 0.150, Confidence: 0.109
INFO 2025-09-19 10:06:09,091 face_recognition_service 4150 140505943893696 Image: w, Similarity: 0.090, Confidence: 0.104
INFO 2025-09-19 10:06:09,092 face_recognition_service 4150 140505943893696 Image: w, Similarity: 0.180, Confidence: 0.162
INFO 2025-09-19 10:06:09,092 face_recognition_service 4150 140505943893696 Image: a, Similarity: 0.110, Confidence: 0.111
INFO 2025-09-19 10:06:09,092 face_recognition_service 4150 140505943893696 Image: s, Similarity: 0.140, Confidence: 0.109
INFO 2025-09-19 10:06:09,092 face_recognition_service 4150 140505943893696 Image: Test Officer Upload, Similarity: 0.221, Confidence: 0.288
INFO 2025-09-19 10:06:09,092 face_recognition_service 4150 140505943893696 Image: Mr Edwin, Similarity: 0.218, Confidence: 0.286
INFO 2025-09-19 10:06:09,092 face_recognition_service 4150 140505943893696 Image: Mr Alex Owusu, Similarity: 0.247, Confidence: 0.230
INFO 2025-09-19 10:06:09,093 face_recognition_service 4150 140505943893696 Image: Apprehend upon being seen, Similarity: 0.072, Confidence: 0.121
INFO 2025-09-19 10:06:09,093 face_recognition_service 4150 140505943893696 Image: ttt, Similarity: 0.180, Confidence: 0.148
INFO 2025-09-19 10:06:09,093 face_recognition_service 4150 140505943893696 Image: Alex, Similarity: 0.250, Confidence: 0.242
INFO 2025-09-19 10:06:09,093 face_recognition_service 4150 140505943893696 Image: Wanted, Similarity: 0.265, Confidence: 0.284
INFO 2025-09-19 10:06:09,094 basehttp 4150 140505943893696 "POST /api/recognize/ HTTP/1.1" 200 2828
INFO 2025-09-19 10:15:45,012 basehttp 19561 140226324330176 "GET /api/face-recognition/ HTTP/1.1" 200 18327
INFO 2025-09-19 10:15:45,065 basehttp 19561 140226324330176 "GET /static/core/js/app.js HTTP/1.1" 304 0
INFO 2025-09-19 10:15:50,244 face_recognition_service 19561 140226324330176 Mock face detection initialized
INFO 2025-09-19 10:15:50,245 face_recognition_service 19561 140226324330176 Image: jg, Similarity: 0.299, Confidence: 0.332
INFO 2025-09-19 10:15:50,245 face_recognition_service 19561 140226324330176 Image: mmj, Similarity: 0.070, Confidence: 0.076
INFO 2025-09-19 10:15:50,245 face_recognition_service 19561 140226324330176 Image: nm, Similarity: 0.190, Confidence: 0.190
INFO 2025-09-19 10:15:50,246 face_recognition_service 19561 140226324330176 Image: w, Similarity: 0.300, Confidence: 0.303
INFO 2025-09-19 10:15:50,246 face_recognition_service 19561 140226324330176 Image: w, Similarity: 0.140, Confidence: 0.170
INFO 2025-09-19 10:15:50,247 face_recognition_service 19561 140226324330176 Image: a, Similarity: 0.300, Confidence: 0.288
INFO 2025-09-19 10:15:50,247 face_recognition_service 19561 140226324330176 Image: s, Similarity: 0.080, Confidence: 0.116
INFO 2025-09-19 10:15:50,248 face_recognition_service 19561 140226324330176 Image: Test Officer Upload, Similarity: 0.234, Confidence: 0.269
INFO 2025-09-19 10:15:50,248 face_recognition_service 19561 140226324330176 Image: Mr Edwin, Similarity: 0.281, Confidence: 0.292
INFO 2025-09-19 10:15:50,248 face_recognition_service 19561 140226324330176 Image: Mr Alex Owusu, Similarity: 0.312, Confidence: 0.344
INFO 2025-09-19 10:15:50,248 face_recognition_service 19561 140226324330176 Image: Apprehend upon being seen, Similarity: 0.084, Confidence: 0.059
INFO 2025-09-19 10:15:50,248 face_recognition_service 19561 140226324330176 Image: ttt, Similarity: 0.050, Confidence: 0.005
INFO 2025-09-19 10:15:50,249 face_recognition_service 19561 140226324330176 Image: Alex, Similarity: 0.328, Confidence: 0.339
INFO 2025-09-19 10:15:50,249 face_recognition_service 19561 140226324330176 Image: Wanted, Similarity: 0.562, Confidence: 0.638
INFO 2025-09-19 10:15:50,250 basehttp 19561 140226324330176 "POST /api/recognize/ HTTP/1.1" 200 2614
INFO 2025-09-19 10:15:54,173 face_recognition_service 19561 140226324330176 Image: jg, Similarity: 0.299, Confidence: 0.324
INFO 2025-09-19 10:15:54,173 face_recognition_service 19561 140226324330176 Image: mmj, Similarity: 0.070, Confidence: 0.070
INFO 2025-09-19 10:15:54,173 face_recognition_service 19561 140226324330176 Image: nm, Similarity: 0.190, Confidence: 0.223
INFO 2025-09-19 10:15:54,173 face_recognition_service 19561 140226324330176 Image: w, Similarity: 0.300, Confidence: 0.328
INFO 2025-09-19 10:15:54,173 face_recognition_service 19561 140226324330176 Image: w, Similarity: 0.140, Confidence: 0.096
INFO 2025-09-19 10:15:54,173 face_recognition_service 19561 140226324330176 Image: a, Similarity: 0.300, Confidence: 0.325
INFO 2025-09-19 10:15:54,174 face_recognition_service 19561 140226324330176 Image: s, Similarity: 0.080, Confidence: 0.056
INFO 2025-09-19 10:15:54,174 face_recognition_service 19561 140226324330176 Image: Test Officer Upload, Similarity: 0.234, Confidence: 0.203
INFO 2025-09-19 10:15:54,174 face_recognition_service 19561 140226324330176 Image: Mr Edwin, Similarity: 0.281, Confidence: 0.313
INFO 2025-09-19 10:15:54,174 face_recognition_service 19561 140226324330176 Image: Mr Alex Owusu, Similarity: 0.312, Confidence: 0.324
INFO 2025-09-19 10:15:54,174 face_recognition_service 19561 140226324330176 Image: Apprehend upon being seen, Similarity: 0.084, Confidence: 0.107
INFO 2025-09-19 10:15:54,174 face_recognition_service 19561 140226324330176 Image: ttt, Similarity: 0.050, Confidence: 0.043
INFO 2025-09-19 10:15:54,174 face_recognition_service 19561 140226324330176 Image: Alex, Similarity: 0.328, Confidence: 0.346
INFO 2025-09-19 10:15:54,174 face_recognition_service 19561 140226324330176 Image: Wanted, Similarity: 0.562, Confidence: 0.592
INFO 2025-09-19 10:15:54,176 basehttp 19561 140226324330176 "POST /api/recognize/ HTTP/1.1" 200 2612
INFO 2025-09-19 10:15:59,436 face_recognition_service 19561 140226324330176 Image: jg, Similarity: 0.299, Confidence: 0.289
INFO 2025-09-19 10:15:59,436 face_recognition_service 19561 140226324330176 Image: mmj, Similarity: 0.070, Confidence: 0.106
INFO 2025-09-19 10:15:59,436 face_recognition_service 19561 140226324330176 Image: nm, Similarity: 0.190, Confidence: 0.172
INFO 2025-09-19 10:15:59,436 face_recognition_service 19561 140226324330176 Image: w, Similarity: 0.300, Confidence: 0.303
INFO 2025-09-19 10:15:59,437 face_recognition_service 19561 140226324330176 Image: w, Similarity: 0.140, Confidence: 0.124
INFO 2025-09-19 10:15:59,437 face_recognition_service 19561 140226324330176 Image: a, Similarity: 0.300, Confidence: 0.328
INFO 2025-09-19 10:15:59,437 face_recognition_service 19561 140226324330176 Image: s, Similarity: 0.080, Confidence: 0.125
INFO 2025-09-19 10:15:59,437 face_recognition_service 19561 140226324330176 Image: Test Officer Upload, Similarity: 0.234, Confidence: 0.294
INFO 2025-09-19 10:15:59,437 face_recognition_service 19561 140226324330176 Image: Mr Edwin, Similarity: 0.281, Confidence: 0.356
INFO 2025-09-19 10:15:59,437 face_recognition_service 19561 140226324330176 Image: Mr Alex Owusu, Similarity: 0.312, Confidence: 0.357
INFO 2025-09-19 10:15:59,437 face_recognition_service 19561 140226324330176 Image: Apprehend upon being seen, Similarity: 0.084, Confidence: 0.068
INFO 2025-09-19 10:15:59,437 face_recognition_service 19561 140226324330176 Image: ttt, Similarity: 0.050, Confidence: 0.074
INFO 2025-09-19 10:15:59,438 face_recognition_service 19561 140226324330176 Image: Alex, Similarity: 0.328, Confidence: 0.377
INFO 2025-09-19 10:15:59,438 face_recognition_service 19561 140226324330176 Image: Wanted, Similarity: 0.562, Confidence: 0.634
INFO 2025-09-19 10:15:59,439 basehttp 19561 140226324330176 "POST /api/recognize/ HTTP/1.1" 200 2646
INFO 2025-09-19 10:16:06,641 face_recognition_service 19561 140226324330176 Image: jg, Similarity: 0.299, Confidence: 0.305
INFO 2025-09-19 10:16:06,641 face_recognition_service 19561 140226324330176 Image: mmj, Similarity: 0.070, Confidence: 0.025
INFO 2025-09-19 10:16:06,641 face_recognition_service 19561 140226324330176 Image: nm, Similarity: 0.190, Confidence: 0.170
INFO 2025-09-19 10:16:06,641 face_recognition_service 19561 140226324330176 Image: w, Similarity: 0.300, Confidence: 0.320
INFO 2025-09-19 10:16:06,642 face_recognition_service 19561 140226324330176 Image: w, Similarity: 0.140, Confidence: 0.159
INFO 2025-09-19 10:16:06,642 face_recognition_service 19561 140226324330176 Image: a, Similarity: 0.300, Confidence: 0.313
INFO 2025-09-19 10:16:06,642 face_recognition_service 19561 140226324330176 Image: s, Similarity: 0.080, Confidence: 0.059
INFO 2025-09-19 10:16:06,642 face_recognition_service 19561 140226324330176 Image: Test Officer Upload, Similarity: 0.234, Confidence: 0.270
INFO 2025-09-19 10:16:06,643 face_recognition_service 19561 140226324330176 Image: Mr Edwin, Similarity: 0.281, Confidence: 0.345
INFO 2025-09-19 10:16:06,643 face_recognition_service 19561 140226324330176 Image: Mr Alex Owusu, Similarity: 0.312, Confidence: 0.361
INFO 2025-09-19 10:16:06,643 face_recognition_service 19561 140226324330176 Image: Apprehend upon being seen, Similarity: 0.084, Confidence: 0.113
INFO 2025-09-19 10:16:06,643 face_recognition_service 19561 140226324330176 Image: ttt, Similarity: 0.050, Confidence: 0.050
INFO 2025-09-19 10:16:06,643 face_recognition_service 19561 140226324330176 Image: Alex, Similarity: 0.328, Confidence: 0.393
INFO 2025-09-19 10:16:06,643 face_recognition_service 19561 140226324330176 Image: Wanted, Similarity: 0.562, Confidence: 0.596
INFO 2025-09-19 10:16:06,645 basehttp 19561 140226324330176 "POST /api/recognize/ HTTP/1.1" 200 2650
INFO 2025-09-19 10:16:11,968 basehttp 19561 140226324330176 "GET /api/officer-dashboard/ HTTP/1.1" 200 31661
INFO 2025-09-19 10:16:47,238 basehttp 19561 140226324330176 "GET / HTTP/1.1" 302 0
INFO 2025-09-19 10:16:47,245 basehttp 19561 140226324330176 "GET /api/login-page/ HTTP/1.1" 200 7896
WARNING 2025-09-19 10:17:05,618 log 19561 140226324330176 Unauthorized: /api/token/
WARNING 2025-09-19 10:17:05,620 basehttp 19561 140226324330176 "POST /api/token/ HTTP/1.1" 401 63
INFO 2025-09-19 10:17:42,202 basehttp 19561 140226324330176 "POST /api/token/ HTTP/1.1" 200 491
INFO 2025-09-19 10:17:42,221 basehttp 19561 140226324330176 "GET /api/profile/ HTTP/1.1" 200 479
INFO 2025-09-19 10:17:43,801 basehttp 19561 140226324330176 "GET /api/admin-dashboard/ HTTP/1.1" 200 63402
INFO 2025-09-19 10:17:47,161 basehttp 19561 140226324330176 "GET /api/image-management/ HTTP/1.1" 200 16705
INFO 2025-09-19 10:17:47,216 basehttp 19561 140226324330176 "GET /static/core/js/image-management.js HTTP/1.1" 200 16789
INFO 2025-09-19 10:17:47,418 basehttp 19561 140226288678592 "GET /api/images/ HTTP/1.1" 200 5174
INFO 2025-09-19 10:17:47,433 basehttp 19561 140226324330176 "GET /api/images/?page=1&page_size=12 HTTP/1.1" 200 5174
INFO 2025-09-19 10:17:47,500 basehttp 19561 140226324330176 "GET /media/uploads/images/2025/09/19/RUID247b98d0660e4465811c60fc9f2e7054.jpg HTTP/1.1" 200 239831
INFO 2025-09-19 10:17:47,523 basehttp 19561 140226051700416 "GET /media/uploads/images/2025/09/19/RUID96301e53345e4bd49f387647095ef867.jpg HTTP/1.1" 200 42704
INFO 2025-09-19 10:17:47,525 basehttp 19561 140226280285888 "GET /media/uploads/images/2025/09/19/RUID178e4cc9713848e396f3425a4bdb9233.jpg HTTP/1.1" 200 70299
INFO 2025-09-19 10:17:47,528 basehttp 19561 140226288678592 "GET /media/uploads/images/2025/09/19/RUID2a7ab36000af4d4ab6a536afe6b48788.jpg HTTP/1.1" 200 152989
INFO 2025-09-19 10:17:47,530 basehttp 19561 140226324330176 "GET /media/uploads/images/2025/09/19/RUID30a34535e4a6462fa3b0410cfea02c74.jpg HTTP/1.1" 200 21369
INFO 2025-09-19 10:17:47,538 basehttp 19561 140226043307712 "GET /media/uploads/images/2025/09/19/RUID675d58be7de949fa9c7822a93f991d09.jpg HTTP/1.1" 200 115470
INFO 2025-09-19 10:17:47,548 basehttp 19561 140226266658496 "GET /media/uploads/images/2025/09/19/RUID68939cf387f847e4a75c23dc75dd9022.jpg HTTP/1.1" 200 81194
INFO 2025-09-19 10:17:47,618 basehttp 19561 140226043307712 "GET /media/uploads/images/2025/09/19/RUID9e8e16cc0628400688bfb9a7d8dd86ac.jpg HTTP/1.1" 200 70690
INFO 2025-09-19 10:17:47,620 basehttp 19561 140226266658496 "GET /media/uploads/images/2025/09/19/RUID99bc0d893c01438499e419feae507d8b.jpg HTTP/1.1" 200 122546
INFO 2025-09-19 10:17:47,621 basehttp 19561 140226288678592 "GET /media/uploads/images/2025/09/19/RUID7cfb20ae9cd5440fb5c84880b922eb00.jpg HTTP/1.1" 200 129572
INFO 2025-09-19 10:17:47,622 basehttp 19561 140226280285888 "GET /media/uploads/images/2025/09/19/RUID9efae9dde35e4be1877ac90dc6646ae7.jpg HTTP/1.1" 200 169881
INFO 2025-09-19 10:17:47,622 basehttp 19561 140226051700416 "GET /media/uploads/images/2025/09/19/RUID07dd87ef3ff24023bf378ab17ed51692.jpg HTTP/1.1" 200 212565
INFO 2025-09-19 10:17:52,056 basehttp 19561 140226288678592 "GET /api/face-recognition/ HTTP/1.1" 200 18327
INFO 2025-09-19 10:17:52,146 basehttp 19561 140226288678592 "GET /static/core/js/app.js HTTP/1.1" 304 0
INFO 2025-09-19 10:17:56,114 face_recognition_service 19561 140226288678592 Image: jg, Similarity: 0.299, Confidence: 0.318
INFO 2025-09-19 10:17:56,114 face_recognition_service 19561 140226288678592 Image: mmj, Similarity: 0.070, Confidence: 0.055
INFO 2025-09-19 10:17:56,114 face_recognition_service 19561 140226288678592 Image: nm, Similarity: 0.190, Confidence: 0.220
INFO 2025-09-19 10:17:56,114 face_recognition_service 19561 140226288678592 Image: w, Similarity: 0.300, Confidence: 0.299
INFO 2025-09-19 10:17:56,115 face_recognition_service 19561 140226288678592 Image: w, Similarity: 0.140, Confidence: 0.168
INFO 2025-09-19 10:17:56,115 face_recognition_service 19561 140226288678592 Image: a, Similarity: 0.300, Confidence: 0.318
INFO 2025-09-19 10:17:56,115 face_recognition_service 19561 140226288678592 Image: s, Similarity: 0.080, Confidence: 0.064
INFO 2025-09-19 10:17:56,115 face_recognition_service 19561 140226288678592 Image: Test Officer Upload, Similarity: 0.234, Confidence: 0.204
INFO 2025-09-19 10:17:56,115 face_recognition_service 19561 140226288678592 Image: Mr Edwin, Similarity: 0.281, Confidence: 0.338
INFO 2025-09-19 10:17:56,115 face_recognition_service 19561 140226288678592 Image: Mr Alex Owusu, Similarity: 0.312, Confidence: 0.365
INFO 2025-09-19 10:17:56,115 face_recognition_service 19561 140226288678592 Image: Apprehend upon being seen, Similarity: 0.084, Confidence: 0.047
INFO 2025-09-19 10:17:56,115 face_recognition_service 19561 140226288678592 Image: ttt, Similarity: 0.050, Confidence: 0.060
INFO 2025-09-19 10:17:56,116 face_recognition_service 19561 140226288678592 Image: Alex, Similarity: 0.328, Confidence: 0.366
INFO 2025-09-19 10:17:56,116 face_recognition_service 19561 140226288678592 Image: Wanted, Similarity: 0.562, Confidence: 0.603
INFO 2025-09-19 10:17:56,117 basehttp 19561 140226288678592 "POST /api/recognize/ HTTP/1.1" 200 2647
INFO 2025-09-19 10:17:59,457 face_recognition_service 19561 140226288678592 Image: jg, Similarity: 0.299, Confidence: 0.291
INFO 2025-09-19 10:17:59,458 face_recognition_service 19561 140226288678592 Image: mmj, Similarity: 0.070, Confidence: 0.062
INFO 2025-09-19 10:17:59,459 face_recognition_service 19561 140226288678592 Image: nm, Similarity: 0.190, Confidence: 0.209
INFO 2025-09-19 10:17:59,459 face_recognition_service 19561 140226288678592 Image: w, Similarity: 0.300, Confidence: 0.309
INFO 2025-09-19 10:17:59,459 face_recognition_service 19561 140226288678592 Image: w, Similarity: 0.140, Confidence: 0.109
INFO 2025-09-19 10:17:59,460 face_recognition_service 19561 140226288678592 Image: a, Similarity: 0.300, Confidence: 0.295
INFO 2025-09-19 10:17:59,460 face_recognition_service 19561 140226288678592 Image: s, Similarity: 0.080, Confidence: 0.031
INFO 2025-09-19 10:17:59,460 face_recognition_service 19561 140226288678592 Image: Test Officer Upload, Similarity: 0.234, Confidence: 0.269
INFO 2025-09-19 10:17:59,461 face_recognition_service 19561 140226288678592 Image: Mr Edwin, Similarity: 0.281, Confidence: 0.335
INFO 2025-09-19 10:17:59,462 face_recognition_service 19561 140226288678592 Image: Mr Alex Owusu, Similarity: 0.312, Confidence: 0.361
INFO 2025-09-19 10:17:59,463 face_recognition_service 19561 140226288678592 Image: Apprehend upon being seen, Similarity: 0.084, Confidence: 0.062
INFO 2025-09-19 10:17:59,463 face_recognition_service 19561 140226288678592 Image: ttt, Similarity: 0.050, Confidence: 0.022
INFO 2025-09-19 10:17:59,463 face_recognition_service 19561 140226288678592 Image: Alex, Similarity: 0.328, Confidence: 0.377
INFO 2025-09-19 10:17:59,463 face_recognition_service 19561 140226288678592 Image: Wanted, Similarity: 0.562, Confidence: 0.622
INFO 2025-09-19 10:17:59,464 basehttp 19561 140226288678592 "POST /api/recognize/ HTTP/1.1" 200 2649
INFO 2025-09-19 10:18:15,601 face_recognition_service 19561 140226288678592 Image: jg, Similarity: 0.299, Confidence: 0.310
INFO 2025-09-19 10:18:15,601 face_recognition_service 19561 140226288678592 Image: mmj, Similarity: 0.070, Confidence: 0.053
INFO 2025-09-19 10:18:15,601 face_recognition_service 19561 140226288678592 Image: nm, Similarity: 0.190, Confidence: 0.181
INFO 2025-09-19 10:18:15,601 face_recognition_service 19561 140226288678592 Image: w, Similarity: 0.300, Confidence: 0.272
INFO 2025-09-19 10:18:15,601 face_recognition_service 19561 140226288678592 Image: w, Similarity: 0.140, Confidence: 0.113
INFO 2025-09-19 10:18:15,601 face_recognition_service 19561 140226288678592 Image: a, Similarity: 0.300, Confidence: 0.295
INFO 2025-09-19 10:18:15,602 face_recognition_service 19561 140226288678592 Image: s, Similarity: 0.080, Confidence: 0.115
INFO 2025-09-19 10:18:15,602 face_recognition_service 19561 140226288678592 Image: Test Officer Upload, Similarity: 0.234, Confidence: 0.252
INFO 2025-09-19 10:18:15,603 face_recognition_service 19561 140226288678592 Image: Mr Edwin, Similarity: 0.281, Confidence: 0.317
INFO 2025-09-19 10:18:15,603 face_recognition_service 19561 140226288678592 Image: Mr Alex Owusu, Similarity: 0.312, Confidence: 0.340
INFO 2025-09-19 10:18:15,603 face_recognition_service 19561 140226288678592 Image: Apprehend upon being seen, Similarity: 0.084, Confidence: 0.116
INFO 2025-09-19 10:18:15,603 face_recognition_service 19561 140226288678592 Image: ttt, Similarity: 0.050, Confidence: 0.008
INFO 2025-09-19 10:18:15,603 face_recognition_service 19561 140226288678592 Image: Alex, Similarity: 0.328, Confidence: 0.380
INFO 2025-09-19 10:18:15,603 face_recognition_service 19561 140226288678592 Image: Wanted, Similarity: 0.562, Confidence: 0.632
INFO 2025-09-19 10:18:15,605 basehttp 19561 140226288678592 "POST /api/recognize/ HTTP/1.1" 200 2644
INFO 2025-09-19 10:18:27,485 face_recognition_service 19561 140226288678592 Image: jg, Similarity: 0.299, Confidence: 0.355
INFO 2025-09-19 10:18:27,486 face_recognition_service 19561 140226288678592 Image: mmj, Similarity: 0.070, Confidence: 0.022
INFO 2025-09-19 10:18:27,487 face_recognition_service 19561 140226288678592 Image: nm, Similarity: 0.190, Confidence: 0.172
INFO 2025-09-19 10:18:27,487 face_recognition_service 19561 140226288678592 Image: w, Similarity: 0.300, Confidence: 0.288
INFO 2025-09-19 10:18:27,489 face_recognition_service 19561 140226288678592 Image: w, Similarity: 0.140, Confidence: 0.137
INFO 2025-09-19 10:18:27,489 face_recognition_service 19561 140226288678592 Image: a, Similarity: 0.300, Confidence: 0.297
INFO 2025-09-19 10:18:27,489 face_recognition_service 19561 140226288678592 Image: s, Similarity: 0.080, Confidence: 0.034
INFO 2025-09-19 10:18:27,490 face_recognition_service 19561 140226288678592 Image: Test Officer Upload, Similarity: 0.234, Confidence: 0.230
INFO 2025-09-19 10:18:27,490 face_recognition_service 19561 140226288678592 Image: Mr Edwin, Similarity: 0.281, Confidence: 0.358
INFO 2025-09-19 10:18:27,490 face_recognition_service 19561 140226288678592 Image: Mr Alex Owusu, Similarity: 0.312, Confidence: 0.367
INFO 2025-09-19 10:18:27,490 face_recognition_service 19561 140226288678592 Image: Apprehend upon being seen, Similarity: 0.084, Confidence: 0.069
INFO 2025-09-19 10:18:27,490 face_recognition_service 19561 140226288678592 Image: ttt, Similarity: 0.050, Confidence: 0.062
INFO 2025-09-19 10:18:27,490 face_recognition_service 19561 140226288678592 Image: Alex, Similarity: 0.328, Confidence: 0.370
INFO 2025-09-19 10:18:27,490 face_recognition_service 19561 140226288678592 Image: Wanted, Similarity: 0.562, Confidence: 0.592
INFO 2025-09-19 10:18:27,492 basehttp 19561 140226288678592 "POST /api/recognize/ HTTP/1.1" 200 2648
INFO 2025-09-19 10:18:31,357 basehttp 19561 140226288678592 "GET /api/officer-dashboard/ HTTP/1.1" 200 31661
INFO 2025-09-19 10:18:38,387 basehttp 19561 140226288678592 "GET /api/login-page/ HTTP/1.1" 200 7896
INFO 2025-09-19 10:18:56,015 basehttp 19561 140226288678592 "POST /api/token/ HTTP/1.1" 200 491
INFO 2025-09-19 10:18:56,035 basehttp 19561 140226288678592 "GET /api/profile/ HTTP/1.1" 200 473
INFO 2025-09-19 10:18:57,616 basehttp 19561 140226288678592 "GET /api/officer-dashboard/ HTTP/1.1" 200 31661
INFO 2025-09-19 10:19:02,269 basehttp 19561 140226288678592 "GET /api/admin-dashboard/ HTTP/1.1" 200 63402
INFO 2025-09-19 10:19:07,587 basehttp 19561 140226288678592 "GET /api/login-page/ HTTP/1.1" 200 7896
INFO 2025-09-19 10:19:24,348 basehttp 19561 140226288678592 "POST /api/token/ HTTP/1.1" 200 491
INFO 2025-09-19 10:19:24,373 basehttp 19561 140226288678592 "GET /api/profile/ HTTP/1.1" 200 479
INFO 2025-09-19 10:19:25,950 basehttp 19561 140226288678592 "GET /api/admin-dashboard/ HTTP/1.1" 200 63402
INFO 2025-09-19 10:22:24,505 basehttp 19561 140226288678592 "GET /api/login-page/ HTTP/1.1" 200 7896
INFO 2025-09-19 10:24:53,175 basehttp 19561 140226288678592 "POST /api/token/ HTTP/1.1" 200 491
INFO 2025-09-19 10:24:53,216 basehttp 19561 140226288678592 "GET /api/profile/ HTTP/1.1" 200 473
INFO 2025-09-19 10:24:54,793 basehttp 19561 140226288678592 "GET /api/officer-dashboard/ HTTP/1.1" 200 31661
INFO 2025-09-19 10:25:15,254 basehttp 19561 140226288678592 "GET /api/face-recognition/ HTTP/1.1" 200 18327
INFO 2025-09-19 10:25:15,334 basehttp 19561 140226288678592 "GET /static/core/js/app.js HTTP/1.1" 304 0
INFO 2025-09-19 10:25:34,160 face_recognition_service 19561 140226288678592 Image: jg, Similarity: 0.299, Confidence: 0.368
INFO 2025-09-19 10:25:34,160 face_recognition_service 19561 140226288678592 Image: mmj, Similarity: 0.070, Confidence: 0.092
INFO 2025-09-19 10:25:34,160 face_recognition_service 19561 140226288678592 Image: nm, Similarity: 0.190, Confidence: 0.226
INFO 2025-09-19 10:25:34,160 face_recognition_service 19561 140226288678592 Image: w, Similarity: 0.300, Confidence: 0.303
INFO 2025-09-19 10:25:34,160 face_recognition_service 19561 140226288678592 Image: w, Similarity: 0.140, Confidence: 0.137
INFO 2025-09-19 10:25:34,160 face_recognition_service 19561 140226288678592 Image: a, Similarity: 0.300, Confidence: 0.294
INFO 2025-09-19 10:25:34,161 face_recognition_service 19561 140226288678592 Image: s, Similarity: 0.080, Confidence: 0.125
INFO 2025-09-19 10:25:34,161 face_recognition_service 19561 140226288678592 Image: Test Officer Upload, Similarity: 0.234, Confidence: 0.243
INFO 2025-09-19 10:25:34,161 face_recognition_service 19561 140226288678592 Image: Mr Edwin, Similarity: 0.281, Confidence: 0.322
INFO 2025-09-19 10:25:34,161 face_recognition_service 19561 140226288678592 Image: Mr Alex Owusu, Similarity: 0.312, Confidence: 0.326
INFO 2025-09-19 10:25:34,161 face_recognition_service 19561 140226288678592 Image: Apprehend upon being seen, Similarity: 0.084, Confidence: 0.100
INFO 2025-09-19 10:25:34,161 face_recognition_service 19561 140226288678592 Image: ttt, Similarity: 0.050, Confidence: 0.068
INFO 2025-09-19 10:25:34,161 face_recognition_service 19561 140226288678592 Image: Alex, Similarity: 0.328, Confidence: 0.366
INFO 2025-09-19 10:25:34,162 face_recognition_service 19561 140226288678592 Image: Wanted, Similarity: 0.562, Confidence: 0.594
INFO 2025-09-19 10:25:34,163 basehttp 19561 140226288678592 "POST /api/recognize/ HTTP/1.1" 200 2647
INFO 2025-09-19 10:26:12,876 basehttp 19561 140226288678592 "GET /api/officer-dashboard/ HTTP/1.1" 200 31661
INFO 2025-09-19 10:28:41,496 basehttp 19561 140226288678592 "GET /api/face-recognition/ HTTP/1.1" 200 18327
INFO 2025-09-19 10:28:41,554 basehttp 19561 140226288678592 "GET /static/core/js/app.js HTTP/1.1" 304 0
INFO 2025-09-19 10:29:10,732 face_recognition_service 19561 140226288678592 Image: jg, Similarity: 0.299, Confidence: 0.318
INFO 2025-09-19 10:29:10,734 face_recognition_service 19561 140226288678592 Image: mmj, Similarity: 0.070, Confidence: 0.055
INFO 2025-09-19 10:29:10,735 face_recognition_service 19561 140226288678592 Image: nm, Similarity: 0.190, Confidence: 0.183
INFO 2025-09-19 10:29:10,736 face_recognition_service 19561 140226288678592 Image: w, Similarity: 0.300, Confidence: 0.289
INFO 2025-09-19 10:29:10,736 face_recognition_service 19561 140226288678592 Image: w, Similarity: 0.140, Confidence: 0.136
INFO 2025-09-19 10:29:10,738 face_recognition_service 19561 140226288678592 Image: a, Similarity: 0.300, Confidence: 0.307
INFO 2025-09-19 10:29:10,740 face_recognition_service 19561 140226288678592 Image: s, Similarity: 0.080, Confidence: 0.056
INFO 2025-09-19 10:29:10,742 face_recognition_service 19561 140226288678592 Image: Test Officer Upload, Similarity: 0.234, Confidence: 0.269
INFO 2025-09-19 10:29:10,743 face_recognition_service 19561 140226288678592 Image: Mr Edwin, Similarity: 0.281, Confidence: 0.349
INFO 2025-09-19 10:29:10,743 face_recognition_service 19561 140226288678592 Image: Mr Alex Owusu, Similarity: 0.312, Confidence: 0.313
INFO 2025-09-19 10:29:10,743 face_recognition_service 19561 140226288678592 Image: Apprehend upon being seen, Similarity: 0.084, Confidence: 0.131
INFO 2025-09-19 10:29:10,743 face_recognition_service 19561 140226288678592 Image: ttt, Similarity: 0.050, Confidence: 0.051
INFO 2025-09-19 10:29:10,744 face_recognition_service 19561 140226288678592 Image: Alex, Similarity: 0.328, Confidence: 0.370
INFO 2025-09-19 10:29:10,744 face_recognition_service 19561 140226288678592 Image: Wanted, Similarity: 0.562, Confidence: 0.649
INFO 2025-09-19 10:29:10,745 basehttp 19561 140226288678592 "POST /api/recognize/ HTTP/1.1" 200 2649
INFO 2025-09-19 10:29:21,414 face_recognition_service 19561 140226288678592 Image: jg, Similarity: 0.299, Confidence: 0.314
INFO 2025-09-19 10:29:21,415 face_recognition_service 19561 140226288678592 Image: mmj, Similarity: 0.070, Confidence: 0.055
INFO 2025-09-19 10:29:21,416 face_recognition_service 19561 140226288678592 Image: nm, Similarity: 0.190, Confidence: 0.210
INFO 2025-09-19 10:29:21,416 face_recognition_service 19561 140226288678592 Image: w, Similarity: 0.300, Confidence: 0.270
INFO 2025-09-19 10:29:21,417 face_recognition_service 19561 140226288678592 Image: w, Similarity: 0.140, Confidence: 0.104
INFO 2025-09-19 10:29:21,418 face_recognition_service 19561 140226288678592 Image: a, Similarity: 0.300, Confidence: 0.284
INFO 2025-09-19 10:29:21,418 face_recognition_service 19561 140226288678592 Image: s, Similarity: 0.080, Confidence: 0.033
INFO 2025-09-19 10:29:21,418 face_recognition_service 19561 140226288678592 Image: Test Officer Upload, Similarity: 0.234, Confidence: 0.274
INFO 2025-09-19 10:29:21,418 face_recognition_service 19561 140226288678592 Image: Mr Edwin, Similarity: 0.281, Confidence: 0.260
INFO 2025-09-19 10:29:21,419 face_recognition_service 19561 140226288678592 Image: Mr Alex Owusu, Similarity: 0.312, Confidence: 0.351
INFO 2025-09-19 10:29:21,420 face_recognition_service 19561 140226288678592 Image: Apprehend upon being seen, Similarity: 0.084, Confidence: 0.089
INFO 2025-09-19 10:29:21,420 face_recognition_service 19561 140226288678592 Image: ttt, Similarity: 0.050, Confidence: 0.073
INFO 2025-09-19 10:29:21,420 face_recognition_service 19561 140226288678592 Image: Alex, Similarity: 0.328, Confidence: 0.349
INFO 2025-09-19 10:29:21,421 face_recognition_service 19561 140226288678592 Image: Wanted, Similarity: 0.562, Confidence: 0.604
INFO 2025-09-19 10:29:21,423 basehttp 19561 140226288678592 "POST /api/recognize/ HTTP/1.1" 200 2609
INFO 2025-09-19 10:30:55,631 basehttp 19561 140226288678592 "GET /api/officer-dashboard/ HTTP/1.1" 200 31661
INFO 2025-09-19 10:31:00,125 basehttp 19561 140226288678592 "GET /api/login-page/ HTTP/1.1" 200 7896
INFO 2025-09-19 10:31:03,640 basehttp 19561 140226288678592 "GET /api/login-page/ HTTP/1.1" 200 7896
INFO 2025-09-19 13:59:47,153 basehttp 14497 140099564074688 "GET / HTTP/1.1" 302 0
INFO 2025-09-19 13:59:47,178 basehttp 14497 140099564074688 "GET /api/login-page/ HTTP/1.1" 200 7896
WARNING 2025-09-19 13:59:47,589 log 14497 140099564074688 Not Found: /favicon.ico
WARNING 2025-09-19 13:59:47,589 basehttp 14497 140099564074688 "GET /favicon.ico HTTP/1.1" 404 3000
INFO 2025-09-19 14:01:21,713 basehttp 14497 140099484382912 "GET / HTTP/1.1" 302 0
INFO 2025-09-19 14:01:21,720 basehttp 14497 140099484382912 "GET /api/login-page/ HTTP/1.1" 200 7896
WARNING 2025-09-19 14:01:22,117 log 14497 140099484382912 Not Found: /favicon.ico
WARNING 2025-09-19 14:01:22,118 basehttp 14497 140099484382912 "GET /favicon.ico HTTP/1.1" 404 3000
INFO 2025-09-19 14:01:40,037 basehttp 14497 140099475990208 "POST /api/token/ HTTP/1.1" 200 491
INFO 2025-09-19 14:01:40,061 basehttp 14497 140099475990208 "GET /api/profile/ HTTP/1.1" 200 473
INFO 2025-09-19 14:01:41,646 basehttp 14497 140099475990208 "GET /api/officer-dashboard/ HTTP/1.1" 200 31661
INFO 2025-09-19 14:01:41,769 basehttp 14497 140099475990208 "GET /static/core/js/dashboard.js HTTP/1.1" 200 95309
INFO 2025-09-19 14:01:48,037 basehttp 14497 140099475990208 "GET /api/image-upload/ HTTP/1.1" 200 19865
INFO 2025-09-19 14:01:48,085 basehttp 14497 140099475990208 "GET /static/core/js/image-upload.js HTTP/1.1" 200 18640
INFO 2025-09-19 14:01:48,230 basehttp 14497 140099475990208 "GET /api/images/?page=1&page_size=12 HTTP/1.1" 200 5177
INFO 2025-09-19 14:01:48,331 basehttp 14497 140099475990208 "GET /media/uploads/images/2025/09/19/RUID675d58be7de949fa9c7822a93f991d09.jpg HTTP/1.1" 304 0
INFO 2025-09-19 14:01:48,347 basehttp 14497 140099475990208 "GET /media/uploads/images/2025/09/19/RUID7cfb20ae9cd5440fb5c84880b922eb00.jpg HTTP/1.1" 304 0
INFO 2025-09-19 14:01:48,349 basehttp 14497 140099484382912 "GET /media/uploads/images/2025/09/19/RUID30a34535e4a6462fa3b0410cfea02c74.jpg HTTP/1.1" 304 0
INFO 2025-09-19 14:01:48,367 basehttp 14497 140099455018688 "GET /media/uploads/images/2025/09/19/RUID99bc0d893c01438499e419feae507d8b.jpg HTTP/1.1" 304 0
INFO 2025-09-19 14:01:48,375 basehttp 14497 140099564074688 "GET /media/uploads/images/2025/09/19/RUID07dd87ef3ff24023bf378ab17ed51692.jpg HTTP/1.1" 304 0
INFO 2025-09-19 14:01:48,381 basehttp 14497 140099463411392 "GET /media/uploads/images/2025/09/19/RUID9efae9dde35e4be1877ac90dc6646ae7.jpg HTTP/1.1" 304 0
INFO 2025-09-19 14:01:48,391 basehttp 14497 140099455018688 "GET /media/uploads/images/2025/09/19/RUID5ed73381f4594a31ba91025fc322ff75.jpg HTTP/1.1" 200 61624
INFO 2025-09-19 14:01:48,382 basehttp 14497 140099446625984 "GET /media/uploads/images/2025/09/19/RUID9e8e16cc0628400688bfb9a7d8dd86ac.jpg HTTP/1.1" 304 0
INFO 2025-09-19 14:01:48,383 basehttp 14497 140099484382912 "GET /media/uploads/images/2025/09/19/RUID1f1a436d84104fbcb5436b83ee3baebe.jpg HTTP/1.1" 200 115308
INFO 2025-09-19 14:01:48,436 basehttp 14497 140099475990208 "GET /media/uploads/images/2025/09/19/RUID0bbd44491e394716a8fc61fe538cf649.jpg HTTP/1.1" 200 217569
INFO 2025-09-19 14:01:48,448 basehttp 14497 140099463411392 "GET /media/uploads/images/2025/09/19/RUID84f658ada43249d8a21d88f00a20d3c3.jpg HTTP/1.1" 200 49509
INFO 2025-09-19 14:01:48,449 basehttp 14497 140099446625984 "GET /media/uploads/images/2025/09/19/RUIDffaec4affa424babbb65b8812450e7e6.jpg HTTP/1.1" 200 162606
INFO 2025-09-19 14:11:29,925 basehttp 14497 140099475990208 "POST /api/token/ HTTP/1.1" 200 491
INFO 2025-09-19 14:11:29,944 basehttp 14497 140099475990208 "GET /api/profile/ HTTP/1.1" 200 473
INFO 2025-09-19 14:11:31,512 basehttp 14497 140099475990208 "GET /api/officer-dashboard/ HTTP/1.1" 200 31661
INFO 2025-09-19 14:11:41,584 basehttp 14497 140099475990208 "GET /api/face-recognition/ HTTP/1.1" 200 18327
INFO 2025-09-19 14:11:41,621 basehttp 14497 140099475990208 "GET /static/core/js/app.js HTTP/1.1" 304 0
INFO 2025-09-19 14:12:12,106 face_recognition_service 14497 140099475990208 Mock face detection initialized
INFO 2025-09-19 14:12:12,107 face_recognition_service 14497 140099475990208 Image: jg, Similarity: 0.481, Confidence: 0.543
INFO 2025-09-19 14:12:12,107 face_recognition_service 14497 140099475990208 Image: mmj, Similarity: 0.060, Confidence: 0.089
INFO 2025-09-19 14:12:12,107 face_recognition_service 14497 140099475990208 Image: nm, Similarity: 0.320, Confidence: 0.336
INFO 2025-09-19 14:12:12,107 face_recognition_service 14497 140099475990208 Image: w, Similarity: 0.130, Confidence: 0.130
INFO 2025-09-19 14:12:12,107 face_recognition_service 14497 140099475990208 Image: w, Similarity: 0.090, Confidence: 0.090
INFO 2025-09-19 14:12:12,107 face_recognition_service 14497 140099475990208 Image: a, Similarity: 0.080, Confidence: 0.061
INFO 2025-09-19 14:12:12,108 face_recognition_service 14497 140099475990208 Image: s, Similarity: 0.340, Confidence: 0.369
INFO 2025-09-19 14:12:12,108 face_recognition_service 14497 140099475990208 Image: Test Officer Upload, Similarity: 0.208, Confidence: 0.260
INFO 2025-09-19 14:12:12,108 face_recognition_service 14497 140099475990208 Image: Mr Edwin, Similarity: 0.234, Confidence: 0.238
INFO 2025-09-19 14:12:12,108 face_recognition_service 14497 140099475990208 Image: Mr Alex Owusu, Similarity: 0.312, Confidence: 0.355
INFO 2025-09-19 14:12:12,108 face_recognition_service 14497 140099475990208 Image: Apprehend upon being seen, Similarity: 0.180, Confidence: 0.183
INFO 2025-09-19 14:12:12,108 face_recognition_service 14497 140099475990208 Image: ttt, Similarity: 0.160, Confidence: 0.129
INFO 2025-09-19 14:12:12,108 face_recognition_service 14497 140099475990208 Image: Alex, Similarity: 0.094, Confidence: 0.118
INFO 2025-09-19 14:12:12,108 face_recognition_service 14497 140099475990208 Image: Wanted, Similarity: 0.140, Confidence: 0.209
INFO 2025-09-19 14:12:12,109 basehttp 14497 140099475990208 "POST /api/recognize/ HTTP/1.1" 200 2693
INFO 2025-09-19 14:12:17,781 face_recognition_service 14497 140099475990208 Image: jg, Similarity: 0.481, Confidence: 0.560
INFO 2025-09-19 14:12:17,781 face_recognition_service 14497 140099475990208 Image: mmj, Similarity: 0.060, Confidence: 0.050
INFO 2025-09-19 14:12:17,782 face_recognition_service 14497 140099475990208 Image: nm, Similarity: 0.320, Confidence: 0.334
INFO 2025-09-19 14:12:17,782 face_recognition_service 14497 140099475990208 Image: w, Similarity: 0.130, Confidence: 0.100
INFO 2025-09-19 14:12:17,782 face_recognition_service 14497 140099475990208 Image: w, Similarity: 0.090, Confidence: 0.072
INFO 2025-09-19 14:12:17,782 face_recognition_service 14497 140099475990208 Image: a, Similarity: 0.080, Confidence: 0.040
INFO 2025-09-19 14:12:17,782 face_recognition_service 14497 140099475990208 Image: s, Similarity: 0.340, Confidence: 0.369
INFO 2025-09-19 14:12:17,782 face_recognition_service 14497 140099475990208 Image: Test Officer Upload, Similarity: 0.208, Confidence: 0.247
INFO 2025-09-19 14:12:17,782 face_recognition_service 14497 140099475990208 Image: Mr Edwin, Similarity: 0.234, Confidence: 0.235
INFO 2025-09-19 14:12:17,783 face_recognition_service 14497 140099475990208 Image: Mr Alex Owusu, Similarity: 0.312, Confidence: 0.338
INFO 2025-09-19 14:12:17,783 face_recognition_service 14497 140099475990208 Image: Apprehend upon being seen, Similarity: 0.180, Confidence: 0.137
INFO 2025-09-19 14:12:17,783 face_recognition_service 14497 140099475990208 Image: ttt, Similarity: 0.160, Confidence: 0.170
INFO 2025-09-19 14:12:17,783 face_recognition_service 14497 140099475990208 Image: Alex, Similarity: 0.094, Confidence: 0.077
INFO 2025-09-19 14:12:17,783 face_recognition_service 14497 140099475990208 Image: Wanted, Similarity: 0.140, Confidence: 0.111
INFO 2025-09-19 14:12:17,785 basehttp 14497 140099475990208 "POST /api/recognize/ HTTP/1.1" 200 2695
INFO 2025-09-19 14:12:22,983 face_recognition_service 14497 140099475990208 Image: jg, Similarity: 0.481, Confidence: 0.497
INFO 2025-09-19 14:12:22,984 face_recognition_service 14497 140099475990208 Image: mmj, Similarity: 0.060, Confidence: 0.055
INFO 2025-09-19 14:12:22,984 face_recognition_service 14497 140099475990208 Image: nm, Similarity: 0.320, Confidence: 0.316
INFO 2025-09-19 14:12:22,984 face_recognition_service 14497 140099475990208 Image: w, Similarity: 0.130, Confidence: 0.103
INFO 2025-09-19 14:12:22,984 face_recognition_service 14497 140099475990208 Image: w, Similarity: 0.090, Confidence: 0.058
INFO 2025-09-19 14:12:22,985 face_recognition_service 14497 140099475990208 Image: a, Similarity: 0.080, Confidence: 0.099
INFO 2025-09-19 14:12:22,986 face_recognition_service 14497 140099475990208 Image: s, Similarity: 0.340, Confidence: 0.367
INFO 2025-09-19 14:12:22,986 face_recognition_service 14497 140099475990208 Image: Test Officer Upload, Similarity: 0.208, Confidence: 0.241
INFO 2025-09-19 14:12:22,987 face_recognition_service 14497 140099475990208 Image: Mr Edwin, Similarity: 0.234, Confidence: 0.209
INFO 2025-09-19 14:12:22,987 face_recognition_service 14497 140099475990208 Image: Mr Alex Owusu, Similarity: 0.312, Confidence: 0.343
INFO 2025-09-19 14:12:22,987 face_recognition_service 14497 140099475990208 Image: Apprehend upon being seen, Similarity: 0.180, Confidence: 0.217
INFO 2025-09-19 14:12:22,987 face_recognition_service 14497 140099475990208 Image: ttt, Similarity: 0.160, Confidence: 0.166
INFO 2025-09-19 14:12:22,987 face_recognition_service 14497 140099475990208 Image: Alex, Similarity: 0.094, Confidence: 0.137
INFO 2025-09-19 14:12:22,987 face_recognition_service 14497 140099475990208 Image: Wanted, Similarity: 0.140, Confidence: 0.118
INFO 2025-09-19 14:12:22,988 basehttp 14497 140099475990208 "POST /api/recognize/ HTTP/1.1" 200 2699
INFO 2025-09-19 14:12:27,686 face_recognition_service 14497 140099475990208 Image: jg, Similarity: 0.481, Confidence: 0.501
INFO 2025-09-19 14:12:27,686 face_recognition_service 14497 140099475990208 Image: mmj, Similarity: 0.060, Confidence: 0.035
INFO 2025-09-19 14:12:27,686 face_recognition_service 14497 140099475990208 Image: nm, Similarity: 0.320, Confidence: 0.291
INFO 2025-09-19 14:12:27,687 face_recognition_service 14497 140099475990208 Image: w, Similarity: 0.130, Confidence: 0.152
INFO 2025-09-19 14:12:27,687 face_recognition_service 14497 140099475990208 Image: w, Similarity: 0.090, Confidence: 0.137
INFO 2025-09-19 14:12:27,687 face_recognition_service 14497 140099475990208 Image: a, Similarity: 0.080, Confidence: 0.041
INFO 2025-09-19 14:12:27,687 face_recognition_service 14497 140099475990208 Image: s, Similarity: 0.340, Confidence: 0.346
INFO 2025-09-19 14:12:27,687 face_recognition_service 14497 140099475990208 Image: Test Officer Upload, Similarity: 0.208, Confidence: 0.255
INFO 2025-09-19 14:12:27,687 face_recognition_service 14497 140099475990208 Image: Mr Edwin, Similarity: 0.234, Confidence: 0.244
INFO 2025-09-19 14:12:27,687 face_recognition_service 14497 140099475990208 Image: Mr Alex Owusu, Similarity: 0.312, Confidence: 0.315
INFO 2025-09-19 14:12:27,687 face_recognition_service 14497 140099475990208 Image: Apprehend upon being seen, Similarity: 0.180, Confidence: 0.171
INFO 2025-09-19 14:12:27,687 face_recognition_service 14497 140099475990208 Image: ttt, Similarity: 0.160, Confidence: 0.144
INFO 2025-09-19 14:12:27,687 face_recognition_service 14497 140099475990208 Image: Alex, Similarity: 0.094, Confidence: 0.113
INFO 2025-09-19 14:12:27,688 face_recognition_service 14497 140099475990208 Image: Wanted, Similarity: 0.140, Confidence: 0.192
INFO 2025-09-19 14:12:27,688 basehttp 14497 140099475990208 "POST /api/recognize/ HTTP/1.1" 200 2690
INFO 2025-09-19 14:12:51,542 basehttp 14497 140099475990208 "GET /api/officer-dashboard/ HTTP/1.1" 200 31661
INFO 2025-09-19 14:13:22,060 basehttp 14497 140099475990208 "GET / HTTP/1.1" 302 0
INFO 2025-09-19 14:13:22,073 basehttp 14497 140099475990208 "GET /api/login-page/ HTTP/1.1" 200 7896
WARNING 2025-09-19 14:13:56,233 log 14497 140099475990208 Unauthorized: /api/token/
WARNING 2025-09-19 14:13:56,233 basehttp 14497 140099475990208 "POST /api/token/ HTTP/1.1" 401 63
INFO 2025-09-19 14:14:47,331 basehttp 14497 140099475990208 "POST /api/token/ HTTP/1.1" 200 491
INFO 2025-09-19 14:14:47,351 basehttp 14497 140099475990208 "GET /api/profile/ HTTP/1.1" 200 479
INFO 2025-09-19 14:14:48,916 basehttp 14497 140099475990208 "GET /api/admin-dashboard/ HTTP/1.1" 200 63402
INFO 2025-09-19 14:15:58,029 basehttp 14497 140099475990208 "GET /api/image-management/ HTTP/1.1" 200 16705
INFO 2025-09-19 14:15:58,274 basehttp 14497 140099475990208 "GET /api/images/?page=1&page_size=12 HTTP/1.1" 200 5174
INFO 2025-09-19 14:15:58,279 basehttp 14497 140099446625984 "GET /api/images/ HTTP/1.1" 200 5174
INFO 2025-09-19 14:15:58,314 basehttp 14497 140099475990208 "GET /media/uploads/images/2025/09/19/RUID2a7ab36000af4d4ab6a536afe6b48788.jpg HTTP/1.1" 304 0
INFO 2025-09-19 14:15:58,323 basehttp 14497 140099446625984 "GET /media/uploads/images/2025/09/19/RUID247b98d0660e4465811c60fc9f2e7054.jpg HTTP/1.1" 304 0
INFO 2025-09-19 14:15:58,326 basehttp 14497 140099463411392 "GET /media/uploads/images/2025/09/19/RUID178e4cc9713848e396f3425a4bdb9233.jpg HTTP/1.1" 304 0
INFO 2025-09-19 14:15:58,328 basehttp 14497 140099484382912 "GET /media/uploads/images/2025/09/19/RUID96301e53345e4bd49f387647095ef867.jpg HTTP/1.1" 304 0
INFO 2025-09-19 14:15:58,331 basehttp 14497 140099455018688 "GET /media/uploads/images/2025/09/19/RUID68939cf387f847e4a75c23dc75dd9022.jpg HTTP/1.1" 304 0
INFO 2025-09-19 14:16:02,415 basehttp 14497 140099475990208 "GET /api/image-upload/ HTTP/1.1" 200 19865
INFO 2025-09-19 14:16:02,534 basehttp 14497 140099475990208 "GET /api/images/?page=1&page_size=12 HTTP/1.1" 200 5174
INFO 2025-09-19 14:16:39,220 basehttp 14497 140099475990208 "POST /api/upload-image/ HTTP/1.1" 200 464
INFO 2025-09-19 14:16:39,292 basehttp 14497 140099475990208 "GET /api/images/?page=1&page_size=12 HTTP/1.1" 200 5170
INFO 2025-09-19 14:16:39,367 basehttp 14497 140099475990208 "GET /media/uploads/images/2025/09/19/_DSC0061.JPG HTTP/1.1" 200 180518
INFO 2025-09-19 14:16:47,220 basehttp 14497 140099475990208 "GET /api/officer-dashboard/ HTTP/1.1" 200 31661
INFO 2025-09-19 14:16:50,827 basehttp 14497 140099475990208 "GET /api/face-recognition/ HTTP/1.1" 200 18327
INFO 2025-09-19 14:16:59,964 face_recognition_service 14497 140099475990208 Image: Wanted, Similarity: 0.240, Confidence: 0.247
INFO 2025-09-19 14:16:59,964 face_recognition_service 14497 140099475990208 Image: jg, Similarity: 0.481, Confidence: 0.528
INFO 2025-09-19 14:16:59,964 face_recognition_service 14497 140099475990208 Image: mmj, Similarity: 0.060, Confidence: 0.100
INFO 2025-09-19 14:16:59,964 face_recognition_service 14497 140099475990208 Image: nm, Similarity: 0.320, Confidence: 0.329
INFO 2025-09-19 14:16:59,964 face_recognition_service 14497 140099475990208 Image: w, Similarity: 0.130, Confidence: 0.126
INFO 2025-09-19 14:16:59,964 face_recognition_service 14497 140099475990208 Image: w, Similarity: 0.090, Confidence: 0.107
INFO 2025-09-19 14:16:59,964 face_recognition_service 14497 140099475990208 Image: a, Similarity: 0.080, Confidence: 0.040
INFO 2025-09-19 14:16:59,964 face_recognition_service 14497 140099475990208 Image: s, Similarity: 0.340, Confidence: 0.334
INFO 2025-09-19 14:16:59,965 face_recognition_service 14497 140099475990208 Image: Test Officer Upload, Similarity: 0.208, Confidence: 0.209
INFO 2025-09-19 14:16:59,965 face_recognition_service 14497 140099475990208 Image: Mr Edwin, Similarity: 0.234, Confidence: 0.243
INFO 2025-09-19 14:16:59,965 face_recognition_service 14497 140099475990208 Image: Mr Alex Owusu, Similarity: 0.312, Confidence: 0.351
INFO 2025-09-19 14:16:59,965 face_recognition_service 14497 140099475990208 Image: Apprehend upon being seen, Similarity: 0.180, Confidence: 0.133
INFO 2025-09-19 14:16:59,965 face_recognition_service 14497 140099475990208 Image: ttt, Similarity: 0.160, Confidence: 0.162
INFO 2025-09-19 14:16:59,965 face_recognition_service 14497 140099475990208 Image: Alex, Similarity: 0.094, Confidence: 0.112
INFO 2025-09-19 14:16:59,965 face_recognition_service 14497 140099475990208 Image: Wanted, Similarity: 0.140, Confidence: 0.197
INFO 2025-09-19 14:16:59,966 basehttp 14497 140099475990208 "POST /api/recognize/ HTTP/1.1" 200 2630
INFO 2025-09-19 14:17:04,132 face_recognition_service 14497 140099475990208 Image: Wanted, Similarity: 0.240, Confidence: 0.192
INFO 2025-09-19 14:17:04,133 face_recognition_service 14497 140099475990208 Image: jg, Similarity: 0.481, Confidence: 0.521
INFO 2025-09-19 14:17:04,133 face_recognition_service 14497 140099475990208 Image: mmj, Similarity: 0.060, Confidence: 0.026
INFO 2025-09-19 14:17:04,133 face_recognition_service 14497 140099475990208 Image: nm, Similarity: 0.320, Confidence: 0.329
INFO 2025-09-19 14:17:04,133 face_recognition_service 14497 140099475990208 Image: w, Similarity: 0.130, Confidence: 0.117
INFO 2025-09-19 14:17:04,133 face_recognition_service 14497 140099475990208 Image: w, Similarity: 0.090, Confidence: 0.066
INFO 2025-09-19 14:17:04,133 face_recognition_service 14497 140099475990208 Image: a, Similarity: 0.080, Confidence: 0.042
INFO 2025-09-19 14:17:04,134 face_recognition_service 14497 140099475990208 Image: s, Similarity: 0.340, Confidence: 0.358
INFO 2025-09-19 14:17:04,134 face_recognition_service 14497 140099475990208 Image: Test Officer Upload, Similarity: 0.208, Confidence: 0.250
INFO 2025-09-19 14:17:04,134 face_recognition_service 14497 140099475990208 Image: Mr Edwin, Similarity: 0.234, Confidence: 0.254
INFO 2025-09-19 14:17:04,134 face_recognition_service 14497 140099475990208 Image: Mr Alex Owusu, Similarity: 0.312, Confidence: 0.336
INFO 2025-09-19 14:17:04,134 face_recognition_service 14497 140099475990208 Image: Apprehend upon being seen, Similarity: 0.180, Confidence: 0.225
INFO 2025-09-19 14:17:04,134 face_recognition_service 14497 140099475990208 Image: ttt, Similarity: 0.160, Confidence: 0.172
INFO 2025-09-19 14:17:04,134 face_recognition_service 14497 140099475990208 Image: Alex, Similarity: 0.094, Confidence: 0.081
INFO 2025-09-19 14:17:04,134 face_recognition_service 14497 140099475990208 Image: Wanted, Similarity: 0.140, Confidence: 0.195
INFO 2025-09-19 14:17:04,136 basehttp 14497 140099475990208 "POST /api/recognize/ HTTP/1.1" 200 2656
INFO 2025-09-19 14:17:09,562 basehttp 14497 140099475990208 "GET /api/admin-dashboard/ HTTP/1.1" 200 63402
INFO 2025-09-19 14:17:12,865 basehttp 14497 140099475990208 "GET /api/image-management/ HTTP/1.1" 200 16705
INFO 2025-09-19 14:17:13,059 basehttp 14497 140099475990208 "GET /api/images/?page=1&page_size=12 HTTP/1.1" 200 5170
INFO 2025-09-19 14:17:13,065 basehttp 14497 140099446625984 "GET /api/images/ HTTP/1.1" 200 5170
INFO 2025-09-19 14:17:13,074 basehttp 14497 140099446625984 "GET /media/uploads/images/2025/09/19/_DSC0061.JPG HTTP/1.1" 304 0
INFO 2025-09-19 14:17:19,389 basehttp 14497 140099446625984 "GET /api/images/?page=1&page_size=12&search=j HTTP/1.1" 200 1349
INFO 2025-09-19 14:17:19,406 basehttp 14497 140099446625984 "GET /media/uploads/images/2025/09/17/3qswcres.jpeg HTTP/1.1" 200 204768
INFO 2025-09-19 14:17:28,600 basehttp 14497 140099455018688 "DELETE /api/images/0f6da82c-66c9-41ab-a20b-8cb1dc81018c/ HTTP/1.1" 204 0
INFO 2025-09-19 14:17:28,658 basehttp 14497 140099446625984 "DELETE /api/images/41b21e8a-b0f0-47e5-9ef9-1e7477f81614/ HTTP/1.1" 204 0
INFO 2025-09-19 14:17:28,685 basehttp 14497 140099475990208 "DELETE /api/images/afb927b5-ab35-44e4-ac57-c63e043eac4e/ HTTP/1.1" 204 0
INFO 2025-09-19 14:17:28,755 basehttp 14497 140099446625984 "GET /api/images/?page=1&page_size=12&search=j HTTP/1.1" 200 64
INFO 2025-09-19 14:17:28,801 basehttp 14497 140099475990208 "GET /api/images/ HTTP/1.1" 200 5172
INFO 2025-09-19 14:17:33,317 face_recognition_service 14497 140099475990208 Image: Wanted, Similarity: 0.240, Confidence: 0.199
INFO 2025-09-19 14:17:33,318 face_recognition_service 14497 140099475990208 Image: nm, Similarity: 0.320, Confidence: 0.295
INFO 2025-09-19 14:17:33,318 face_recognition_service 14497 140099475990208 Image: w, Similarity: 0.130, Confidence: 0.178
INFO 2025-09-19 14:17:33,318 face_recognition_service 14497 140099475990208 Image: w, Similarity: 0.090, Confidence: 0.125
INFO 2025-09-19 14:17:33,318 face_recognition_service 14497 140099475990208 Image: a, Similarity: 0.080, Confidence: 0.074
INFO 2025-09-19 14:17:33,318 face_recognition_service 14497 140099475990208 Image: s, Similarity: 0.340, Confidence: 0.331
INFO 2025-09-19 14:17:33,318 face_recognition_service 14497 140099475990208 Image: Test Officer Upload, Similarity: 0.208, Confidence: 0.214
INFO 2025-09-19 14:17:33,318 face_recognition_service 14497 140099475990208 Image: Mr Alex Owusu, Similarity: 0.312, Confidence: 0.315
INFO 2025-09-19 14:17:33,318 face_recognition_service 14497 140099475990208 Image: Apprehend upon being seen, Similarity: 0.180, Confidence: 0.197
INFO 2025-09-19 14:17:33,319 face_recognition_service 14497 140099475990208 Image: ttt, Similarity: 0.160, Confidence: 0.207
INFO 2025-09-19 14:17:33,319 face_recognition_service 14497 140099475990208 Image: Alex, Similarity: 0.094, Confidence: 0.121
INFO 2025-09-19 14:17:33,319 face_recognition_service 14497 140099475990208 Image: Wanted, Similarity: 0.140, Confidence: 0.127
INFO 2025-09-19 14:17:33,324 basehttp 14497 140099475990208 "POST /api/recognize/ HTTP/1.1" 200 2715
INFO 2025-09-19 14:17:34,821 face_recognition_service 14497 140099475990208 Image: Wanted, Similarity: 0.240, Confidence: 0.241
INFO 2025-09-19 14:17:34,821 face_recognition_service 14497 140099475990208 Image: nm, Similarity: 0.320, Confidence: 0.350
INFO 2025-09-19 14:17:34,821 face_recognition_service 14497 140099475990208 Image: w, Similarity: 0.130, Confidence: 0.163
INFO 2025-09-19 14:17:34,821 face_recognition_service 14497 140099475990208 Image: w, Similarity: 0.090, Confidence: 0.065
INFO 2025-09-19 14:17:34,822 face_recognition_service 14497 140099475990208 Image: a, Similarity: 0.080, Confidence: 0.095
INFO 2025-09-19 14:17:34,822 face_recognition_service 14497 140099475990208 Image: s, Similarity: 0.340, Confidence: 0.359
INFO 2025-09-19 14:17:34,822 face_recognition_service 14497 140099475990208 Image: Test Officer Upload, Similarity: 0.208, Confidence: 0.283
INFO 2025-09-19 14:17:34,823 face_recognition_service 14497 140099475990208 Image: Mr Alex Owusu, Similarity: 0.312, Confidence: 0.375
INFO 2025-09-19 14:17:34,823 face_recognition_service 14497 140099475990208 Image: Apprehend upon being seen, Similarity: 0.180, Confidence: 0.163
INFO 2025-09-19 14:17:34,823 face_recognition_service 14497 140099475990208 Image: ttt, Similarity: 0.160, Confidence: 0.162
INFO 2025-09-19 14:17:34,823 face_recognition_service 14497 140099475990208 Image: Alex, Similarity: 0.094, Confidence: 0.119
INFO 2025-09-19 14:17:34,823 face_recognition_service 14497 140099475990208 Image: Wanted, Similarity: 0.140, Confidence: 0.169
INFO 2025-09-19 14:17:34,825 basehttp 14497 140099475990208 "POST /api/recognize/ HTTP/1.1" 200 2737
INFO 2025-09-19 14:17:36,416 face_recognition_service 14497 140099475990208 Image: Wanted, Similarity: 0.240, Confidence: 0.221
INFO 2025-09-19 14:17:36,416 face_recognition_service 14497 140099475990208 Image: nm, Similarity: 0.320, Confidence: 0.350
INFO 2025-09-19 14:17:36,416 face_recognition_service 14497 140099475990208 Image: w, Similarity: 0.130, Confidence: 0.134
INFO 2025-09-19 14:17:36,417 face_recognition_service 14497 140099475990208 Image: w, Similarity: 0.090, Confidence: 0.079
INFO 2025-09-19 14:17:36,417 face_recognition_service 14497 140099475990208 Image: a, Similarity: 0.080, Confidence: 0.040
INFO 2025-09-19 14:17:36,417 face_recognition_service 14497 140099475990208 Image: s, Similarity: 0.340, Confidence: 0.366
INFO 2025-09-19 14:17:36,417 face_recognition_service 14497 140099475990208 Image: Test Officer Upload, Similarity: 0.208, Confidence: 0.227
INFO 2025-09-19 14:17:36,417 face_recognition_service 14497 140099475990208 Image: Mr Alex Owusu, Similarity: 0.312, Confidence: 0.367
INFO 2025-09-19 14:17:36,417 face_recognition_service 14497 140099475990208 Image: Apprehend upon being seen, Similarity: 0.180, Confidence: 0.226
INFO 2025-09-19 14:17:36,417 face_recognition_service 14497 140099475990208 Image: ttt, Similarity: 0.160, Confidence: 0.205
INFO 2025-09-19 14:17:36,417 face_recognition_service 14497 140099475990208 Image: Alex, Similarity: 0.094, Confidence: 0.104
INFO 2025-09-19 14:17:36,417 face_recognition_service 14497 140099475990208 Image: Wanted, Similarity: 0.140, Confidence: 0.185
INFO 2025-09-19 14:17:36,419 basehttp 14497 140099475990208 "POST /api/recognize/ HTTP/1.1" 200 2788
INFO 2025-09-19 14:17:37,417 face_recognition_service 14497 140099475990208 Image: Wanted, Similarity: 0.240, Confidence: 0.233
INFO 2025-09-19 14:17:37,417 face_recognition_service 14497 140099475990208 Image: nm, Similarity: 0.320, Confidence: 0.310
INFO 2025-09-19 14:17:37,418 face_recognition_service 14497 140099475990208 Image: w, Similarity: 0.130, Confidence: 0.109
INFO 2025-09-19 14:17:37,418 face_recognition_service 14497 140099475990208 Image: w, Similarity: 0.090, Confidence: 0.097
INFO 2025-09-19 14:17:37,419 face_recognition_service 14497 140099475990208 Image: a, Similarity: 0.080, Confidence: 0.103
INFO 2025-09-19 14:17:37,419 face_recognition_service 14497 140099475990208 Image: s, Similarity: 0.340, Confidence: 0.324
INFO 2025-09-19 14:17:37,419 face_recognition_service 14497 140099475990208 Image: Test Officer Upload, Similarity: 0.208, Confidence: 0.216
INFO 2025-09-19 14:17:37,419 face_recognition_service 14497 140099475990208 Image: Mr Alex Owusu, Similarity: 0.312, Confidence: 0.330
INFO 2025-09-19 14:17:37,420 face_recognition_service 14497 140099475990208 Image: Apprehend upon being seen, Similarity: 0.180, Confidence: 0.182
INFO 2025-09-19 14:17:37,420 face_recognition_service 14497 140099475990208 Image: ttt, Similarity: 0.160, Confidence: 0.199
INFO 2025-09-19 14:17:37,420 face_recognition_service 14497 140099475990208 Image: Alex, Similarity: 0.094, Confidence: 0.143
INFO 2025-09-19 14:17:37,420 face_recognition_service 14497 140099475990208 Image: Wanted, Similarity: 0.140, Confidence: 0.137
INFO 2025-09-19 14:17:37,421 basehttp 14497 140099475990208 "POST /api/recognize/ HTTP/1.1" 200 2733
INFO 2025-09-19 14:17:38,144 face_recognition_service 14497 140099475990208 Image: Wanted, Similarity: 0.240, Confidence: 0.235
INFO 2025-09-19 14:17:38,144 face_recognition_service 14497 140099475990208 Image: nm, Similarity: 0.320, Confidence: 0.331
INFO 2025-09-19 14:17:38,144 face_recognition_service 14497 140099475990208 Image: w, Similarity: 0.130, Confidence: 0.080
INFO 2025-09-19 14:17:38,144 face_recognition_service 14497 140099475990208 Image: w, Similarity: 0.090, Confidence: 0.093
INFO 2025-09-19 14:17:38,144 face_recognition_service 14497 140099475990208 Image: a, Similarity: 0.080, Confidence: 0.112
INFO 2025-09-19 14:17:38,144 face_recognition_service 14497 140099475990208 Image: s, Similarity: 0.340, Confidence: 0.315
INFO 2025-09-19 14:17:38,144 face_recognition_service 14497 140099475990208 Image: Test Officer Upload, Similarity: 0.208, Confidence: 0.185
INFO 2025-09-19 14:17:38,145 face_recognition_service 14497 140099475990208 Image: Mr Alex Owusu, Similarity: 0.312, Confidence: 0.321
INFO 2025-09-19 14:17:38,146 face_recognition_service 14497 140099475990208 Image: Apprehend upon being seen, Similarity: 0.180, Confidence: 0.165
INFO 2025-09-19 14:17:38,147 face_recognition_service 14497 140099475990208 Image: ttt, Similarity: 0.160, Confidence: 0.185
INFO 2025-09-19 14:17:38,147 face_recognition_service 14497 140099475990208 Image: Alex, Similarity: 0.094, Confidence: 0.150
INFO 2025-09-19 14:17:38,147 face_recognition_service 14497 140099475990208 Image: Wanted, Similarity: 0.140, Confidence: 0.206
INFO 2025-09-19 14:17:38,149 basehttp 14497 140099475990208 "POST /api/recognize/ HTTP/1.1" 200 2638
INFO 2025-09-19 14:17:43,985 basehttp 14497 140099475990208 "GET /api/images/?page=1&page_size=12 HTTP/1.1" 200 5172
INFO 2025-09-19 14:17:43,997 basehttp 14497 140099475990208 "GET /media/uploads/images/2025/09/19/_DSC0061.JPG HTTP/1.1" 304 0
INFO 2025-09-19 14:17:55,547 basehttp 14497 140099475990208 "GET /api/images/?page=2&page_size=12 HTTP/1.1" 200 4346
INFO 2025-09-19 14:17:55,601 basehttp 14497 140099475990208 "GET /media/uploads/images/2025/09/19/test_image.jpg HTTP/1.1" 200 825
INFO 2025-09-19 14:17:55,615 basehttp 14497 140099446625984 "GET /media/uploads/images/2025/09/17/Untitled.jpeg HTTP/1.1" 200 191336
INFO 2025-09-19 14:17:55,644 basehttp 14497 140099455018688 "GET /media/uploads/images/2025/09/16/Untitled.jpeg HTTP/1.1" 200 191336
INFO 2025-09-19 14:17:55,645 basehttp 14497 140099475990208 "GET /media/uploads/images/2025/09/17/1122.jpeg HTTP/1.1" 200 168225
INFO 2025-09-19 14:17:55,657 basehttp 14497 140099463411392 "GET /media/uploads/images/2025/09/16/ny.jpeg HTTP/1.1" 200 189550
INFO 2025-09-19 14:17:55,706 basehttp 14497 140099484382912 "GET /media/uploads/images/2025/09/16/RUID856147bd6dbc437d81035a5f030d17c1.jpg HTTP/1.1" 200 2660432
INFO 2025-09-19 14:18:15,203 basehttp 14497 140099475990208 "DELETE /api/images/532259c8-9533-4a91-aef6-1d1b0bc45c92/ HTTP/1.1" 204 0
INFO 2025-09-19 14:18:15,254 basehttp 14497 140099463411392 "DELETE /api/images/b524027b-6fcd-45fa-9a2d-e3062cf7a4cf/ HTTP/1.1" 204 0
INFO 2025-09-19 14:18:15,341 basehttp 14497 140099484382912 "DELETE /api/images/3b697f56-2a52-45b0-a44d-4141d139759f/ HTTP/1.1" 204 0
INFO 2025-09-19 14:18:15,362 basehttp 14497 140099455018688 "DELETE /api/images/cdf6e12f-adaf-4ec3-9ef8-0e6b4da33e58/ HTTP/1.1" 204 0
INFO 2025-09-19 14:18:15,426 basehttp 14497 140099455018688 "GET /api/images/?page=2&page_size=12 HTTP/1.1" 200 2641
INFO 2025-09-19 14:18:15,449 basehttp 14497 140099484382912 "GET /api/images/ HTTP/1.1" 200 5172
INFO 2025-09-19 14:18:19,822 basehttp 14497 140099484382912 "GET /api/face-recognition/ HTTP/1.1" 200 18327
INFO 2025-09-19 14:18:21,869 basehttp 14497 140099484382912 "GET /api/face-recognition/ HTTP/1.1" 200 18327
INFO 2025-09-19 14:18:21,912 basehttp 14497 140099484382912 "GET /static/core/js/app.js HTTP/1.1" 200 44052
WARNING 2025-09-19 14:18:22,022 log 14497 140099484382912 Not Found: /favicon.ico
WARNING 2025-09-19 14:18:22,024 basehttp 14497 140099484382912 "GET /favicon.ico HTTP/1.1" 404 3000
INFO 2025-09-19 14:18:44,030 face_recognition_service 14497 140099484382912 Image: Wanted, Similarity: 0.240, Confidence: 0.289
INFO 2025-09-19 14:18:44,030 face_recognition_service 14497 140099484382912 Image: nm, Similarity: 0.320, Confidence: 0.301
INFO 2025-09-19 14:18:44,032 face_recognition_service 14497 140099484382912 Image: w, Similarity: 0.130, Confidence: 0.111
INFO 2025-09-19 14:18:44,032 face_recognition_service 14497 140099484382912 Image: w, Similarity: 0.090, Confidence: 0.134
INFO 2025-09-19 14:18:44,032 face_recognition_service 14497 140099484382912 Image: a, Similarity: 0.080, Confidence: 0.127
INFO 2025-09-19 14:18:44,032 face_recognition_service 14497 140099484382912 Image: s, Similarity: 0.340, Confidence: 0.319
INFO 2025-09-19 14:18:44,032 face_recognition_service 14497 140099484382912 Image: Test Officer Upload, Similarity: 0.208, Confidence: 0.270
INFO 2025-09-19 14:18:44,032 face_recognition_service 14497 140099484382912 Image: ttt, Similarity: 0.160, Confidence: 0.111
INFO 2025-09-19 14:18:44,033 basehttp 14497 140099484382912 "POST /api/recognize/ HTTP/1.1" 200 2718
INFO 2025-09-19 14:18:55,631 basehttp 14497 140099484382912 "DELETE /api/images/35daaa8e-fc6b-4463-bd6e-74ca7c7a60fa/ HTTP/1.1" 204 0
INFO 2025-09-19 14:18:55,726 basehttp 14497 140099484382912 "GET /api/images/?page=2&page_size=12 HTTP/1.1" 200 2212
INFO 2025-09-19 14:18:55,758 basehttp 14497 140099455018688 "GET /api/images/ HTTP/1.1" 200 5172
INFO 2025-09-19 14:19:04,665 basehttp 14497 140099484382912 "DELETE /api/images/f4e1dbd1-33eb-4b48-9af7-387d447dc881/ HTTP/1.1" 204 0
INFO 2025-09-19 14:19:04,746 basehttp 14497 140099484382912 "GET /api/images/?page=2&page_size=12 HTTP/1.1" 200 1782
INFO 2025-09-19 14:19:04,802 basehttp 14497 140099455018688 "GET /api/images/ HTTP/1.1" 200 5172
INFO 2025-09-19 14:19:09,550 basehttp 14497 140099455018688 "GET /api/images/?page=1&page_size=12 HTTP/1.1" 200 5172
INFO 2025-09-19 14:19:09,551 basehttp 14497 140099484382912 "GET /api/images/ HTTP/1.1" 200 5172
INFO 2025-09-19 14:19:09,566 basehttp 14497 140099484382912 "GET /media/uploads/images/2025/09/19/_DSC0061.JPG HTTP/1.1" 304 0
INFO 2025-09-19 14:19:18,313 basehttp 14497 140099484382912 "GET /api/images/?page=2&page_size=12 HTTP/1.1" 200 1782
INFO 2025-09-19 14:19:22,743 basehttp 14497 140099484382912 "GET /api/face-recognition/ HTTP/1.1" 200 18327
INFO 2025-09-19 14:19:37,232 face_recognition_service 14497 140099484382912 Image: Wanted, Similarity: 0.240, Confidence: 0.224
INFO 2025-09-19 14:19:37,232 face_recognition_service 14497 140099484382912 Image: nm, Similarity: 0.320, Confidence: 0.295
INFO 2025-09-19 14:19:37,232 face_recognition_service 14497 140099484382912 Image: w, Similarity: 0.130, Confidence: 0.160
INFO 2025-09-19 14:19:37,232 face_recognition_service 14497 140099484382912 Image: a, Similarity: 0.080, Confidence: 0.086
INFO 2025-09-19 14:19:37,233 face_recognition_service 14497 140099484382912 Image: Test Officer Upload, Similarity: 0.208, Confidence: 0.243
INFO 2025-09-19 14:19:37,233 face_recognition_service 14497 140099484382912 Image: ttt, Similarity: 0.160, Confidence: 0.183
INFO 2025-09-19 14:19:37,234 basehttp 14497 140099484382912 "POST /api/recognize/ HTTP/1.1" 200 2688
INFO 2025-09-19 14:19:43,397 basehttp 14497 140099484382912 "GET /api/images/?page=1&page_size=12 HTTP/1.1" 200 5172
ERROR 2025-09-19 14:19:51,264 views 14497 140099455018688 Image deletion error: No UploadedImage matches the given query.
ERROR 2025-09-19 14:19:51,265 log 14497 140099455018688 Internal Server Error: /api/images/f4e1dbd1-33eb-4b48-9af7-387d447dc881/
ERROR 2025-09-19 14:19:51,271 basehttp 14497 140099455018688 "DELETE /api/images/f4e1dbd1-33eb-4b48-9af7-387d447dc881/ HTTP/1.1" 500 72
ERROR 2025-09-19 14:19:51,282 views 14497 140099484382912 Image deletion error: No UploadedImage matches the given query.
ERROR 2025-09-19 14:19:51,285 log 14497 140099484382912 Internal Server Error: /api/images/35daaa8e-fc6b-4463-bd6e-74ca7c7a60fa/
ERROR 2025-09-19 14:19:51,290 basehttp 14497 140099484382912 "DELETE /api/images/35daaa8e-fc6b-4463-bd6e-74ca7c7a60fa/ HTTP/1.1" 500 72
INFO 2025-09-19 14:19:51,335 basehttp 14497 140099475990208 "DELETE /api/images/352326cc-be23-4d8a-8405-53f2fbc2e671/ HTTP/1.1" 204 0
INFO 2025-09-19 14:19:51,417 basehttp 14497 140099446625984 "DELETE /api/images/a83509e1-a5ef-4431-8193-e4b538055778/ HTTP/1.1" 204 0
INFO 2025-09-19 14:19:51,459 basehttp 14497 140099463411392 "DELETE /api/images/6d7c99a7-3174-4923-af90-6233e924df36/ HTTP/1.1" 204 0
INFO 2025-09-19 14:19:51,543 basehttp 14497 140099463411392 "GET /api/images/?page=1&page_size=12 HTTP/1.1" 200 5211
INFO 2025-09-19 14:19:51,556 basehttp 14497 140099446625984 "GET /api/images/ HTTP/1.1" 200 5211
INFO 2025-09-19 14:19:55,273 basehttp 14497 140099463411392 "GET /api/face-recognition/ HTTP/1.1" 200 18327
INFO 2025-09-19 14:20:10,790 face_recognition_service 14497 140099463411392 Image: Wanted, Similarity: 0.240, Confidence: 0.258
INFO 2025-09-19 14:20:10,791 face_recognition_service 14497 140099463411392 Image: w, Similarity: 0.130, Confidence: 0.132
INFO 2025-09-19 14:20:10,791 face_recognition_service 14497 140099463411392 Image: a, Similarity: 0.080, Confidence: 0.112
INFO 2025-09-19 14:20:10,791 face_recognition_service 14497 140099463411392 Image: Test Officer Upload, Similarity: 0.208, Confidence: 0.195
INFO 2025-09-19 14:20:10,791 face_recognition_service 14497 140099463411392 Image: ttt, Similarity: 0.160, Confidence: 0.166
INFO 2025-09-19 14:20:10,793 basehttp 14497 140099463411392 "POST /api/recognize/ HTTP/1.1" 200 2703
INFO 2025-09-19 14:20:23,246 face_recognition_service 14497 140099463411392 Image: Wanted, Similarity: 0.240, Confidence: 0.202
INFO 2025-09-19 14:20:23,246 face_recognition_service 14497 140099463411392 Image: w, Similarity: 0.130, Confidence: 0.107
INFO 2025-09-19 14:20:23,246 face_recognition_service 14497 140099463411392 Image: a, Similarity: 0.080, Confidence: 0.123
INFO 2025-09-19 14:20:23,246 face_recognition_service 14497 140099463411392 Image: Test Officer Upload, Similarity: 0.208, Confidence: 0.258
INFO 2025-09-19 14:20:23,247 face_recognition_service 14497 140099463411392 Image: ttt, Similarity: 0.160, Confidence: 0.203
INFO 2025-09-19 14:20:23,248 basehttp 14497 140099463411392 "POST /api/recognize/ HTTP/1.1" 200 2769
INFO 2025-09-19 14:20:32,755 face_recognition_service 14497 140099463411392 Image: Wanted, Similarity: 0.240, Confidence: 0.195
INFO 2025-09-19 14:20:32,756 face_recognition_service 14497 140099463411392 Image: w, Similarity: 0.130, Confidence: 0.083
INFO 2025-09-19 14:20:32,756 face_recognition_service 14497 140099463411392 Image: a, Similarity: 0.080, Confidence: 0.124
INFO 2025-09-19 14:20:32,756 face_recognition_service 14497 140099463411392 Image: Test Officer Upload, Similarity: 0.208, Confidence: 0.227
INFO 2025-09-19 14:20:32,756 face_recognition_service 14497 140099463411392 Image: ttt, Similarity: 0.160, Confidence: 0.125
INFO 2025-09-19 14:20:32,760 basehttp 14497 140099463411392 "POST /api/recognize/ HTTP/1.1" 200 2771
INFO 2025-09-19 14:20:39,482 face_recognition_service 14497 140099463411392 Image: Wanted, Similarity: 0.240, Confidence: 0.214
INFO 2025-09-19 14:20:39,483 face_recognition_service 14497 140099463411392 Image: w, Similarity: 0.130, Confidence: 0.080
INFO 2025-09-19 14:20:39,483 face_recognition_service 14497 140099463411392 Image: a, Similarity: 0.080, Confidence: 0.085
INFO 2025-09-19 14:20:39,483 face_recognition_service 14497 140099463411392 Image: Test Officer Upload, Similarity: 0.208, Confidence: 0.210
INFO 2025-09-19 14:20:39,483 face_recognition_service 14497 140099463411392 Image: ttt, Similarity: 0.160, Confidence: 0.153
INFO 2025-09-19 14:20:39,484 basehttp 14497 140099463411392 "POST /api/recognize/ HTTP/1.1" 200 2699
INFO 2025-09-19 14:20:43,556 face_recognition_service 14497 140099463411392 Image: Wanted, Similarity: 0.240, Confidence: 0.270
INFO 2025-09-19 14:20:43,557 face_recognition_service 14497 140099463411392 Image: w, Similarity: 0.130, Confidence: 0.148
INFO 2025-09-19 14:20:43,557 face_recognition_service 14497 140099463411392 Image: a, Similarity: 0.080, Confidence: 0.043
INFO 2025-09-19 14:20:43,557 face_recognition_service 14497 140099463411392 Image: Test Officer Upload, Similarity: 0.208, Confidence: 0.255
INFO 2025-09-19 14:20:43,557 face_recognition_service 14497 140099463411392 Image: ttt, Similarity: 0.160, Confidence: 0.158
INFO 2025-09-19 14:20:43,560 basehttp 14497 140099463411392 "POST /api/recognize/ HTTP/1.1" 200 2704
INFO 2025-09-19 14:20:44,503 face_recognition_service 14497 140099463411392 Image: Wanted, Similarity: 0.240, Confidence: 0.216
INFO 2025-09-19 14:20:44,503 face_recognition_service 14497 140099463411392 Image: w, Similarity: 0.130, Confidence: 0.106
INFO 2025-09-19 14:20:44,503 face_recognition_service 14497 140099463411392 Image: a, Similarity: 0.080, Confidence: 0.074
INFO 2025-09-19 14:20:44,504 face_recognition_service 14497 140099463411392 Image: Test Officer Upload, Similarity: 0.208, Confidence: 0.272
INFO 2025-09-19 14:20:44,504 face_recognition_service 14497 140099463411392 Image: ttt, Similarity: 0.160, Confidence: 0.134
INFO 2025-09-19 14:20:44,507 basehttp 14497 140099463411392 "POST /api/recognize/ HTTP/1.1" 200 2768
INFO 2025-09-19 14:20:45,837 face_recognition_service 14497 140099463411392 Image: Wanted, Similarity: 0.240, Confidence: 0.212
INFO 2025-09-19 14:20:45,837 face_recognition_service 14497 140099463411392 Image: w, Similarity: 0.130, Confidence: 0.149
INFO 2025-09-19 14:20:45,837 face_recognition_service 14497 140099463411392 Image: a, Similarity: 0.080, Confidence: 0.119
INFO 2025-09-19 14:20:45,838 face_recognition_service 14497 140099463411392 Image: Test Officer Upload, Similarity: 0.208, Confidence: 0.182
INFO 2025-09-19 14:20:45,838 face_recognition_service 14497 140099463411392 Image: ttt, Similarity: 0.160, Confidence: 0.162
INFO 2025-09-19 14:20:45,841 basehttp 14497 140099463411392 "POST /api/recognize/ HTTP/1.1" 200 2703
INFO 2025-09-19 14:20:46,558 face_recognition_service 14497 140099463411392 Image: Wanted, Similarity: 0.240, Confidence: 0.260
INFO 2025-09-19 14:20:46,558 face_recognition_service 14497 140099463411392 Image: w, Similarity: 0.130, Confidence: 0.147
INFO 2025-09-19 14:20:46,559 face_recognition_service 14497 140099463411392 Image: a, Similarity: 0.080, Confidence: 0.068
INFO 2025-09-19 14:20:46,559 face_recognition_service 14497 140099463411392 Image: Test Officer Upload, Similarity: 0.208, Confidence: 0.234
INFO 2025-09-19 14:20:46,559 face_recognition_service 14497 140099463411392 Image: ttt, Similarity: 0.160, Confidence: 0.147
INFO 2025-09-19 14:20:46,561 basehttp 14497 140099463411392 "POST /api/recognize/ HTTP/1.1" 200 2703
INFO 2025-09-19 14:20:47,313 face_recognition_service 14497 140099463411392 Image: Wanted, Similarity: 0.240, Confidence: 0.226
INFO 2025-09-19 14:20:47,314 face_recognition_service 14497 140099463411392 Image: w, Similarity: 0.130, Confidence: 0.136
INFO 2025-09-19 14:20:47,314 face_recognition_service 14497 140099463411392 Image: a, Similarity: 0.080, Confidence: 0.114
INFO 2025-09-19 14:20:47,315 face_recognition_service 14497 140099463411392 Image: Test Officer Upload, Similarity: 0.208, Confidence: 0.225
INFO 2025-09-19 14:20:47,315 face_recognition_service 14497 140099463411392 Image: ttt, Similarity: 0.160, Confidence: 0.161
INFO 2025-09-19 14:20:47,318 basehttp 14497 140099463411392 "POST /api/recognize/ HTTP/1.1" 200 2705
INFO 2025-09-19 14:20:48,026 face_recognition_service 14497 140099463411392 Image: Wanted, Similarity: 0.240, Confidence: 0.263
INFO 2025-09-19 14:20:48,026 face_recognition_service 14497 140099463411392 Image: w, Similarity: 0.130, Confidence: 0.111
INFO 2025-09-19 14:20:48,026 face_recognition_service 14497 140099463411392 Image: a, Similarity: 0.080, Confidence: 0.128
INFO 2025-09-19 14:20:48,027 face_recognition_service 14497 140099463411392 Image: Test Officer Upload, Similarity: 0.208, Confidence: 0.206
INFO 2025-09-19 14:20:48,027 face_recognition_service 14497 140099463411392 Image: ttt, Similarity: 0.160, Confidence: 0.184
INFO 2025-09-19 14:20:48,028 basehttp 14497 140099463411392 "POST /api/recognize/ HTTP/1.1" 200 2704
INFO 2025-09-19 14:21:29,516 face_recognition_service 14497 140099463411392 Image: Wanted, Similarity: 0.240, Confidence: 0.239
INFO 2025-09-19 14:21:29,516 face_recognition_service 14497 140099463411392 Image: w, Similarity: 0.130, Confidence: 0.119
INFO 2025-09-19 14:21:29,516 face_recognition_service 14497 140099463411392 Image: a, Similarity: 0.080, Confidence: 0.112
INFO 2025-09-19 14:21:29,516 face_recognition_service 14497 140099463411392 Image: Test Officer Upload, Similarity: 0.208, Confidence: 0.187
INFO 2025-09-19 14:21:29,517 face_recognition_service 14497 140099463411392 Image: ttt, Similarity: 0.160, Confidence: 0.159
INFO 2025-09-19 14:21:29,518 basehttp 14497 140099463411392 "POST /api/recognize/ HTTP/1.1" 200 2705
INFO 2025-09-19 14:21:31,536 basehttp 14497 140099463411392 "GET /api/face-recognition/ HTTP/1.1" 200 18327
INFO 2025-09-19 14:21:37,845 face_recognition_service 14497 140099463411392 Image: Wanted, Similarity: 0.240, Confidence: 0.257
INFO 2025-09-19 14:21:37,845 face_recognition_service 14497 140099463411392 Image: w, Similarity: 0.130, Confidence: 0.158
INFO 2025-09-19 14:21:37,846 face_recognition_service 14497 140099463411392 Image: a, Similarity: 0.080, Confidence: 0.044
INFO 2025-09-19 14:21:37,846 face_recognition_service 14497 140099463411392 Image: Test Officer Upload, Similarity: 0.208, Confidence: 0.249
INFO 2025-09-19 14:21:37,847 face_recognition_service 14497 140099463411392 Image: ttt, Similarity: 0.160, Confidence: 0.125
INFO 2025-09-19 14:21:37,847 basehttp 14497 140099463411392 "POST /api/recognize/ HTTP/1.1" 200 2699
INFO 2025-09-19 14:21:45,436 face_recognition_service 14497 140099463411392 Image: Wanted, Similarity: 0.240, Confidence: 0.266
INFO 2025-09-19 14:21:45,436 face_recognition_service 14497 140099463411392 Image: w, Similarity: 0.130, Confidence: 0.130
INFO 2025-09-19 14:21:45,437 face_recognition_service 14497 140099463411392 Image: a, Similarity: 0.080, Confidence: 0.035
INFO 2025-09-19 14:21:45,437 face_recognition_service 14497 140099463411392 Image: Test Officer Upload, Similarity: 0.208, Confidence: 0.225
INFO 2025-09-19 14:21:45,438 face_recognition_service 14497 140099463411392 Image: ttt, Similarity: 0.160, Confidence: 0.172
INFO 2025-09-19 14:21:45,440 basehttp 14497 140099463411392 "POST /api/recognize/ HTTP/1.1" 200 2698
INFO 2025-09-19 14:21:54,744 face_recognition_service 14497 140099463411392 Image: Wanted, Similarity: 0.240, Confidence: 0.199
INFO 2025-09-19 14:21:54,744 face_recognition_service 14497 140099463411392 Image: w, Similarity: 0.130, Confidence: 0.124
INFO 2025-09-19 14:21:54,744 face_recognition_service 14497 140099463411392 Image: a, Similarity: 0.080, Confidence: 0.072
INFO 2025-09-19 14:21:54,745 face_recognition_service 14497 140099463411392 Image: Test Officer Upload, Similarity: 0.208, Confidence: 0.277
INFO 2025-09-19 14:21:54,745 face_recognition_service 14497 140099463411392 Image: ttt, Similarity: 0.160, Confidence: 0.124
INFO 2025-09-19 14:21:54,746 basehttp 14497 140099463411392 "POST /api/recognize/ HTTP/1.1" 200 2772
INFO 2025-09-19 14:21:55,912 face_recognition_service 14497 140099463411392 Image: Wanted, Similarity: 0.240, Confidence: 0.229
INFO 2025-09-19 14:21:55,912 face_recognition_service 14497 140099463411392 Image: w, Similarity: 0.130, Confidence: 0.160
INFO 2025-09-19 14:21:55,912 face_recognition_service 14497 140099463411392 Image: a, Similarity: 0.080, Confidence: 0.124
INFO 2025-09-19 14:21:55,912 face_recognition_service 14497 140099463411392 Image: Test Officer Upload, Similarity: 0.208, Confidence: 0.263
INFO 2025-09-19 14:21:55,912 face_recognition_service 14497 140099463411392 Image: ttt, Similarity: 0.160, Confidence: 0.184
INFO 2025-09-19 14:21:55,913 basehttp 14497 140099463411392 "POST /api/recognize/ HTTP/1.1" 200 2770
INFO 2025-09-19 14:21:56,784 face_recognition_service 14497 140099463411392 Image: Wanted, Similarity: 0.240, Confidence: 0.268
INFO 2025-09-19 14:21:56,785 face_recognition_service 14497 140099463411392 Image: w, Similarity: 0.130, Confidence: 0.085
INFO 2025-09-19 14:21:56,785 face_recognition_service 14497 140099463411392 Image: a, Similarity: 0.080, Confidence: 0.127
INFO 2025-09-19 14:21:56,785 face_recognition_service 14497 140099463411392 Image: Test Officer Upload, Similarity: 0.208, Confidence: 0.182
INFO 2025-09-19 14:21:56,786 face_recognition_service 14497 140099463411392 Image: ttt, Similarity: 0.160, Confidence: 0.114
INFO 2025-09-19 14:21:56,788 basehttp 14497 140099463411392 "POST /api/recognize/ HTTP/1.1" 200 2701
INFO 2025-09-19 14:21:57,400 face_recognition_service 14497 140099463411392 Image: Wanted, Similarity: 0.240, Confidence: 0.259
INFO 2025-09-19 14:21:57,400 face_recognition_service 14497 140099463411392 Image: w, Similarity: 0.130, Confidence: 0.117
INFO 2025-09-19 14:21:57,400 face_recognition_service 14497 140099463411392 Image: a, Similarity: 0.080, Confidence: 0.052
INFO 2025-09-19 14:21:57,400 face_recognition_service 14497 140099463411392 Image: Test Officer Upload, Similarity: 0.208, Confidence: 0.227
INFO 2025-09-19 14:21:57,401 face_recognition_service 14497 140099463411392 Image: ttt, Similarity: 0.160, Confidence: 0.152
INFO 2025-09-19 14:21:57,403 basehttp 14497 140099463411392 "POST /api/recognize/ HTTP/1.1" 200 2702
INFO 2025-09-19 14:21:58,229 face_recognition_service 14497 140099463411392 Image: Wanted, Similarity: 0.240, Confidence: 0.215
INFO 2025-09-19 14:21:58,229 face_recognition_service 14497 140099463411392 Image: w, Similarity: 0.130, Confidence: 0.111
INFO 2025-09-19 14:21:58,229 face_recognition_service 14497 140099463411392 Image: a, Similarity: 0.080, Confidence: 0.077
INFO 2025-09-19 14:21:58,229 face_recognition_service 14497 140099463411392 Image: Test Officer Upload, Similarity: 0.208, Confidence: 0.243
INFO 2025-09-19 14:21:58,229 face_recognition_service 14497 140099463411392 Image: ttt, Similarity: 0.160, Confidence: 0.192
INFO 2025-09-19 14:21:58,231 basehttp 14497 140099463411392 "POST /api/recognize/ HTTP/1.1" 200 2771
INFO 2025-09-19 14:24:41,988 basehttp 14497 140099463411392 "GET /api/face-recognition/ HTTP/1.1" 200 18327
INFO 2025-09-19 14:24:42,061 basehttp 14497 140099463411392 "GET /static/core/js/app.js HTTP/1.1" 200 44119
WARNING 2025-09-19 14:24:43,141 log 14497 140099463411392 Not Found: /favicon.ico
WARNING 2025-09-19 14:24:43,149 basehttp 14497 140099463411392 "GET /favicon.ico HTTP/1.1" 404 3000
INFO 2025-09-19 14:24:49,080 face_recognition_service 14497 140099463411392 Image: Wanted, Similarity: 0.240, Confidence: 0.205
INFO 2025-09-19 14:24:49,080 face_recognition_service 14497 140099463411392 Image: w, Similarity: 0.130, Confidence: 0.108
INFO 2025-09-19 14:24:49,081 face_recognition_service 14497 140099463411392 Image: a, Similarity: 0.080, Confidence: 0.116
INFO 2025-09-19 14:24:49,081 face_recognition_service 14497 140099463411392 Image: Test Officer Upload, Similarity: 0.208, Confidence: 0.176
INFO 2025-09-19 14:24:49,081 face_recognition_service 14497 140099463411392 Image: ttt, Similarity: 0.160, Confidence: 0.176
INFO 2025-09-19 14:24:49,102 basehttp 14497 140099463411392 "POST /api/recognize/ HTTP/1.1" 200 2707
INFO 2025-09-19 14:25:02,203 face_recognition_service 14497 140099463411392 Image: Wanted, Similarity: 0.240, Confidence: 0.238
INFO 2025-09-19 14:25:02,204 face_recognition_service 14497 140099463411392 Image: w, Similarity: 0.130, Confidence: 0.139
INFO 2025-09-19 14:25:02,204 face_recognition_service 14497 140099463411392 Image: a, Similarity: 0.080, Confidence: 0.036
INFO 2025-09-19 14:25:02,205 face_recognition_service 14497 140099463411392 Image: Test Officer Upload, Similarity: 0.208, Confidence: 0.251
INFO 2025-09-19 14:25:02,205 face_recognition_service 14497 140099463411392 Image: ttt, Similarity: 0.160, Confidence: 0.127
INFO 2025-09-19 14:25:02,212 basehttp 14497 140099463411392 "POST /api/recognize/ HTTP/1.1" 200 2766
INFO 2025-09-19 14:25:43,309 face_recognition_service 31836 140040296093248 Mock face detection initialized
INFO 2025-09-19 14:25:43,378 face_recognition_service 31836 140040296093248 Image: Wanted, Similarity: 0.168, Confidence: 0.157
INFO 2025-09-19 14:25:43,379 face_recognition_service 31836 140040296093248 Image: c, Similarity: 0.120, Confidence: 0.072
INFO 2025-09-19 14:25:43,380 face_recognition_service 31836 140040296093248 Image: r, Similarity: 0.090, Confidence: 0.077
INFO 2025-09-19 14:25:43,380 face_recognition_service 31836 140040296093248 Image: r, Similarity: 0.150, Confidence: 0.106
INFO 2025-09-19 14:25:43,380 face_recognition_service 31836 140040296093248 Image: ee, Similarity: 0.160, Confidence: 0.184
INFO 2025-09-19 14:25:43,381 face_recognition_service 31836 140040296093248 Image: e, Similarity: 0.880, Confidence: 0.882
INFO 2025-09-19 14:25:43,381 face_recognition_service 31836 140040296093248 Image: w, Similarity: 0.070, Confidence: 0.092
INFO 2025-09-19 14:25:43,382 face_recognition_service 31836 140040296093248 Image: w, Similarity: 0.110, Confidence: 0.143
INFO 2025-09-19 14:25:43,382 face_recognition_service 31836 140040296093248 Image: w, Similarity: 0.100, Confidence: 0.057
INFO 2025-09-19 14:25:43,382 face_recognition_service 31836 140040296093248 Image: w, Similarity: 0.080, Confidence: 0.091
INFO 2025-09-19 14:25:43,382 face_recognition_service 31836 140040296093248 Image: a, Similarity: 0.240, Confidence: 0.234
INFO 2025-09-19 14:25:43,382 face_recognition_service 31836 140040296093248 Image: Test Officer Upload, Similarity: 0.104, Confidence: 0.156
INFO 2025-09-19 14:25:43,382 face_recognition_service 31836 140040296093248 Image: ttt, Similarity: 0.240, Confidence: 0.271
INFO 2025-09-19 14:26:20,505 basehttp 14497 140099463411392 "GET /api/images/?page=1&page_size=12 HTTP/1.1" 200 5211
INFO 2025-09-19 14:26:20,507 basehttp 14497 140099475990208 "GET /api/images/ HTTP/1.1" 200 5211
INFO 2025-09-19 14:26:21,369 basehttp 14497 140099475990208 "GET /api/images/?page=1&page_size=12 HTTP/1.1" 200 5211
INFO 2025-09-19 14:26:21,378 basehttp 14497 140099463411392 "GET /api/images/ HTTP/1.1" 200 5211
INFO 2025-09-19 14:26:46,090 face_recognition_service 32737 139895075472960 Mock face detection initialized
INFO 2025-09-19 14:26:46,091 face_recognition_service 32737 139895075472960 Image: John Doe - Person of Interest, Similarity: 0.078, Confidence: 0.114
INFO 2025-09-19 14:26:46,091 face_recognition_service 32737 139895075472960 Image: John Doe - Surveillance, Similarity: 0.276, Confidence: 0.304
INFO 2025-09-19 14:26:46,092 face_recognition_service 32737 139895075472960 Image: John Doe - Incident Photo, Similarity: 0.072, Confidence: 0.045
INFO 2025-09-19 14:26:46,092 face_recognition_service 32737 139895075472960 Image: Jane Smith - Different Person, Similarity: 0.515, Confidence: 0.553
INFO 2025-09-19 14:26:46,092 face_recognition_service 32737 139895075472960 Image: Unknown Person, Similarity: 0.156, Confidence: 0.188
INFO 2025-09-19 14:26:46,149 face_recognition_service 32737 139895075472960 Image: Wanted, Similarity: 0.168, Confidence: 0.205
INFO 2025-09-19 14:26:46,150 face_recognition_service 32737 139895075472960 Image: c, Similarity: 0.240, Confidence: 0.269
INFO 2025-09-19 14:26:46,151 face_recognition_service 32737 139895075472960 Image: r, Similarity: 0.060, Confidence: 0.043
INFO 2025-09-19 14:26:46,151 face_recognition_service 32737 139895075472960 Image: r, Similarity: 0.880, Confidence: 0.888
INFO 2025-09-19 14:26:46,151 face_recognition_service 32737 139895075472960 Image: ee, Similarity: 0.050, Confidence: 0.036
INFO 2025-09-19 14:26:46,151 face_recognition_service 32737 139895075472960 Image: e, Similarity: 0.090, Confidence: 0.063
INFO 2025-09-19 14:26:46,151 face_recognition_service 32737 139895075472960 Image: w, Similarity: 0.200, Confidence: 0.231
INFO 2025-09-19 14:26:46,152 face_recognition_service 32737 139895075472960 Image: w, Similarity: 0.090, Confidence: 0.087
INFO 2025-09-19 14:26:46,152 face_recognition_service 32737 139895075472960 Image: w, Similarity: 0.140, Confidence: 0.106
INFO 2025-09-19 14:26:46,152 face_recognition_service 32737 139895075472960 Image: w, Similarity: 0.210, Confidence: 0.181
INFO 2025-09-19 14:26:46,153 face_recognition_service 32737 139895075472960 Image: a, Similarity: 0.150, Confidence: 0.104
INFO 2025-09-19 14:26:46,154 face_recognition_service 32737 139895075472960 Image: Test Officer Upload, Similarity: 0.286, Confidence: 0.300
INFO 2025-09-19 14:26:46,155 face_recognition_service 32737 139895075472960 Image: ttt, Similarity: 0.080, Confidence: 0.047
INFO 2025-09-19 14:26:46,155 face_recognition_service 32737 139895075472960 Image: Wanted, Similarity: 0.168, Confidence: 0.153
INFO 2025-09-19 14:26:46,155 face_recognition_service 32737 139895075472960 Image: c, Similarity: 0.240, Confidence: 0.208
INFO 2025-09-19 14:26:46,155 face_recognition_service 32737 139895075472960 Image: r, Similarity: 0.060, Confidence: 0.104
INFO 2025-09-19 14:26:46,155 face_recognition_service 32737 139895075472960 Image: r, Similarity: 0.880, Confidence: 0.891
INFO 2025-09-19 14:26:46,156 face_recognition_service 32737 139895075472960 Image: ee, Similarity: 0.050, Confidence: 0.047
INFO 2025-09-19 14:26:46,156 face_recognition_service 32737 139895075472960 Image: e, Similarity: 0.090, Confidence: 0.139
INFO 2025-09-19 14:26:46,156 face_recognition_service 32737 139895075472960 Image: w, Similarity: 0.200, Confidence: 0.234
INFO 2025-09-19 14:26:46,156 face_recognition_service 32737 139895075472960 Image: w, Similarity: 0.090, Confidence: 0.062
INFO 2025-09-19 14:26:46,156 face_recognition_service 32737 139895075472960 Image: w, Similarity: 0.140, Confidence: 0.169
INFO 2025-09-19 14:26:46,156 face_recognition_service 32737 139895075472960 Image: w, Similarity: 0.210, Confidence: 0.202
INFO 2025-09-19 14:26:46,156 face_recognition_service 32737 139895075472960 Image: a, Similarity: 0.150, Confidence: 0.139
INFO 2025-09-19 14:26:46,156 face_recognition_service 32737 139895075472960 Image: Test Officer Upload, Similarity: 0.286, Confidence: 0.298
INFO 2025-09-19 14:26:46,157 face_recognition_service 32737 139895075472960 Image: ttt, Similarity: 0.080, Confidence: 0.078
INFO 2025-09-19 14:26:46,157 face_recognition_service 32737 139895075472960 Image: Wanted, Similarity: 0.168, Confidence: 0.184
INFO 2025-09-19 14:26:46,157 face_recognition_service 32737 139895075472960 Image: c, Similarity: 0.240, Confidence: 0.284
INFO 2025-09-19 14:26:46,157 face_recognition_service 32737 139895075472960 Image: r, Similarity: 0.060, Confidence: 0.082
INFO 2025-09-19 14:26:46,157 face_recognition_service 32737 139895075472960 Image: r, Similarity: 0.880, Confidence: 0.880
INFO 2025-09-19 14:26:46,157 face_recognition_service 32737 139895075472960 Image: ee, Similarity: 0.050, Confidence: 0.020
INFO 2025-09-19 14:26:46,157 face_recognition_service 32737 139895075472960 Image: e, Similarity: 0.090, Confidence: 0.096
INFO 2025-09-19 14:26:46,157 face_recognition_service 32737 139895075472960 Image: w, Similarity: 0.200, Confidence: 0.235
INFO 2025-09-19 14:26:46,158 face_recognition_service 32737 139895075472960 Image: w, Similarity: 0.090, Confidence: 0.112
INFO 2025-09-19 14:26:46,158 face_recognition_service 32737 139895075472960 Image: w, Similarity: 0.140, Confidence: 0.097
INFO 2025-09-19 14:26:46,158 face_recognition_service 32737 139895075472960 Image: w, Similarity: 0.210, Confidence: 0.201
INFO 2025-09-19 14:26:46,158 face_recognition_service 32737 139895075472960 Image: a, Similarity: 0.150, Confidence: 0.113
INFO 2025-09-19 14:26:46,158 face_recognition_service 32737 139895075472960 Image: Test Officer Upload, Similarity: 0.286, Confidence: 0.270
INFO 2025-09-19 14:26:46,158 face_recognition_service 32737 139895075472960 Image: ttt, Similarity: 0.080, Confidence: 0.032
INFO 2025-09-19 14:26:46,158 face_recognition_service 32737 139895075472960 Image: Wanted, Similarity: 0.168, Confidence: 0.175
INFO 2025-09-19 14:26:46,158 face_recognition_service 32737 139895075472960 Image: c, Similarity: 0.240, Confidence: 0.249
INFO 2025-09-19 14:26:46,159 face_recognition_service 32737 139895075472960 Image: r, Similarity: 0.060, Confidence: 0.093
INFO 2025-09-19 14:26:46,159 face_recognition_service 32737 139895075472960 Image: r, Similarity: 0.880, Confidence: 0.881
INFO 2025-09-19 14:26:46,159 face_recognition_service 32737 139895075472960 Image: ee, Similarity: 0.050, Confidence: 0.041
INFO 2025-09-19 14:26:46,159 face_recognition_service 32737 139895075472960 Image: e, Similarity: 0.090, Confidence: 0.087
INFO 2025-09-19 14:26:46,159 face_recognition_service 32737 139895075472960 Image: w, Similarity: 0.200, Confidence: 0.245
INFO 2025-09-19 14:26:46,159 face_recognition_service 32737 139895075472960 Image: w, Similarity: 0.090, Confidence: 0.105
INFO 2025-09-19 14:26:46,159 face_recognition_service 32737 139895075472960 Image: w, Similarity: 0.140, Confidence: 0.099
INFO 2025-09-19 14:26:46,159 face_recognition_service 32737 139895075472960 Image: w, Similarity: 0.210, Confidence: 0.245
INFO 2025-09-19 14:26:46,160 face_recognition_service 32737 139895075472960 Image: a, Similarity: 0.150, Confidence: 0.169
INFO 2025-09-19 14:26:46,160 face_recognition_service 32737 139895075472960 Image: Test Officer Upload, Similarity: 0.286, Confidence: 0.322
INFO 2025-09-19 14:26:46,160 face_recognition_service 32737 139895075472960 Image: ttt, Similarity: 0.080, Confidence: 0.086
INFO 2025-09-19 14:26:46,160 face_recognition_service 32737 139895075472960 Image: Wanted, Similarity: 0.168, Confidence: 0.160
INFO 2025-09-19 14:26:46,160 face_recognition_service 32737 139895075472960 Image: c, Similarity: 0.240, Confidence: 0.251
INFO 2025-09-19 14:26:46,160 face_recognition_service 32737 139895075472960 Image: r, Similarity: 0.060, Confidence: 0.082
INFO 2025-09-19 14:26:46,161 face_recognition_service 32737 139895075472960 Image: r, Similarity: 0.880, Confidence: 0.865
INFO 2025-09-19 14:26:46,161 face_recognition_service 32737 139895075472960 Image: ee, Similarity: 0.050, Confidence: 0.063
INFO 2025-09-19 14:26:46,162 face_recognition_service 32737 139895075472960 Image: e, Similarity: 0.090, Confidence: 0.106
INFO 2025-09-19 14:26:46,162 face_recognition_service 32737 139895075472960 Image: w, Similarity: 0.200, Confidence: 0.236
INFO 2025-09-19 14:26:46,162 face_recognition_service 32737 139895075472960 Image: w, Similarity: 0.090, Confidence: 0.066
INFO 2025-09-19 14:26:46,163 face_recognition_service 32737 139895075472960 Image: w, Similarity: 0.140, Confidence: 0.156
INFO 2025-09-19 14:26:46,163 face_recognition_service 32737 139895075472960 Image: w, Similarity: 0.210, Confidence: 0.216
INFO 2025-09-19 14:26:46,163 face_recognition_service 32737 139895075472960 Image: a, Similarity: 0.150, Confidence: 0.124
INFO 2025-09-19 14:26:46,163 face_recognition_service 32737 139895075472960 Image: Test Officer Upload, Similarity: 0.286, Confidence: 0.273
INFO 2025-09-19 14:26:46,163 face_recognition_service 32737 139895075472960 Image: ttt, Similarity: 0.080, Confidence: 0.053
INFO 2025-09-19 14:27:43,396 basehttp 33539 139846393603776 "GET / HTTP/1.1" 302 0
INFO 2025-09-19 14:27:43,441 basehttp 33539 139846393603776 "GET /api/login-page/ HTTP/1.1" 200 7896
INFO 2025-09-19 14:27:59,314 basehttp 33539 139846393603776 "POST /api/token/ HTTP/1.1" 200 491
INFO 2025-09-19 14:27:59,340 basehttp 33539 139846393603776 "GET /api/profile/ HTTP/1.1" 200 473
INFO 2025-09-19 14:28:00,933 basehttp 33539 139846393603776 "GET /api/officer-dashboard/ HTTP/1.1" 200 31661
INFO 2025-09-19 14:28:04,814 basehttp 33539 139846393603776 "GET /api/face-recognition/ HTTP/1.1" 200 18327
INFO 2025-09-19 14:28:04,910 basehttp 33539 139846393603776 "GET /static/core/js/app.js HTTP/1.1" 200 46766
INFO 2025-09-19 14:28:14,334 face_recognition_service 33539 139846393603776 Mock face detection initialized
INFO 2025-09-19 14:28:14,335 face_recognition_service 33539 139846393603776 Image: Wanted, Similarity: 0.060, Confidence: 0.102
INFO 2025-09-19 14:28:14,335 face_recognition_service 33539 139846393603776 Image: w, Similarity: 0.210, Confidence: 0.233
INFO 2025-09-19 14:28:14,336 face_recognition_service 33539 139846393603776 Image: a, Similarity: 0.180, Confidence: 0.219
INFO 2025-09-19 14:28:14,336 face_recognition_service 33539 139846393603776 Image: Test Officer Upload, Similarity: 0.078, Confidence: 0.139
INFO 2025-09-19 14:28:14,337 face_recognition_service 33539 139846393603776 Image: ttt, Similarity: 0.240, Confidence: 0.234
INFO 2025-09-19 14:28:14,338 basehttp 33539 139846393603776 "POST /api/recognize/ HTTP/1.1" 200 5066
INFO 2025-09-19 14:28:22,257 face_recognition_service 34206 139729502549568 Mock face detection initialized
INFO 2025-09-19 14:28:22,258 face_recognition_service 34206 139729502549568 Image: John Doe - Person of Interest, Similarity: 0.343, Confidence: 0.348
INFO 2025-09-19 14:28:22,258 face_recognition_service 34206 139729502549568 Image: John Doe - Surveillance, Similarity: 0.108, Confidence: 0.064
INFO 2025-09-19 14:28:22,259 face_recognition_service 34206 139729502549568 Image: John Doe - Incident Photo, Similarity: 0.144, Confidence: 0.105
INFO 2025-09-19 14:28:22,259 face_recognition_service 34206 139729502549568 Image: Jane Smith - Different Person, Similarity: 0.187, Confidence: 0.243
INFO 2025-09-19 14:28:22,259 face_recognition_service 34206 139729502549568 Image: Unknown Person, Similarity: 0.288, Confidence: 0.251
INFO 2025-09-19 14:28:22,335 face_recognition_service 34206 139729502549568 Image: Wanted, Similarity: 0.132, Confidence: 0.114
INFO 2025-09-19 14:28:22,335 face_recognition_service 34206 139729502549568 Image: c, Similarity: 0.050, Confidence: 0.089
INFO 2025-09-19 14:28:22,335 face_recognition_service 34206 139729502549568 Image: r, Similarity: 0.170, Confidence: 0.149
INFO 2025-09-19 14:28:22,336 face_recognition_service 34206 139729502549568 Image: r, Similarity: 0.110, Confidence: 0.096
INFO 2025-09-19 14:28:22,336 face_recognition_service 34206 139729502549568 Image: ee, Similarity: 0.060, Confidence: 0.037
INFO 2025-09-19 14:28:22,336 face_recognition_service 34206 139729502549568 Image: e, Similarity: 0.070, Confidence: 0.100
INFO 2025-09-19 14:28:22,336 face_recognition_service 34206 139729502549568 Image: w, Similarity: 0.130, Confidence: 0.129
INFO 2025-09-19 14:28:22,336 face_recognition_service 34206 139729502549568 Image: w, Similarity: 0.050, Confidence: 0.090
INFO 2025-09-19 14:28:22,336 face_recognition_service 34206 139729502549568 Image: w, Similarity: 0.220, Confidence: 0.209
INFO 2025-09-19 14:28:22,337 face_recognition_service 34206 139729502549568 Image: w, Similarity: 0.240, Confidence: 0.219
INFO 2025-09-19 14:28:22,337 face_recognition_service 34206 139729502549568 Image: a, Similarity: 0.070, Confidence: 0.048
INFO 2025-09-19 14:28:22,337 face_recognition_service 34206 139729502549568 Image: Test Officer Upload, Similarity: 0.416, Confidence: 0.486
INFO 2025-09-19 14:28:22,337 face_recognition_service 34206 139729502549568 Image: ttt, Similarity: 0.080, Confidence: 0.035
INFO 2025-09-19 14:28:33,059 basehttp 33539 139846393603776 "GET /api/officer-dashboard/ HTTP/1.1" 200 31661
INFO 2025-09-19 14:28:36,237 basehttp 33539 139846393603776 "GET / HTTP/1.1" 302 0
INFO 2025-09-19 14:28:36,260 basehttp 33539 139846393603776 "GET /api/login-page/ HTTP/1.1" 200 7896
INFO 2025-09-19 14:28:57,704 basehttp 33539 139846393603776 "POST /api/token/ HTTP/1.1" 200 491
INFO 2025-09-19 14:28:57,719 basehttp 33539 139846393603776 "GET /api/profile/ HTTP/1.1" 200 479
INFO 2025-09-19 14:28:59,296 basehttp 33539 139846393603776 "GET /api/admin-dashboard/ HTTP/1.1" 200 63402
INFO 2025-09-19 14:29:02,836 basehttp 33539 139846393603776 "GET /api/image-management/ HTTP/1.1" 200 16705
INFO 2025-09-19 14:29:03,003 basehttp 33539 139846393603776 "GET /api/images/?page=1&page_size=12 HTTP/1.1" 200 5211
INFO 2025-09-19 14:29:03,091 basehttp 33539 139846393603776 "GET /media/uploads/images/2025/09/19/_DSC0061.JPG HTTP/1.1" 304 0
INFO 2025-09-19 14:29:03,243 basehttp 33539 139846282639040 "GET /api/images/ HTTP/1.1" 200 5211
INFO 2025-09-19 14:29:30,245 basehttp 33539 139846393603776 "DELETE /api/images/d74f9eeb-5c78-4c01-b6f1-910ab7467fcb/ HTTP/1.1" 204 0
INFO 2025-09-19 14:29:30,298 basehttp 33539 139846265853632 "DELETE /api/images/1163f37d-2bf8-4ed5-b4f2-2376cc72ae34/ HTTP/1.1" 204 0
INFO 2025-09-19 14:29:30,342 basehttp 33539 139846282639040 "DELETE /api/images/7f32c95a-35f9-430e-8672-249c90bc5e93/ HTTP/1.1" 204 0
INFO 2025-09-19 14:29:30,398 basehttp 33539 139846274246336 "DELETE /api/images/9e11f015-189f-4f80-876f-b40a30904f21/ HTTP/1.1" 204 0
INFO 2025-09-19 14:29:30,483 basehttp 33539 139846282639040 "GET /api/images/ HTTP/1.1" 200 3906
INFO 2025-09-19 14:29:30,491 basehttp 33539 139846274246336 "GET /api/images/?page=1&page_size=12 HTTP/1.1" 200 3906
INFO 2025-09-19 14:29:43,791 basehttp 35342 139782081476288 "GET /api/image-management/ HTTP/1.1" 200 16705
INFO 2025-09-19 14:29:43,818 basehttp 35342 139782081476288 "GET /static/core/css/dashboard-styles.css HTTP/1.1" 200 61825
INFO 2025-09-19 14:29:43,823 basehttp 35342 139782073083584 "GET /static/core/js/image-management.js HTTP/1.1" 200 16789
INFO 2025-09-19 14:29:46,009 basehttp 35342 139782073083584 "GET /api/images/ HTTP/1.1" 200 3906
INFO 2025-09-19 14:29:46,010 basehttp 35342 139782081476288 "GET /api/images/?page=1&page_size=12 HTTP/1.1" 200 3906
INFO 2025-09-19 14:29:46,038 basehttp 35342 139782081476288 "GET /media/uploads/images/2025/09/19/_DSC0061.JPG HTTP/1.1" 200 180518
INFO 2025-09-19 14:29:46,041 basehttp 35342 139782073083584 "GET /media/uploads/images/2025/09/19/RUID675d58be7de949fa9c7822a93f991d09.jpg HTTP/1.1" 200 115470
INFO 2025-09-19 14:29:46,081 basehttp 35342 139782073083584 "GET /media/uploads/images/2025/09/19/test_image.jpg HTTP/1.1" 200 825
INFO 2025-09-19 14:29:46,090 basehttp 35342 139781971367616 "GET /media/uploads/images/2025/09/19/RUID9efae9dde35e4be1877ac90dc6646ae7.jpg HTTP/1.1" 200 169881
INFO 2025-09-19 14:29:46,093 basehttp 35342 139782081476288 "GET /media/uploads/images/2025/09/19/RUIDffaec4affa424babbb65b8812450e7e6.jpg HTTP/1.1" 200 162606
INFO 2025-09-19 14:29:46,096 basehttp 35342 139781988153024 "GET /media/uploads/images/2025/09/19/RUID7cfb20ae9cd5440fb5c84880b922eb00.jpg HTTP/1.1" 200 129572
INFO 2025-09-19 14:29:46,108 basehttp 35342 139781979760320 "GET /media/uploads/images/2025/09/19/RUID07dd87ef3ff24023bf378ab17ed51692.jpg HTTP/1.1" 200 212565
INFO 2025-09-19 14:29:46,104 basehttp 35342 139781962974912 "GET /media/uploads/images/2025/09/19/RUID9e8e16cc0628400688bfb9a7d8dd86ac.jpg HTTP/1.1" 200 70690
INFO 2025-09-19 14:29:46,200 basehttp 35342 139781988153024 "GET /media/uploads/images/2025/09/16/Untitled.jpeg HTTP/1.1" 200 191336
WARNING 2025-09-19 14:29:46,542 log 35342 139781988153024 Not Found: /favicon.ico
WARNING 2025-09-19 14:29:46,543 basehttp 35342 139781988153024 "GET /favicon.ico HTTP/1.1" 404 3000
INFO 2025-09-19 14:29:48,524 basehttp 35342 139781988153024 "GET /api/face-recognition/ HTTP/1.1" 200 18327
INFO 2025-09-19 14:29:48,560 basehttp 35342 139781988153024 "GET /static/core/js/app.js HTTP/1.1" 200 46766
WARNING 2025-09-19 14:29:49,039 log 35342 139781988153024 Not Found: /favicon.ico
WARNING 2025-09-19 14:29:49,042 basehttp 35342 139781988153024 "GET /favicon.ico HTTP/1.1" 404 3000
INFO 2025-09-19 14:29:59,229 face_recognition_service 35342 139781988153024 Mock face detection initialized
INFO 2025-09-19 14:29:59,229 face_recognition_service 35342 139781988153024 Image: Wanted, Similarity: 0.204, Confidence: 0.222
INFO 2025-09-19 14:29:59,229 face_recognition_service 35342 139781988153024 Image: a, Similarity: 0.080, Confidence: 0.030
INFO 2025-09-19 14:29:59,229 face_recognition_service 35342 139781988153024 Image: Test Officer Upload, Similarity: 0.195, Confidence: 0.166
INFO 2025-09-19 14:29:59,230 face_recognition_service 35342 139781988153024 Image: ttt, Similarity: 0.170, Confidence: 0.213
INFO 2025-09-19 14:29:59,231 basehttp 35342 139781988153024 "POST /api/recognize/ HTTP/1.1" 200 3004
INFO 2025-09-19 14:30:05,328 basehttp 35342 139781988153024 "GET /api/officer-dashboard/ HTTP/1.1" 200 31661
INFO 2025-09-19 14:38:56,165 basehttp 35342 139781971367616 "GET /api/admin-dashboard/ HTTP/1.1" 200 63402
INFO 2025-09-19 14:39:03,000 basehttp 35342 139781971367616 "GET /api/login-page/ HTTP/1.1" 200 7896
INFO 2025-09-19 14:39:03,050 basehttp 35342 139781971367616 "GET /static/core/js/login.js?v=4.0 HTTP/1.1" 304 0
WARNING 2025-09-19 14:39:59,818 log 35342 139781971367616 Unauthorized: /api/token/
WARNING 2025-09-19 14:39:59,818 basehttp 35342 139781971367616 "POST /api/token/ HTTP/1.1" 401 63
WARNING 2025-09-19 14:40:18,443 log 35342 139781971367616 Unauthorized: /api/token/
WARNING 2025-09-19 14:40:18,444 basehttp 35342 139781971367616 "POST /api/token/ HTTP/1.1" 401 63
INFO 2025-09-19 14:40:49,984 basehttp 35342 139781971367616 "POST /api/token/ HTTP/1.1" 200 491
INFO 2025-09-19 14:40:50,003 basehttp 35342 139781971367616 "GET /api/profile/ HTTP/1.1" 200 479
INFO 2025-09-19 14:40:51,578 basehttp 35342 139781971367616 "GET /api/admin-dashboard/ HTTP/1.1" 200 63402
INFO 2025-09-19 14:42:00,464 basehttp 35342 139781971367616 "GET /admin/ HTTP/1.1" 302 0
INFO 2025-09-19 14:42:00,526 basehttp 35342 139781971367616 "GET /admin/login/?next=/admin/ HTTP/1.1" 200 4181
INFO 2025-09-19 14:42:00,610 basehttp 35342 139782081476288 "GET /static/admin/css/login.css HTTP/1.1" 200 958
INFO 2025-09-19 14:42:00,612 basehttp 35342 139781656803008 "GET /static/admin/js/theme.js HTTP/1.1" 200 1943
INFO 2025-09-19 14:42:00,616 basehttp 35342 139781962974912 "GET /static/admin/css/nav_sidebar.css HTTP/1.1" 200 2694
INFO 2025-09-19 14:42:00,617 basehttp 35342 139781971367616 "GET /static/admin/css/base.css HTTP/1.1" 200 21310
INFO 2025-09-19 14:42:00,618 basehttp 35342 139781979760320 "GET /static/admin/css/responsive.css HTTP/1.1" 200 18559
INFO 2025-09-19 14:42:00,619 basehttp 35342 139781988153024 "GET /static/admin/css/dark_mode.css HTTP/1.1" 200 2929
INFO 2025-09-19 14:42:00,643 basehttp 35342 139781656803008 "GET /static/admin/js/nav_sidebar.js HTTP/1.1" 200 3063
INFO 2025-09-19 14:42:07,345 basehttp 35342 139781656803008 "GET /api/image-upload/ HTTP/1.1" 200 19865
INFO 2025-09-19 14:42:07,577 basehttp 35342 139781656803008 "GET /api/images/?page=1&page_size=12 HTTP/1.1" 200 3906
INFO 2025-09-19 14:42:07,584 basehttp 35342 139781656803008 "GET /media/uploads/images/2025/09/19/_DSC0061.JPG HTTP/1.1" 304 0
INFO 2025-09-19 14:43:26,046 basehttp 35342 139781656803008 "GET /api/admin-dashboard/ HTTP/1.1" 200 63402
INFO 2025-09-19 14:43:31,297 basehttp 35342 139781656803008 "GET /api/login-page/ HTTP/1.1" 200 7896
WARNING 2025-09-19 14:44:13,680 log 35342 139781656803008 Unauthorized: /api/token/
WARNING 2025-09-19 14:44:13,681 basehttp 35342 139781656803008 "POST /api/token/ HTTP/1.1" 401 63
INFO 2025-09-19 14:44:27,461 basehttp 35342 139781656803008 "POST /api/token/ HTTP/1.1" 200 491
INFO 2025-09-19 14:44:27,475 basehttp 35342 139781656803008 "GET /api/profile/ HTTP/1.1" 200 473
INFO 2025-09-19 14:44:29,049 basehttp 35342 139781656803008 "GET /api/officer-dashboard/ HTTP/1.1" 200 31661
INFO 2025-09-19 14:44:34,401 basehttp 35342 139781656803008 "GET /api/face-recognition/ HTTP/1.1" 200 18327
INFO 2025-09-19 14:44:34,476 basehttp 35342 139781656803008 "GET /static/core/js/app.js HTTP/1.1" 304 0
INFO 2025-09-19 14:45:24,295 face_recognition_service 35342 139781656803008 Image: Wanted, Similarity: 0.204, Confidence: 0.201
INFO 2025-09-19 14:45:24,296 face_recognition_service 35342 139781656803008 Image: a, Similarity: 0.080, Confidence: 0.081
INFO 2025-09-19 14:45:24,296 face_recognition_service 35342 139781656803008 Image: Test Officer Upload, Similarity: 0.195, Confidence: 0.242
INFO 2025-09-19 14:45:24,296 face_recognition_service 35342 139781656803008 Image: ttt, Similarity: 0.170, Confidence: 0.169
INFO 2025-09-19 14:45:24,299 basehttp 35342 139781656803008 "POST /api/recognize/ HTTP/1.1" 200 3131
INFO 2025-09-19 14:45:55,292 face_recognition_service 35342 139781656803008 Image: Wanted, Similarity: 0.204, Confidence: 0.182
INFO 2025-09-19 14:45:55,292 face_recognition_service 35342 139781656803008 Image: a, Similarity: 0.080, Confidence: 0.127
INFO 2025-09-19 14:45:55,292 face_recognition_service 35342 139781656803008 Image: Test Officer Upload, Similarity: 0.195, Confidence: 0.193
INFO 2025-09-19 14:45:55,292 face_recognition_service 35342 139781656803008 Image: ttt, Similarity: 0.170, Confidence: 0.219
INFO 2025-09-19 14:45:55,294 basehttp 35342 139781656803008 "POST /api/recognize/ HTTP/1.1" 200 2981
INFO 2025-09-19 14:46:18,082 face_recognition_service 35342 139781971367616 Image: Wanted, Similarity: 0.204, Confidence: 0.178
INFO 2025-09-19 14:46:18,083 face_recognition_service 35342 139781971367616 Image: a, Similarity: 0.080, Confidence: 0.111
INFO 2025-09-19 14:46:18,084 face_recognition_service 35342 139781971367616 Image: Test Officer Upload, Similarity: 0.195, Confidence: 0.196
INFO 2025-09-19 14:46:18,084 face_recognition_service 35342 139781971367616 Image: ttt, Similarity: 0.170, Confidence: 0.156
INFO 2025-09-19 14:46:18,086 basehttp 35342 139781971367616 "POST /api/recognize/ HTTP/1.1" 200 3132
INFO 2025-09-19 14:46:41,872 face_recognition_service 35342 139781971367616 Image: Wanted, Similarity: 0.204, Confidence: 0.169
INFO 2025-09-19 14:46:41,873 face_recognition_service 35342 139781971367616 Image: a, Similarity: 0.080, Confidence: 0.053
INFO 2025-09-19 14:46:41,874 face_recognition_service 35342 139781971367616 Image: Test Officer Upload, Similarity: 0.195, Confidence: 0.254
INFO 2025-09-19 14:46:41,874 face_recognition_service 35342 139781971367616 Image: ttt, Similarity: 0.170, Confidence: 0.163
INFO 2025-09-19 14:46:41,877 basehttp 35342 139781971367616 "POST /api/recognize/ HTTP/1.1" 200 3134
INFO 2025-09-19 14:46:48,904 face_recognition_service 35342 139781971367616 Image: Wanted, Similarity: 0.204, Confidence: 0.209
INFO 2025-09-19 14:46:48,904 face_recognition_service 35342 139781971367616 Image: a, Similarity: 0.080, Confidence: 0.081
INFO 2025-09-19 14:46:48,904 face_recognition_service 35342 139781971367616 Image: Test Officer Upload, Similarity: 0.195, Confidence: 0.246
INFO 2025-09-19 14:46:48,905 face_recognition_service 35342 139781971367616 Image: ttt, Similarity: 0.170, Confidence: 0.130
INFO 2025-09-19 14:46:48,906 basehttp 35342 139781971367616 "POST /api/recognize/ HTTP/1.1" 200 3130
INFO 2025-09-19 14:47:25,603 face_recognition_service 35342 139781971367616 Image: Wanted, Similarity: 0.204, Confidence: 0.160
INFO 2025-09-19 14:47:25,604 face_recognition_service 35342 139781971367616 Image: a, Similarity: 0.080, Confidence: 0.039
INFO 2025-09-19 14:47:25,604 face_recognition_service 35342 139781971367616 Image: Test Officer Upload, Similarity: 0.195, Confidence: 0.220
INFO 2025-09-19 14:47:25,604 face_recognition_service 35342 139781971367616 Image: ttt, Similarity: 0.170, Confidence: 0.182
INFO 2025-09-19 14:47:25,606 basehttp 35342 139781971367616 "POST /api/recognize/ HTTP/1.1" 200 3125
INFO 2025-09-19 14:48:29,803 face_recognition_service 35342 139781971367616 Image: Wanted, Similarity: 0.204, Confidence: 0.201
INFO 2025-09-19 14:48:29,803 face_recognition_service 35342 139781971367616 Image: a, Similarity: 0.080, Confidence: 0.031
INFO 2025-09-19 14:48:29,804 face_recognition_service 35342 139781971367616 Image: Test Officer Upload, Similarity: 0.195, Confidence: 0.206
INFO 2025-09-19 14:48:29,804 face_recognition_service 35342 139781971367616 Image: ttt, Similarity: 0.170, Confidence: 0.201
INFO 2025-09-19 14:48:29,805 basehttp 35342 139781971367616 "POST /api/recognize/ HTTP/1.1" 200 3135
INFO 2025-09-19 14:48:54,192 basehttp 35342 139781971367616 "GET /api/officer-dashboard/ HTTP/1.1" 200 31661
INFO 2025-09-19 14:49:17,255 basehttp 35342 139781971367616 "GET /api/image-upload/ HTTP/1.1" 200 19865
INFO 2025-09-19 14:49:17,485 basehttp 35342 139781971367616 "GET /api/images/?page=1&page_size=12 HTTP/1.1" 200 3087
INFO 2025-09-19 14:49:32,438 basehttp 35342 139781971367616 "GET /api/image-upload/ HTTP/1.1" 200 19865
INFO 2025-09-19 14:49:32,666 basehttp 35342 139781971367616 "GET /api/images/?page=1&page_size=12 HTTP/1.1" 200 3087
INFO 2025-09-19 14:50:23,404 basehttp 35342 139781971367616 "GET /api/images/?page=1&page_size=12 HTTP/1.1" 200 3087
INFO 2025-09-19 14:50:35,049 basehttp 35342 139781971367616 "GET /api/images/?page=1&page_size=12&image_type=surveillance HTTP/1.1" 200 64
INFO 2025-09-23 14:32:57,155 basehttp 12057 140016293508800 "GET / HTTP/1.1" 302 0
INFO 2025-09-23 14:32:57,251 basehttp 12057 140016293508800 "GET /api/login-page/ HTTP/1.1" 200 7896
INFO 2025-09-23 14:32:58,013 basehttp 12057 140016293508800 "GET /static/core/css/login-styles.css HTTP/1.1" 304 0
INFO 2025-09-23 14:32:58,013 basehttp 12057 140016285116096 "GET /static/core/js/login.js?v=4.0 HTTP/1.1" 304 0
WARNING 2025-09-23 14:32:59,027 log 12057 140016285116096 Not Found: /favicon.ico
WARNING 2025-09-23 14:32:59,030 basehttp 12057 140016285116096 "GET /favicon.ico HTTP/1.1" 404 3000
INFO 2025-09-23 14:33:32,936 basehttp 12057 140016202282688 "POST /api/token/ HTTP/1.1" 200 491
INFO 2025-09-23 14:33:32,959 basehttp 12057 140016202282688 "GET /api/profile/ HTTP/1.1" 200 473
INFO 2025-09-23 14:33:34,549 basehttp 12057 140016202282688 "GET /api/officer-dashboard/ HTTP/1.1" 200 31661
INFO 2025-09-23 14:33:34,648 basehttp 12057 140016202282688 "GET /static/core/css/dashboard-styles.css HTTP/1.1" 304 0
INFO 2025-09-23 14:33:34,652 basehttp 12057 140016293508800 "GET /static/core/js/dashboard.js HTTP/1.1" 304 0
INFO 2025-09-23 14:49:19,653 basehttp 12057 140016202282688 "GET / HTTP/1.1" 302 0
INFO 2025-09-23 14:49:19,658 basehttp 12057 140016202282688 "GET /api/login-page/ HTTP/1.1" 200 7896
WARNING 2025-09-23 14:49:20,013 log 12057 140016202282688 Not Found: /favicon.ico
WARNING 2025-09-23 14:49:20,014 basehttp 12057 140016202282688 "GET /favicon.ico HTTP/1.1" 404 3000
